r,n,n_sym_mean,n_sym_sem,excess3_mean,excess3_sem,syn_mean,syn_sem,surp_mean,surp_sem,n_unique_mean,n_unique_sem,highL3_mean,highL3_sem,legacy_excess3_mean,legacy_excess3_sem,legacy_syn_mean,legacy_syn_sem,archive_excess3_mean,archive_excess3_sem,legacy_gap_mean,legacy_gap_sem,archive_full_res_mean,archive_full_res_sem,archive_surp_mean,archive_surp_sem,w6_stride_mean,w6_stride_sem,w6_excess3_mean,w6_excess3_sem,w6_syn_mean,w6_syn_sem,w6_surp_mean,w6_surp_sem,w6_n_unique_mean,w6_n_unique_sem,w8_stride_mean,w8_stride_sem,w8_excess3_mean,w8_excess3_sem,w8_syn_mean,w8_syn_sem,w8_surp_mean,w8_surp_sem,w8_n_unique_mean,w8_n_unique_sem,w10_stride_mean,w10_stride_sem,w10_excess3_mean,w10_excess3_sem,w10_syn_mean,w10_syn_sem,w10_surp_mean,w10_surp_sem,w10_n_unique_mean,w10_n_unique_sem,w13_stride_mean,w13_stride_sem,w13_excess3_mean,w13_excess3_sem,w13_syn_mean,w13_syn_sem,w13_surp_mean,w13_surp_sem,w13_n_unique_mean,w13_n_unique_sem,w20_stride_mean,w20_stride_sem,w20_excess3_mean,w20_excess3_sem,w20_syn_mean,w20_syn_sem,w20_surp_mean,w20_surp_sem,w20_n_unique_mean,w20_n_unique_sem,w26_stride_mean,w26_stride_sem,w26_excess3_mean,w26_excess3_sem,w26_syn_mean,w26_syn_sem,w26_surp_mean,w26_surp_sem,w26_n_unique_mean,w26_n_unique_sem,w40_stride_mean,w40_stride_sem,w40_excess3_mean,w40_excess3_sem,w40_syn_mean,w40_syn_sem,w40_surp_mean,w40_surp_sem,w40_n_unique_mean,w40_n_unique_sem,w52_stride_mean,w52_stride_sem,w52_excess3_mean,w52_excess3_sem,w52_syn_mean,w52_syn_sem,w52_surp_mean,w52_surp_sem,w52_n_unique_mean,w52_n_unique_sem,w78_stride_mean,w78_stride_sem,w78_excess3_mean,w78_excess3_sem,w78_syn_mean,w78_syn_sem,w78_surp_mean,w78_surp_sem,w78_n_unique_mean,w78_n_unique_sem,w104_stride_mean,w104_stride_sem,w104_excess3_mean,w104_excess3_sem,w104_syn_mean,w104_syn_sem,w104_surp_mean,w104_surp_sem,w104_n_unique_mean,w104_n_unique_sem,w156_stride_mean,w156_stride_sem,w156_excess3_mean,w156_excess3_sem,w156_syn_mean,w156_syn_sem,w156_surp_mean,w156_surp_sem,w156_n_unique_mean,w156_n_unique_sem,w208_stride_mean,w208_stride_sem,w208_excess3_mean,w208_excess3_sem,w208_syn_mean,w208_syn_sem,w208_surp_mean,w208_surp_sem,w208_n_unique_mean,w208_n_unique_sem,w312_stride_mean,w312_stride_sem,w312_excess3_mean,w312_excess3_sem,w312_syn_mean,w312_syn_sem,w312_surp_mean,w312_surp_sem,w312_n_unique_mean,w312_n_unique_sem,full_excess3_mean,full_excess3_sem,full_syn_mean,full_syn_sem,full_surp_mean,full_surp_sem,full_n_unique_mean,full_n_unique_sem
3.1,6,2198.0,0.0,2.1737279200122175,0.002246322166498566,0.7808563497628628,0.00208503066228412,4.263035275386251,0.00287021996716755,11.416971637694418,0.018269552806618322,0.9958828911253432,0.0009668110694813824,1.7365248537301199,0.0010035450019950517,0.052184572626033654,0.0006082803812311781,1.7365248537301199,0.0010035450019950517,0.0,0.0,0.003845470519810504,0.0012048566494001478,4.263035275386251,0.00287021996716755,14.0,0.0,2.1801161050441342,0.01188815227996404,0.5683045417026795,0.00921378200582494,4.597833450056316,0.02095382225352219,5.77388535031847,0.01944153834938665,14.0,0.0,2.253502998067401,0.007087365567080664,0.708265933867943,0.006094167343365799,4.571358594366589,0.0116105011328908,7.523354564755839,0.009924412647575645,14.0,0.0,2.2453806295255734,0.00521892477764311,0.7731010454353795,0.00592362843457811,4.453800005660862,0.006668777374323661,9.196390658174098,0.019137745623481913,1.0,0.0,2.1737279200122175,0.002246322166498566,0.7808563497628628,0.00208503066228412,4.263035275386251,0.00287021996716755,11.416971637694418,0.018269552806618322,14.0,0.0,1.9898377521908053,0.005380403490223828,0.678189162533588,0.00504959498488001,3.957310636676631,0.006457625899113301,15.884615384615387,0.0549689610183133,14.0,0.0,1.849321213761195,0.0036756138840378255,0.5689767530349975,0.0030187504083099906,3.7698379048504904,0.004884404486489296,18.938034188034187,0.07015579127941024,14.0,0.0,1.635502739147566,0.0033860371891237867,0.38589732297885887,0.0029355878044967495,3.5099108634006266,0.004301306031969021,23.97204301075269,0.07569159299783065,14.0,0.0,1.5295284660708968,0.003020259905626465,0.2920502392537335,0.002814200501342115,3.3857458062966423,0.0034440569474737228,26.705627705627705,0.07334437223017516,14.0,0.0,1.4079511503507722,0.0022106905212622516,0.1833698639665716,0.0020826252678367626,3.244823079927073,0.002517601752825171,29.856359649122805,0.061421128424413766,14.0,0.0,1.3488222942344281,0.0017668943829656477,0.13070699609640338,0.0015402916945772306,3.175995241441465,0.002214382281910767,31.14222222222222,0.0470985308150718,13.0,0.0,1.2957015189014098,0.001767331666918211,0.08351617053264439,0.0015549829468535202,3.113979541454558,0.0021415405210953834,31.856540084388186,0.024603172552089544,13.0,0.0,1.2707621429607756,0.001861136894851977,0.06163069631672055,0.0017240255113263388,3.084459312926858,0.0021039011722381587,31.975108225108226,0.011299033018301433,12.0,0.0,1.2470490269141068,0.001837766316386874,0.04096917409140308,0.0016794467339082805,3.0561688061481624,0.002094087031540265,32.0,0.0,1.2072747678170874,0.0012338890075989598,0.0063038818754163435,0.0012050712472388941,3.008731096729594,0.001305788199705029,32.0,0.0
3.2,6,2198.0,0.0,2.2100960066806423,0.0039902770750523285,0.801339962926335,0.003758471827011836,4.3232300723121035,0.004895542505528146,11.366727660872217,0.02559050401124618,0.9987801158889905,0.00028116939485492014,1.754128979597825,0.0019892221566500134,0.04139491778830611,0.0004395473787229454,1.754128979597825,0.0019892221566500134,0.0,0.0,0.0028374021568609836,0.00040567781768629943,4.3232300723121035,0.004895542505528146,14.0,0.0,2.285209842031907,0.005336872346490051,0.6092178588414635,0.0044273025216353965,4.799197816817572,0.009919962171301484,5.802547770700637,0.013954714840896004,14.0,0.0,2.3367261093436267,0.005228162827410228,0.7594795576442529,0.005804317822764495,4.702595936892688,0.004648526840934062,7.530785562632698,0.019435740961946255,14.0,0.0,2.3131042110304416,0.005251268477979559,0.8154287762594553,0.007041610857784727,4.559617363186923,0.004283452286000606,9.101910828025478,0.030767254238194184,1.0,0.0,2.2100960066806423,0.0039902770750523285,0.801339962926335,0.003758471827011836,4.3232300723121035,0.004895542505528146,11.366727660872217,0.02559050401124618,14.0,0.0,2.0133526685834013,0.0036389116864579706,0.6904998186748266,0.0035870568070000175,3.9976319434462635,0.004594809522502004,15.752136752136751,0.033906425658387515,14.0,0.0,1.8670261257524166,0.0025059397281898153,0.5777446406473635,0.0031707905065521927,3.800948353409997,0.0018196584207903703,18.773504273504276,0.04476992914478002,14.0,0.0,1.6501706019816798,0.002753050216858774,0.3951765641265199,0.003239474974660351,3.53266165876442,0.0022257856739304233,23.743010752688168,0.06495371316360858,14.0,0.0,1.543184802310429,0.0032724249595673482,0.30158657699938646,0.003702580611213013,3.4055821402769926,0.0027059119341831432,26.4534632034632,0.088184538378223,14.0,0.0,1.4162485930248652,0.004351185950497397,0.1892122219976954,0.004499110734085369,3.2568031495656196,0.004199580432355958,29.67763157894737,0.11597124886475188,14.0,0.0,1.356087815530038,0.0047957114301906,0.13597994116003922,0.00475020144718638,3.1862496270850365,0.00491439030256414,31.015555555555554,0.1062445350809529,13.0,0.0,1.2994017637787179,0.0041455628549572875,0.08600015660838219,0.0039320209701883685,3.119504174534221,0.0044959269362142675,31.824894514767934,0.03700111606479989,13.0,0.0,1.272333178222075,0.002886151398017707,0.06246888893697868,0.0027616881103085375,3.08712961214972,0.003105535106640817,31.970779220779217,0.010702801138594181,12.0,0.0,1.2467426035874036,0.0016396142817087034,0.040295650542485885,0.0016323967569928097,3.0564130331547794,0.0016653381221415674,32.0,0.0,1.206232038879943,0.0007382872580197157,0.005257024623432398,0.0006193080371591617,3.0076945602647087,0.0009298564499439686,32.0,0.0
3.3,6,2198.0,0.0,2.2100692276985408,0.0022471560623833695,0.7973646659538122,0.005100215871647884,4.329126070315634,0.012014033939487993,11.391735285147911,0.04813443822776476,0.9996187862153096,0.0001836168737235777,1.7575093921516853,0.003921362966159427,0.04309827337572034,0.0016321298444148678,1.7575093921516853,0.003921362966159427,0.0,0.0,0.0023840335651438634,0.00038401513615232073,4.329126070315634,0.012014033939487993,14.0,0.0,2.2987651218071345,0.0029097140394324446,0.6037618067635938,0.013966758136008072,4.8412700943724465,0.028124649364472107,5.83864118895966,0.02204390208478534,14.0,0.0,2.327661729540249,0.001748140126597955,0.7393376430063342,0.012386775754670246,4.710147859341121,0.020538513175012388,7.5732484076433115,0.04654477937947798,14.0,0.0,2.293750507850375,0.005141382443694786,0.7923582077944714,0.006541150290679947,4.5458389579342295,0.018291199344373867,9.194267515923567,0.04810920407842461,1.0,0.0,2.2100692276985408,0.0022471560623833695,0.7973646659538122,0.005100215871647884,4.329126070315634,0.012014033939487993,11.391735285147911,0.04813443822776476,14.0,0.0,2.007503800957641,0.004501977096768494,0.6824532615128999,0.0032185425359595307,3.995079610124751,0.01182173204770447,15.80448717948718,0.09074155138353489,14.0,0.0,1.8616601904246284,0.006792437368393269,0.570052311470819,0.003733748682386768,3.7990720088553416,0.012365488084874596,18.84188034188034,0.1107406711098282,14.0,0.0,1.6419084412451257,0.007064977305023492,0.38615221660728594,0.004647875466613041,3.5255427782018853,0.010851261457516083,23.93763440860215,0.14703136318398508,14.0,0.0,1.5349774621747916,0.0069887855251997595,0.2930485742989168,0.005162124149340495,3.397870793988604,0.009852306802290024,26.665584415584416,0.1571799712888846,14.0,0.0,1.4122542470773884,0.004956483025152416,0.18473031058664735,0.0037526343850936427,3.2535401518134996,0.006911607230837447,29.833333333333332,0.09772437701375732,14.0,0.0,1.3532637229177231,0.003985966233116357,0.132767053290065,0.002992510160653476,3.1840087273592097,0.005562393128539381,31.13,0.05744562646538042,13.0,0.0,1.297959383811382,0.003458874985377659,0.08408188401155609,0.0025706648887321147,3.1187756335111207,0.004823141920176461,31.877637130801688,0.015731098634858234,13.0,0.0,1.2725399758475562,0.003148404204168967,0.06198663441085341,0.002400915274378281,3.0883699880026096,0.004318227205918595,31.98809523809524,0.0030990954682418178,12.0,0.0,1.2480136480213562,0.0024135942429206318,0.040794133003928625,0.0018980442338316107,3.0588429205474976,0.0032759570555794546,32.0,0.0,1.2074857953525282,0.0009142858617294983,0.005965053917649825,0.0006389616281966571,3.0097669075048454,0.001364958084496965,32.0,0.0
3.4,6,2198.0,0.0,2.2416232944627117,0.0051824486581823455,0.7562313160924151,0.017903080994654597,4.469711262018157,0.038567349941816105,10.877554132357426,0.17797190480340241,1.0,0.0,1.8064500369991539,0.013998309786372749,0.030942553653151777,0.002478143379157156,1.8064500369991539,0.013998309786372749,0.0,0.0,0.0025557302767392166,0.0004927561124305656,4.469711262018157,0.038567349941816105,14.0,0.0,2.3291573464780977,0.00429107320151102,0.5252188407353143,0.027704213547816638,5.035065105092272,0.032015364647444484,5.654989384288747,0.05558619968849834,14.0,0.0,2.3632202165061114,0.0029869195671609894,0.6772764317648075,0.02432041157904916,4.892135893618067,0.04130176371987327,7.260084925690021,0.0873396313039348,14.0,0.0,2.332887989712493,0.0020964412867605473,0.7507655807947858,0.025231341661014307,4.706071603089054,0.036606017150194216,8.800424628450108,0.12439874373919531,1.0,0.0,2.2416232944627117,0.0051824486581823455,0.7562313160924151,0.017903080994654597,4.469711262018157,0.038567349941816105,10.877554132357426,0.17797190480340241,14.0,0.0,2.0560239386313897,0.013572008647064017,0.6793905868870999,0.0030895912022700423,4.120973966247825,0.037187847802733126,15.038461538461538,0.2535146328663522,14.0,0.0,1.9145982436554736,0.015848264352297026,0.5860169019430789,0.0038506560501554185,3.9074702562240664,0.034655996800163236,18.014957264957264,0.29577929225856825,14.0,0.0,1.6964456715592986,0.018361312816351026,0.41623012389168584,0.010067006836753017,3.616768993060717,0.03094251552532152,22.973118279569892,0.3345662249967027,14.0,0.0,1.5856066179905994,0.01867309994133615,0.3243045829377079,0.011901520130696808,3.477559670569937,0.028907912314860645,25.73051948051948,0.3485376126331642,14.0,0.0,1.4517314640688392,0.015091171805851913,0.21052043358154293,0.010140644398115068,3.3135480097997836,0.022612905721703578,29.132675438596493,0.24984076569391922,14.0,0.0,1.3818124557670428,0.011470039888615596,0.15100835585575145,0.007701033991860504,3.2280186056339795,0.01718234949132403,30.704444444444448,0.1494054058882811,13.0,0.0,1.3167436454493944,0.006995395876093862,0.09580460704302833,0.004407002363550477,3.1481522030589435,0.010961109612696225,31.73628691983122,0.04225733656895987,13.0,0.0,1.2869350907221966,0.005468388165967929,0.0709095267831105,0.0034208566390209515,3.1109734366308253,0.00860091848342391,31.953463203463205,0.007387899638907495,12.0,0.0,1.2589549647520653,0.004431149060453854,0.04769597743188259,0.002832765644358575,3.075843445732339,0.006871636356901444,32.0,0.0,1.2137112006742126,0.0028667706031190172,0.010309096588692354,0.0019646522673044684,3.0188143568024928,0.004248828973675879,32.0,0.0
3.44949,6,2198.0,0.0,2.279898197942299,0.01334526390909419,0.545441193117126,0.05460128896621183,4.881583705180059,0.11511703562600857,8.906450137236963,0.5503293553249329,1.0,0.0,1.964079845521434,0.04405542188662109,0.019077272415684146,0.003327481494134085,1.964079845521434,0.04405542188662109,0.0,0.0,0.0017678418713581862,0.0005631940246658609,4.881583705180059,0.11511703562600857,14.0,0.0,2.3004769950640154,0.0009726392475273616,0.3182499812292941,0.0426856350967404,5.273817515816098,0.06247881127442401,5.21656050955414,0.129180600808291,14.0,0.0,2.3519271419840186,0.005815270922789961,0.43884774270064203,0.05253596380553906,5.221546240909084,0.09129440326018849,6.408704883227176,0.24117297949513156,14.0,0.0,2.317663611324944,0.005357715282102189,0.49998606021740927,0.05603510996339485,5.044179937986247,0.09380127750965149,7.4861995753715505,0.36210500745292484,1.0,0.0,2.279898197942299,0.01334526390909419,0.545441193117126,0.05460128896621183,4.881583705180059,0.11511703562600857,8.906450137236963,0.5503293553249329,14.0,0.0,2.1671055680963156,0.035886550797207234,0.559242192224434,0.02970739762980494,4.578900631904138,0.13385987024343451,12.0,0.8764846832410532,14.0,0.0,2.0747689633352557,0.04838757515950485,0.540848665045683,0.011292889619158027,4.375649410769615,0.13668617111009893,14.261752136752136,1.0667296073981802,14.0,0.0,1.9133569978940184,0.0645581600896246,0.4683678214400509,0.016803133084150747,4.080840762574969,0.13744601170955437,18.36236559139785,1.3427534899994749,14.0,0.0,1.8163591275462767,0.06864536963396421,0.4141305445489733,0.02719486127559912,3.9197020020422317,0.1319101130512692,20.988095238095237,1.402570763602514,14.0,0.0,1.675979055987292,0.06598047789850005,0.32741858925365785,0.033727164148335625,3.6988197560877434,0.11529188509317868,24.919956140350877,1.2438090184991608,14.0,0.0,1.5894003358008406,0.06020664632370877,0.2700396193576136,0.033376976111785375,3.568441410465681,0.10107965701667998,27.360000000000003,0.9880665744551609,13.0,0.0,1.4899239970821716,0.05064139847947927,0.2005541968051238,0.02929431496350531,3.4239786974977435,0.08302644218800727,29.96097046413502,0.5556501058960639,13.0,0.0,1.4387656651578584,0.045472680499667496,0.16291524988658473,0.026329776993295684,3.3525412880647685,0.07449698845797059,31.093073593073598,0.2754638353425423,12.0,0.0,1.3869870185377133,0.04028190368825862,0.12489664936919914,0.023614623139479773,3.2801225722904843,0.06546477770196366,31.839662447257385,0.06691456340571204,1.3024319402965487,0.030502250221392167,0.061695941420222646,0.017312060573427233,3.1635359386110373,0.05031321942478809,32.0,0.0
3.48,6,2198.0,0.0,2.3177850568869798,0.02895201806321124,0.34572373905488557,0.14873197766913238,5.275877033635122,0.2954147614117174,7.1419640134187246,1.3542211959886243,1.0,0.0,2.1187074470427967,0.11451473900270297,0.013927722647913839,0.006097729406455142,2.1187074470427967,0.11451473900270297,0.0,0.0,0.0007330767462154876,0.00036364550434557247,5.275877033635122,0.2954147614117174,14.0,0.0,2.3073218674555305,0.004330409083534896,0.2181145568153459,0.09526782270357832,5.441132833415807,0.13543732181889281,4.7643312101910835,0.3285084976718023,14.0,0.0,2.3751311739857695,0.010535663542904613,0.2842334910401294,0.12314515444658797,5.511477698404229,0.21057407918741744,5.493630573248407,0.6424154479354374,14.0,0.0,2.340577645542389,0.010096437125658888,0.3201348246998863,0.13853279351680367,5.371241876806142,0.23287730395547,6.162420382165606,0.9317127406269384,1.0,0.0,2.3177850568869798,0.02895201806321124,0.34572373905488557,0.14873197766913238,5.275877033635122,0.2954147614117174,7.1419640134187246,1.3542211959886243,14.0,0.0,2.2503676989288657,0.06530636173028162,0.33463757866399496,0.1426934755138571,5.123962879326172,0.37724104385698454,9.023504273504274,2.176203324650499,14.0,0.0,2.186902930764537,0.09106500209609467,0.30434813597955196,0.12742182218558057,5.010735122942015,0.4186779025229551,10.37820512820513,2.7540548473343436,14.0,0.0,2.085252887065479,0.13810461932924575,0.23706630993786545,0.09558004408317775,4.8575327527568986,0.48819363450864056,12.840860215053764,3.806461332834926,14.0,0.0,2.0284052463415345,0.16313737687227484,0.19572729977928793,0.0761662520018256,4.777422166184905,0.5214397039657948,14.303030303030303,4.425316391027639,14.0,0.0,1.9538702932809293,0.19543710911173048,0.14054532475556133,0.04974878904470047,4.67385774606898,0.5624046859265671,16.330043859649123,5.247663711102592,14.0,0.0,1.9142365309357956,0.21290442390552095,0.11103376547030615,0.035302971072043256,4.61904067913403,0.5839311851230705,17.39666666666667,5.640263390224885,13.0,0.0,1.8745514797879943,0.2299470325273342,0.08212079041936986,0.02112593936809351,4.56319751384093,0.6037038531045412,18.327004219409282,5.889766926473675,13.0,0.0,1.8560103029412043,0.23771406687155755,0.06963082613420486,0.015125986737464778,4.535579518151702,0.6120411880499165,18.702380952380953,5.8905022345956475,12.0,0.0,1.8388759970922355,0.24507994443093295,0.058009406480270864,0.010518457199080896,4.510175883010181,0.6199148923563108,19.102320675105485,5.763131047982819,1.8061027559434624,0.25833803659450266,0.03809494446838846,0.01315004184126312,4.458114473156073,0.6337249537870537,24.0,3.7237973450050514
3.52,6,2198.0,0.0,2.316864265913123,0.009407078432764514,0.39147768599459565,0.047391789949022295,5.204944135790914,0.09444549987421345,7.3623055809698075,0.4568248459481007,1.0,0.0,2.0911256868138937,0.03692868827326367,0.015246720829213514,0.0014226453917533075,2.0911256868138937,0.03692868827326367,0.0,0.0,0.001502046726908954,0.0003056853510522588,5.204944135790914,0.09444549987421345,14.0,0.0,2.2932385170949114,0.00419721245146263,0.19405839637842157,0.0354622347299939,5.442008698169647,0.043294745033652854,4.821656050955414,0.11346402731114562,14.0,0.0,2.36635206206754,0.0023665516637297124,0.28697202440663516,0.045224111968159016,5.485422118558897,0.07332908617240073,5.66348195329087,0.21880574993099697,14.0,0.0,2.325906574810866,0.002197698836280561,0.3327695624582108,0.051506005253110415,5.315612093339848,0.08127977279464697,6.3789808917197455,0.3387622995566409,1.0,0.0,2.316864265913123,0.009407078432764514,0.39147768599459565,0.047391789949022295,5.204944135790914,0.09444549987421345,7.3623055809698075,0.4568248459481007,14.0,0.0,2.267989289978581,0.026152819089274734,0.4423032826312577,0.03931015593733006,5.0065183009995655,0.12395189962928964,9.28525641025641,0.7815970903318191,14.0,0.0,2.211683402522905,0.040655487663249765,0.45210762472831756,0.028066055091507704,4.851047069214786,0.14316365147496724,10.79059829059829,1.0620522243815989,14.0,0.0,2.1218421071346314,0.0601475943778404,0.44547512978496995,0.009410817400669189,4.636392573159124,0.16139679049615094,13.461290322580643,1.4203229835961713,14.0,0.0,2.0626717654598488,0.06987262243981426,0.42822256429340194,0.007345686029239439,4.514345567209519,0.16838431550741798,15.246753246753249,1.5941842777901756,14.0,0.0,1.9679224937032085,0.0841311180784873,0.39169257258107665,0.022688828269324647,4.332267375386405,0.1775596977084817,18.271929824561404,1.7969317515159096,14.0,0.0,1.9038681501286245,0.09037308693181076,0.36196820200433616,0.031613986432567805,4.216718072315056,0.17954156716218136,20.459999999999997,1.8195750419626378,13.0,0.0,1.8258574481247412,0.09368535730280993,0.3215716525822014,0.03847307090257133,4.0822861414385505,0.17718360116111215,23.319620253164558,1.6231207729667472,13.0,0.0,1.7788915025268148,0.09248476681951288,0.2967428148886703,0.04010124079725941,4.002114533984032,0.17156096430806245,25.348484848484848,1.3648537821290896,12.0,0.0,1.7231130899480753,0.08988360717202828,0.2640958440850828,0.04048971717314754,3.911638958742564,0.1643613094664833,28.15084388185654,0.8841878869790606,1.5887997056526233,0.0809505015713888,0.1860964078140074,0.036970809383707885,3.6928546524105474,0.14738255732358133,32.0,0.0
3.54409,6,2198.0,0.0,2.380705065331328,0.0020008045293318116,0.024221970121555064,0.010909709916237322,5.9154297081459895,0.02135647277089867,4.201509606587373,0.09053578109279231,1.0,0.0,2.367722510196735,0.007751907542508637,0.002584378230566627,0.0013791831902859447,2.367722510196735,0.007751907542508637,0.0,0.0,0.0004820648467502365,0.00022118642394807,5.9154297081459895,0.02135647277089867,14.0,0.0,2.29963220871187,0.000988015980779102,0.011613960767391981,0.0049400799038141156,5.731659580628588,0.009880159807669004,4.059447983014862,0.025031477967200753,14.0,0.0,2.3964265757678653,0.0015531838545457663,0.01766677946655133,0.007440361745139131,5.9645662702198345,0.015034647902350146,4.118895966029725,0.05264365354180874,14.0,0.0,2.3612011508438573,0.0016568696716841348,0.020707342763505252,0.008857476917822136,5.871941862964385,0.01739802351971023,4.1571125265392785,0.06748119658654562,1.0,0.0,2.380705065331328,0.0020008045293318116,0.024221970121555064,0.010909709916237322,5.9154297081459895,0.02135647277089867,4.201509606587373,0.09053578109279231,14.0,0.0,2.393859694281253,0.0025606312373089887,0.03218203861278588,0.014364153543425413,5.936376177783953,0.027926110400646468,4.31517094017094,0.1390145716676802,14.0,0.0,2.3876247142535916,0.0029982392468345725,0.036339321925786476,0.015392147391485703,5.914552802745301,0.03057688090060113,4.401709401709401,0.17293177410511373,14.0,0.0,2.3910221934101163,0.0036011422362240285,0.04367496054805417,0.017387459805685266,5.9120430427032105,0.035083887528572236,4.577419354838709,0.24314250876778504,14.0,0.0,2.3899677004511,0.0039010006234453734,0.0487115461456375,0.018581808551142588,5.901851931909295,0.037625105660881626,4.7229437229437226,0.29801665687502554,14.0,0.0,2.3874385056160996,0.004455169014617204,0.056494599576224915,0.020034499483961115,5.883854364675909,0.041188177443557496,5.00328947368421,0.4043734180989208,14.0,0.0,2.3862189288129154,0.004938112163159888,0.062475713564284795,0.02053891943197035,5.8718337516858625,0.04314403066025926,5.252222222222223,0.49137574569446363,13.0,0.0,2.3840645611001188,0.005150925981439083,0.07081783420810385,0.020174890541762844,5.853934651438141,0.04310633395121664,5.6571729957805905,0.6007424252392304,13.0,0.0,2.3821745835071426,0.005340302778989203,0.0778544387185522,0.019874986992106006,5.838654800690029,0.043069720580104096,6.0,0.668452799291837,12.0,0.0,2.3795238107152095,0.005424246811411635,0.0890784741563827,0.02015631780220313,5.81519181555345,0.04353410575915455,6.565400843881856,0.7372311477229923,2.3691272545985567,0.009829841559743653,0.1194860915760471,0.031075955531527224,5.743588999132322,0.06883383557583753,13.166666666666666,1.8333333333333333
3.545,6,2198.0,0.0,2.367240634656166,0.014282818074052706,0.09877749287644937,0.07972787932129786,5.769935347325743,0.1552977925043946,4.852698993595609,0.6955446924644475,1.0,0.0,2.310743686602436,0.06035169577783612,0.004615912786898243,0.0030863107429485747,2.310743686602436,0.06035169577783612,0.0,0.0,0.0008189936869796819,0.0006136266319110144,5.769935347325743,0.1552977925043946,14.0,0.0,2.2975824451317077,0.002284960387886879,0.04919650566610003,0.038139420349048936,5.67016135433012,0.06272178871288098,4.217622080679406,0.1617334181047051,14.0,0.0,2.389104647349893,0.007872599613783601,0.0719016935726549,0.056692191985286716,5.8649090780157485,0.10470787155561948,4.429936305732483,0.33455258642020613,14.0,0.0,2.353825770943247,0.008083025369724151,0.08405425031387855,0.06778464069158878,5.758483051887299,0.12186595607579233,4.60828025477707,0.48967250909107274,1.0,0.0,2.367240634656166,0.014282818074052706,0.09877749287644937,0.07972787932129786,5.769935347325743,0.1552977925043946,4.852698993595609,0.6955446924644475,14.0,0.0,2.366312561332377,0.028873497943466882,0.1153013269197357,0.09134842527090062,5.742829412951338,0.20918415633296808,5.362179487179486,1.1249086820999177,14.0,0.0,2.3477032465064784,0.04189949426203885,0.117334158531256,0.09115759550872059,5.693256878469314,0.24142095777184908,5.764957264957265,1.4685575815893028,14.0,0.0,2.3243923741621884,0.06948722976371102,0.11292550368580821,0.08264599314657599,5.641592679876759,0.2974717295895433,6.548387096774193,2.1217025997084122,14.0,0.0,2.3039184407623057,0.08953528957134531,0.10372295636932925,0.07148025997687159,5.60421166735177,0.33064162359477695,7.122294372294372,2.5922597444382878,14.0,0.0,2.2749500714972033,0.1172929185973831,0.08846356079375335,0.053646547677589806,5.554679837552378,0.3727429943604336,8.023026315789474,3.2849489714334252,14.0,0.0,2.257526447013028,0.13481529982753349,0.07813044271946969,0.04166061365475407,5.526620453453365,0.3978959401822572,8.67,3.734250581764354,13.0,0.0,2.2369656918168306,0.1547787041476595,0.06557783764359232,0.027756813834749643,5.494047473076688,0.42566322674674695,9.459915611814345,4.151406226148789,13.0,0.0,2.225851707633437,0.16547504252963308,0.05889374655397903,0.020695362449071775,5.4762886492526235,0.44051087791360505,9.926406926406926,4.277924071138544,12.0,0.0,2.214263501845409,0.17681610970114653,0.051985139690765986,0.014103386650579175,5.457681045077373,0.45603698300165524,10.509493670886075,4.300959212417407,2.195471918053318,0.19433902164267491,0.049595532858613144,0.014366901631780907,5.414286495845375,0.4770757307705646,15.5,3.48090026669347
3.5475,6,2198.0,0.0,2.3621956765406336,0.013992779656942504,0.12585426521088064,0.0794205094872792,5.716707793535264,0.1541115031277924,5.088975297346752,0.701518317150195,1.0,0.0,2.292079422031692,0.060441947047408295,0.0089938410293105,0.0020046637243587595,2.292079422031692,0.060441947047408295,0.0,0.0,0.000844882525235208,0.000739419318799105,5.716707793535264,0.1541115031277924,14.0,0.0,2.2985024734402315,0.0006461314615651712,0.0646794807198783,0.04386351328007482,5.649236962520763,0.06491066017630315,4.2760084925690025,0.1781821123968768,14.0,0.0,2.3885492779556428,0.00562233220165313,0.09392729983563346,0.063408624605828,5.830482245135657,0.10914007288551779,4.556263269639065,0.3569557178742897,14.0,0.0,2.351765907885651,0.006593712331906748,0.1090884939594643,0.07289063538235477,5.715782028774931,0.12576686873953521,4.786624203821656,0.5140006365371113,1.0,0.0,2.3621956765406336,0.013992779656942504,0.12585426521088064,0.0794205094872792,5.716707793535264,0.1541115031277924,5.088975297346752,0.701518317150195,14.0,0.0,2.357601668633123,0.030573943581224595,0.14571018421787782,0.08856301484252799,5.675438895255991,0.20925840672423815,5.744658119658119,1.166900766250493,14.0,0.0,2.3368176016441997,0.04493965294551436,0.15074700272878236,0.08789820707364278,5.6159235000173275,0.2441278959574854,6.25534188034188,1.5266995328432833,14.0,0.0,2.3102776394280173,0.07411170445699189,0.14863728540216373,0.0756964968681465,5.552738170466797,0.29858291597453296,7.230107526881721,2.1721975884525313,14.0,0.0,2.289409806825656,0.09364109173210527,0.14174101399736252,0.06347305401970398,5.510912996068096,0.3288493417035954,7.924242424242423,2.6246898189100656,14.0,0.0,2.259811628953295,0.12020272380039146,0.13039991638903067,0.04384665383311343,5.453929197799691,0.3652328378350054,9.054824561403509,3.244052493010622,14.0,0.0,2.2429896494568777,0.13583817746002744,0.1239380263606169,0.03149628806647315,5.421567084101269,0.384954724888451,9.867777777777778,3.5905214381104686,13.0,0.0,2.2218056495531457,0.15471055438557085,0.11622035766793753,0.017715088298043052,5.380183587380958,0.4081442298189423,10.978902953586498,3.9202764164259327,13.0,0.0,2.2105776831707886,0.16455639261144397,0.11230345701793115,0.013060155248927723,5.3579890224000755,0.420176711447179,11.597402597402597,3.9994363464115263,12.0,0.0,2.2007931768727365,0.17306122409449043,0.10933076089247828,0.013855631129374114,5.337986800843125,0.43088415255351015,12.248945147679327,3.9517846201688465,2.1815561427084145,0.1871875240645422,0.10431043411336027,0.020936764919612574,5.297424705600997,0.44854576990624234,15.166666666666666,3.66439323459939
3.55,6,2198.0,0.0,2.3443908190131606,0.016120341382561736,0.2444857318525866,0.09788373694354466,5.494248449754022,0.18707962208904377,6.084629460201281,0.838379976910362,1.0,0.0,2.204369325341862,0.07307317983680399,0.011116575733755596,0.0030582217622015556,2.204369325341862,0.07307317983680399,0.0,0.0,0.0007897487532823637,0.0002681969317488724,5.494248449754022,0.18707962208904377,14.0,0.0,2.299435166070755,0.0009576015408502098,0.11734085833068782,0.04823491255376096,5.572576627680856,0.07257180680413887,4.495753715498939,0.19873847657850705,14.0,0.0,2.380940525122991,0.0074786481024545675,0.1798199824975237,0.0733141630958865,5.682621339061193,0.12805172766181183,5.022292993630573,0.414762509069025,14.0,0.0,2.3455239676152013,0.007314359412496083,0.21001326711678067,0.08517505119541274,5.5487900183628325,0.14595685534769298,5.473460721868366,0.5954344776493558,1.0,0.0,2.3443908190131606,0.016120341382561736,0.2444857318525866,0.09788373694354466,5.494248449754022,0.18707962208904377,6.084629460201281,0.838379976910362,14.0,0.0,2.3173545842465337,0.03434080861704697,0.28579774494386984,0.11376235259368404,5.364689843200527,0.2561877498488809,7.397435897435898,1.386046071553852,14.0,0.0,2.2779071734775576,0.04938315739818798,0.29783456010437,0.11736199337010825,5.24801609353734,0.2992864220575358,8.447649572649572,1.8202046331372375,14.0,0.0,2.206893393355006,0.08280349494952345,0.28872912946361223,0.11001650763486233,5.084139789192096,0.3716042303581788,10.446236559139786,2.633470844726018,14.0,0.0,2.1550085414464015,0.10557660555918048,0.26969792348009863,0.09965534024442604,4.982974468395855,0.4125755009050572,11.83874458874459,3.188655264313279,14.0,0.0,2.073583455233915,0.1410403361712335,0.22828931286472384,0.07845626967177476,4.841524668787702,0.4688186142373307,14.087719298245615,4.0561778410290135,14.0,0.0,2.0184926448433287,0.1653115024804386,0.19418885798479416,0.06125909394435707,4.754948325131131,0.503567435413529,15.682222222222222,4.639029166209054,13.0,0.0,1.9522251650937612,0.19417705264363852,0.14932722280895586,0.0386755002983276,4.656572078520969,0.541397829015808,17.66350210970464,5.306600624925049,13.0,0.0,1.9158180686573374,0.21004553700406856,0.12398421435426467,0.026329489811369306,4.603568850111945,0.5617333895419375,18.600649350649352,5.558998270356981,12.0,0.0,1.8819653377921381,0.22473237842400368,0.10241101178948127,0.016027625932090908,4.551296826796123,0.5800850437089708,19.332278481012658,5.607680360046936,1.8248304592903857,0.25021556851510374,0.0630574214888983,0.013310040212196334,4.467490015992618,0.6145138866350796,21.5,4.759201613716318
3.5525,6,2198.0,0.0,2.36942475606535,0.011281183241090407,0.09577615546175894,0.07116037078017311,5.7798976569707365,0.13492552496305396,4.804589813967673,0.6009780934702472,1.0,0.0,2.315974665897656,0.05270089689891529,0.006692671848935368,0.002344836914055071,2.315974665897656,0.05270089689891529,0.0,0.0,0.0007736162945224488,0.00031820696751348477,5.7798976569707365,0.13492552496305396,14.0,0.0,2.299130742637104,0.001171826913931417,0.0442858744732397,0.03519732752789053,5.681398044882903,0.05539366829817418,4.18683651804671,0.13952453477023244,14.0,0.0,2.391541831201726,0.005558694049017782,0.06727687436547215,0.052121699182933356,5.877939266456107,0.09202679173653232,4.395966029723993,0.2963137679421649,14.0,0.0,2.3563590786656454,0.00534541634184155,0.0830608433348461,0.06334429299116473,5.766306431661842,0.10821242023682712,4.585987261146497,0.43863728384036427,1.0,0.0,2.36942475606535,0.011281183241090407,0.09577615546175894,0.07116037078017311,5.7798976569707365,0.13492552496305396,4.804589813967673,0.6009780934702472,14.0,0.0,2.3709240907871316,0.02299078052508829,0.11881874093648671,0.08630881344007563,5.749082115563099,0.18692762053211587,5.310897435897437,0.9982764431220421,14.0,0.0,2.354827770446737,0.033410157745762774,0.12618881661430228,0.08941713670472722,5.697786201195391,0.21759394944644253,5.707264957264957,1.3146909946543457,14.0,0.0,2.333305498633577,0.05863573616976922,0.13054060902675754,0.08538974078896953,5.637452833043806,0.2744350421701878,6.509677419354838,1.9314646440398178,14.0,0.0,2.315661842596091,0.07536061032128366,0.12864201147620366,0.0781820477828268,5.596191589275922,0.3052676362222847,7.062770562770562,2.3389712945845686,14.0,0.0,2.2867365276611316,0.10233753202730672,0.12129338366351135,0.06155821115119969,5.53490124365756,0.3474317607058552,8.012061403508772,3.0041971143744894,14.0,0.0,2.2683821081371787,0.12038425934748097,0.11597223839919309,0.048383112790484455,5.496996912744158,0.37253891117291654,8.683333333333334,3.428068347129706,13.0,0.0,2.2460126192924013,0.14181129154943825,0.11173015164196874,0.030612444144125842,5.447436320768049,0.3988092597692856,9.56012658227848,3.874254532343117,13.0,0.0,2.234927225854078,0.15314533289581528,0.11170338025930282,0.021599630271086388,5.419762994246241,0.4118979168618223,10.073593073593074,4.060667326169964,12.0,0.0,2.225471683376825,0.16436702772659303,0.11925420383720266,0.01735979024623845,5.38479790268626,0.42263458227166006,10.767932489451475,4.128251476579001,2.2011624641514205,0.18250841042353455,0.28504763449126225,0.10815488597300965,5.075334708641657,0.4105418539996608,16.833333333333332,3.637001206733066
3.555,6,2198.0,0.0,2.380853836878803,0.000290038756007876,0.022371044533356255,0.001450193780003868,5.918578025396974,0.002900387560025405,4.186108569685881,0.012256885769615151,1.0,0.0,2.370242017550034,0.0014479784146962178,0.00468467898540765,0.0011571614428833145,2.370242017550034,0.0014479784146962178,0.0,0.0,0.0004465675431849587,0.0003208489347786228,5.918578025396974,0.002900387560025405,14.0,0.0,2.2997603954156554,0.0002976371762879569,0.010973027248478156,0.0014881858814179197,5.732941447666422,0.002976371762846584,4.054140127388536,0.0063161251722477895,14.0,0.0,2.396685982283548,0.00028716098061472355,0.016570088581936704,0.0014358049030433967,5.966859822835964,0.0028716098061019966,4.112526539278131,0.010742344493141001,14.0,0.0,2.3612916956953804,0.00030277191122974023,0.019245088250688054,0.0015138595561134235,5.8743616068624185,0.003027719112244607,4.147558386411889,0.012461597104738122,1.0,0.0,2.380853836878803,0.000290038756007876,0.022371044533356255,0.001450193780003868,5.918578025396974,0.002900387560025405,4.186108569685881,0.012256885769615151,14.0,0.0,2.394262101243775,0.0006112971413125209,0.028201489545007008,0.0026274508908595362,5.943353018791927,0.005465710230679606,4.280982905982905,0.02400876608359431,14.0,0.0,2.388029404194522,0.0008146132621129636,0.03366414293097223,0.0035855285956133626,5.919577296089848,0.007411349611009038,4.369658119658119,0.028266573836160217,14.0,0.0,2.391701624984435,0.001185944125414748,0.04054899727933601,0.0050571179033386555,5.918430566542082,0.0105460014827844,4.544086021505376,0.03851804417589354,14.0,0.0,2.390838842689288,0.0014198289973350925,0.04455035371036992,0.006273148974838175,5.910271576157665,0.01295515560902405,4.686147186147186,0.0455986172752608,14.0,0.0,2.3888045105699294,0.0018559218927966064,0.051624505198807576,0.00865441535554656,5.89457451862661,0.017615121993621752,4.981359649122807,0.055705639455616386,14.0,0.0,2.388154049895734,0.0023243837245366552,0.057650861984413194,0.011221912534614463,5.883908831762715,0.02263401129633168,5.233333333333333,0.06504699156080249,13.0,0.0,2.385679347287466,0.0035902123623092774,0.06815690846509069,0.016141444764393477,5.861963005521029,0.033177500548162715,5.705696202531645,0.08033654442157,13.0,0.0,2.3839115658711822,0.004723963158219764,0.07471322367766242,0.019797039966551466,5.847709079161461,0.04149652271100074,6.1017316017316015,0.085023893252824,12.0,0.0,2.3820839409879153,0.006356135733423339,0.08176874980069791,0.023838842301976203,5.832556727768741,0.051641275373849195,6.75632911392405,0.11812179578344956,2.3591848685101646,0.022517030877166493,0.1250908556775913,0.041682588551634536,5.710325887759024,0.11776084883115315,10.666666666666666,1.5420044674960507
3.5575,6,2198.0,0.0,2.3804949259431987,0.0005398288655441161,0.02416559921132726,0.0026991443276553465,5.914988916041007,0.005398288655343307,4.2034156755108265,0.022652696950470036,1.0,0.0,2.369339474637527,0.002192648348310101,0.005573180368541362,0.000837205044558375,2.369339474637527,0.002192648348310101,0.0,0.0,0.0001335499228335988,0.0001306256762434655,5.914988916041007,0.005398288655343307,14.0,0.0,2.2994639536693287,0.000221064051090919,0.012455235980085924,0.0011053202554373704,5.729977030203194,0.0022106405108832804,4.061571125265393,0.00511320364279927,14.0,0.0,2.395945356785553,0.00026165890509410075,0.020273216071842463,0.0013082945254421555,5.9594535678561185,0.0026165890508984863,4.1369426751592355,0.010368675538916997,14.0,0.0,2.360603861432953,0.00040052833631964454,0.022684259562741213,0.0020026416815512008,5.867483264238271,0.004005283363126065,4.176220806794055,0.016825148837502288,1.0,0.0,2.3804949259431987,0.0005398288655441161,0.02416559921132726,0.0026991443276553465,5.914988916041007,0.005398288655343307,4.2034156755108265,0.022652696950470036,14.0,0.0,2.39342079448585,0.0006748037982305067,0.032896027569800514,0.0033740189910551207,5.934207944859923,0.006748037982158953,4.330128205128205,0.03399048158007101,14.0,0.0,2.3876263062382,0.0008351961330483791,0.03623318131737512,0.0041759806651088145,5.914715993619441,0.00835196133028422,4.407051282051282,0.04663066846751107,14.0,0.0,2.3913885923377824,0.0010154168422592629,0.04305703830936521,0.005077084211104496,5.913885923380408,0.01015416842230482,4.596774193548388,0.06902019792150577,14.0,0.0,2.3905234578203376,0.0011064685268181843,0.04738271089613456,0.005532342633869936,5.905234578206642,0.011064685267850217,4.755411255411255,0.08338813063142572,14.0,0.0,2.3886223138312963,0.0013915225675161565,0.05382326697979611,0.006822376187894582,5.890820884108545,0.013711555626615059,5.06359649122807,0.1122112929655739,14.0,0.0,2.388219091070189,0.001796244536807462,0.058048085713048314,0.008345839910682908,5.8834755991059,0.017002098426885208,5.32,0.1440678852331621,13.0,0.0,2.3869016491695936,0.0024708271804508805,0.06334848792285418,0.010567289305775976,5.872231391039702,0.022004142590114968,5.751054852320675,0.20118663799801093,13.0,0.0,2.385701912167073,0.0031021388573135296,0.06823952783812501,0.012722967514261259,5.861895488660497,0.026807004130382596,6.1103896103896105,0.24147929625548184,12.0,0.0,2.3839212124879285,0.004494684369719908,0.07706670912844936,0.017943650455865736,5.8442029675271465,0.038121779326638836,6.624472573839664,0.3207042513958841,2.3656426286315857,0.021080458121539,0.11267369984051696,0.04342462812497964,5.745096021818188,0.11774953560927696,9.833333333333334,1.3270686158262923
3.557946,6,2198.0,0.0,2.381686809782161,0.0011459390547214152,0.018206180016660658,0.00572969527346808,5.926907754430413,0.01145939054700572,4.153095455931687,0.04813588738658656,1.0,0.0,2.373300552647282,0.004987741168503634,0.004229084791862202,0.001082809972352976,2.373300552647282,0.004987741168503634,0.0,0.0,0.004895355105566616,0.00456127807970282,5.926907754430413,0.01145939054700572,14.0,0.0,2.3002785166561974,0.000621288411038366,0.00838242104580296,0.003106442055138963,5.738122660071791,0.006212884110304228,4.048832271762208,0.017300678375765044,14.0,0.0,2.397349983079966,0.0008822966466427428,0.013250084599913503,0.004411483233126349,5.973499830800044,0.008822966466296224,4.089171974522293,0.030279909105744456,14.0,0.0,2.362181020934363,0.0009478368781293476,0.014798462055870125,0.004739184390540715,5.883254859252104,0.00947836878113441,4.114649681528662,0.03670028099589279,1.0,0.0,2.381686809782161,0.0011459390547214152,0.018206180016660658,0.00572969527346808,5.926907754430413,0.01145939054700572,4.153095455931687,0.04813588738658656,14.0,0.0,2.3948462068198064,0.0017260567433474063,0.025555290686579,0.008442443675819356,5.948782581019646,0.0169785782639992,4.248931623931624,0.08119236381310072,14.0,0.0,2.3888851651340977,0.001927987961315045,0.029544367525954348,0.0092976638975739,5.927896361546314,0.018765696555556724,4.3173076923076925,0.09757847755101873,14.0,0.0,2.392178005806069,0.0026385428550134275,0.038280570388636824,0.012452460278840016,5.923024158932216,0.025272971371412635,4.481720430107527,0.15027934831430514,14.0,0.0,2.390766635434142,0.0032371079741607446,0.044974154519229224,0.015102796086806038,5.90945535680651,0.030743913325360587,4.624458874458875,0.1969179561936561,14.0,0.0,2.3872998078404444,0.004428471914100328,0.05720452546124267,0.019886946354814625,5.882442731409246,0.04089452725979839,4.925438596491228,0.29223003235955314,14.0,0.0,2.3849771853052797,0.005701399588684263,0.06706955109455211,0.023860722529887607,5.86183863662137,0.05001685980015528,5.207777777777777,0.3804691710552338,13.0,0.0,2.380372904521363,0.008256860162580234,0.08179011154706357,0.03025395133813712,5.828247093982813,0.06591236174755723,5.696202531645571,0.5363166308202322,13.0,0.0,2.3764392319757977,0.01068577225842877,0.09436774539804134,0.03639936609901319,5.7995464618424295,0.08111310107406329,6.172077922077922,0.7023135794367406,12.0,0.0,2.3690214963716123,0.015280712738183317,0.11673197296719702,0.047314587870872886,5.7474557814782345,0.10880433696237933,7.015822784810126,1.006514525286003,2.2782486887852653,0.057973192039634816,0.26343143124921475,0.10155185488621253,5.300474575089342,0.2893392574502993,15.166666666666666,3.487278467675203
3.56,6,2198.0,0.0,2.3816868666208073,0.0009236807657005551,0.01831031614337699,0.004663889249696662,5.926751692336954,0.009302854085862384,4.153552912473316,0.03908236740194999,1.0,0.0,2.373923968080683,0.0043193773184812875,0.005372151909835803,0.0010896355077948416,2.373923968080683,0.0043193773184812875,0.0,0.0,0.0033434612524751045,0.0028732175366106534,5.926751692336954,0.009302854085862384,14.0,0.0,2.3004374064295785,0.00040708366117526014,0.0075879721789156385,0.0020354183058436696,5.739711557805575,0.004070836611703424,4.038216560509555,0.008702293644127067,14.0,0.0,2.3975327648940716,0.0004884971427096854,0.012336175529401326,0.0024424857134999426,5.975327648941078,0.0048849714270241314,4.083864118895966,0.01696522186919148,14.0,0.0,2.362207871518365,0.0005749350173436662,0.014664209135860529,0.0028746750866551997,5.883523365092121,0.005749350173341888,4.114649681528663,0.021817804804526775,1.0,0.0,2.3816868666208073,0.0009236807657005551,0.01831031614337699,0.004663889249696662,5.926751692336954,0.009302854085862384,4.153552912473316,0.03908236740194999,14.0,0.0,2.395208251967506,0.0010891303816267513,0.024017236927048404,0.005483768219464543,5.951994774528192,0.010945408936801924,4.236111111111112,0.05274143182563033,14.0,0.0,2.3891585796427894,0.0013539681948422683,0.028339961502737095,0.006644238760420097,5.93038650685287,0.013346930370155455,4.313034188034188,0.07363738940224558,14.0,0.0,2.392772964978761,0.0017903540140914373,0.034820038232023946,0.008301967701880936,5.929702355098866,0.016920012096197444,4.461290322580645,0.11280487267552303,14.0,0.0,2.3918947901847996,0.0019818905623939544,0.039084529674835354,0.009247385473865046,5.9211101809497455,0.0188029413288007,4.5811688311688314,0.141182132174654,14.0,0.0,2.3897750303074132,0.0022710852280278687,0.046575653082704,0.010675102140551758,5.904574096144475,0.021644832685948995,4.830043859649122,0.20248782114769892,14.0,0.0,2.3890855577706573,0.0024832405552264593,0.05323383152129709,0.011999838449914308,5.8928631471446975,0.024096603168325702,5.072222222222223,0.26831389393583843,13.0,0.0,2.3870278149616575,0.0028770039302180423,0.064917060457682,0.014718096202052052,5.87019394671762,0.028826090390736206,5.531645569620253,0.4033422033089813,13.0,0.0,2.3853589751359467,0.003306989762141051,0.07532031331629745,0.017554274666574644,5.850416967865421,0.03340451261799582,5.96969696969697,0.537327798830926,12.0,0.0,2.382826841956854,0.0047601586900513455,0.09165836990412025,0.023826504619542582,5.819579550035955,0.04386194086698928,6.7816455696202524,0.8066061927476904,2.356805976242601,0.02226410897354817,0.2773371372412283,0.09777447413263854,5.47600923474466,0.16403640757656637,13.5,2.84897642437888
3.562057,6,2198.0,0.0,2.381015645632346,0.0006825187191004783,0.02343391264117628,0.0030007396521261726,5.917388245119102,0.00610931593994497,4.191979261970113,0.025648498585137604,1.0,0.0,2.369493990969033,0.0028857907060187375,0.004231154868987361,0.0009271653460765449,2.369493990969033,0.0028857907060187375,0.0,0.0,0.0040681106365417045,0.0022084327651546967,5.917388245119102,0.00610931593994497,14.0,0.0,2.3000835493878165,0.00046983188993056515,0.010064971471190837,0.002403045668391866,5.7351114162627574,0.004739914678033345,4.052016985138004,0.012019685651565297,14.0,0.0,2.396854716193912,0.0006078744021622432,0.01625720459276488,0.0031065817098305253,5.967750983595632,0.00616271303847167,4.106157112526539,0.021421653088117918,14.0,0.0,2.361626609442956,0.0005712788639813071,0.019221143188142126,0.0031133691643465424,5.875234808825177,0.005932518207573405,4.145435244161359,0.02424940766154417,1.0,0.0,2.381015645632346,0.0006825187191004783,0.02343391264117628,0.0030007396521261726,5.917388245119102,0.00610931593994497,4.191979261970113,0.025648498585137604,14.0,0.0,2.3939691527021014,0.0010670220320574187,0.03280847424579383,0.004734211105457487,5.935710170386564,0.009614326379935948,4.308760683760684,0.04617807610265859,14.0,0.0,2.3875190621421494,0.0012637728007819423,0.03991885375945808,0.0057298497588795195,5.908919374716188,0.01151918462403257,4.407051282051282,0.05653516667725557,14.0,0.0,2.38998221597126,0.0018197764413915337,0.05375717782887405,0.00806947878389596,5.894319773184839,0.01609130607050408,4.619354838709677,0.0843986707396232,14.0,0.0,2.3877550592691077,0.002217791023250787,0.06360511955739755,0.009839858332091287,5.8739799688366725,0.019498855607967505,4.793290043290043,0.10421240632934699,14.0,0.0,2.382379040845467,0.002948060710823416,0.08056993056614045,0.013275842207335022,5.835092706264454,0.02644832439930566,5.149122807017544,0.1438034764101317,14.0,0.0,2.37798416437017,0.0038557876364031032,0.09428939091954197,0.01624467780348909,5.80352632454611,0.03334520318609075,5.483333333333333,0.18060597586602317,13.0,0.0,2.369842323262118,0.005642579784620166,0.12051310411915563,0.022120740582478166,5.743836151976562,0.04675943903448731,6.140295358649788,0.2527180485795119,13.0,0.0,2.362688875664745,0.00749964953394666,0.14292725659852368,0.028410408651411645,5.692331304264077,0.060907398707170386,6.741341991341991,0.3231366860808966,12.0,0.0,2.3502582743751663,0.012121860786894405,0.18146587757609167,0.041828853100525164,5.603446869573779,0.0926147956912578,7.8386075949367084,0.5112361115971694,2.2074250215316535,0.056945925839394215,0.36213066861277027,0.08595186962260064,4.975366550909978,0.2563177246678764,20.0,2.54296414970142
3.5625,6,2198.0,0.0,2.3723303361072365,0.00879581243499182,0.07846797820478987,0.05751197331845426,5.813123872960908,0.10825569709446206,4.654391582799634,0.47797907031062625,1.0,0.0,2.3295493042184243,0.04245658841934557,0.0071662583901019134,0.0014742800770562346,2.3295493042184243,0.04245658841934557,0.0,0.0,0.00061360399865864,0.0003700685214953356,5.813123872960908,0.10825569709446206,14.0,0.0,2.2998972555977075,0.00012811416655116687,0.03788957559465501,0.027809221285822236,5.692908775602287,0.04182240472290303,4.169851380042463,0.11644811058449127,14.0,0.0,2.39430917993109,0.0027417741677717277,0.054251874356342156,0.03943136693322779,5.904395138293212,0.06597944662060135,4.320594479830149,0.2164959730656662,14.0,0.0,2.3577035539801847,0.004056718978207295,0.061882577665066184,0.04490497486771278,5.801435018452861,0.0774812641061058,4.446921443736731,0.3149805143635992,1.0,0.0,2.3723303361072365,0.00879581243499182,0.07846797820478987,0.05751197331845426,5.813123872960908,0.10825569709446206,4.654391582799634,0.47797907031062625,14.0,0.0,2.37464276921138,0.019335514027647983,0.09948732485923878,0.07088954324306415,5.787375935739591,0.1546722604215595,5.097222222222222,0.8106873932668932,14.0,0.0,2.361060074451192,0.026845221654537902,0.11014643432937982,0.07662477321627367,5.737430534633911,0.18203874334039888,5.42094017094017,1.0531223035859492,14.0,0.0,2.345661048788389,0.04532741597070686,0.12379414286803431,0.08046897670758288,5.67846140766892,0.23392529723704017,6.109677419354838,1.5495551150111324,14.0,0.0,2.3324975347513317,0.05716962439786042,0.1302934135344979,0.07998586848173787,5.635803716576582,0.26264920868538116,6.5995670995671,1.8797952991608557,14.0,0.0,2.3092374213085187,0.07734438485598384,0.13665260645830848,0.0727359148975974,5.568114643583833,0.3014502499038168,7.463815789473684,2.4065184867181,14.0,0.0,2.2930828556665097,0.09193219507665043,0.14087771356688994,0.06502169328738563,5.521390568815939,0.3247759759552125,8.146666666666667,2.7679097608925844,13.0,0.0,2.270279293783773,0.11122189745149537,0.14582345872115585,0.05389560250514473,5.456963046377697,0.3501460097458864,9.190928270042194,3.2467328006520586,13.0,0.0,2.254073812152957,0.12377072377362686,0.15033886792541426,0.049266365605380356,5.40967622849427,0.3656220308127884,10.03896103896104,3.564864096944595,12.0,0.0,2.2344610954885096,0.1363354070618838,0.1652344049661318,0.05271866326165745,5.338301131272076,0.37934174409126226,11.291139240506327,3.8175194968316597,2.121515412409438,0.1561063315495486,0.2476147522499764,0.10619531144129038,4.93236640264863,0.45266480105103124,18.166666666666668,4.308260798873614
3.564407,6,2198.0,0.0,2.381968974857137,0.0008295117108023264,0.021025262477859057,0.007218726371406222,5.923384543426056,0.012893284042736581,4.166819152180543,0.05430835317112,1.0,0.0,2.372612952453322,0.0055000484091211055,0.005431891804833008,0.0005801715615576681,2.372612952453322,0.0055000484091211055,0.0,0.0,0.0019663604001551272,0.0016565439709377075,5.923384543426056,0.012893284042736581,14.0,0.0,2.300707135950059,0.00018740797860496177,0.009777894994030612,0.0032472491102715382,5.737100997384103,0.005169816251728466,4.044585987261147,0.01525119744889004,14.0,0.0,2.39742856322812,0.0006397664599859774,0.015841555541114976,0.004718051228010105,5.9698090747586265,0.00862105251087976,4.098726114649681,0.02945357735364368,14.0,0.0,2.362065700871302,0.0009742049761163001,0.01793113456162122,0.005300934850092941,5.878267550335823,0.010250763473914468,4.133757961783439,0.042121772459064996,1.0,0.0,2.381968974857137,0.0008295117108023264,0.021025262477859057,0.007218726371406222,5.923384543426056,0.012893284042736581,4.166819152180543,0.05430835317112,14.0,0.0,2.395287878520339,0.0013599321169311662,0.029186534582460035,0.011663470923510453,5.9444398944271555,0.02076096880799245,4.268162393162393,0.09597442900058566,14.0,0.0,2.3891410422474375,0.001748661926372974,0.03483191934414237,0.013439355339290734,5.920604726602381,0.024511989017598466,4.351495726495727,0.12345269233099929,14.0,0.0,2.3921862619345675,0.0025304635621591336,0.04650056129721489,0.018749958403497826,5.910714812890595,0.03426732698504772,4.532258064516129,0.18331173208597631,14.0,0.0,2.3906813346258846,0.0031325129600366093,0.05542136683125696,0.022805313779073688,5.893571286317825,0.04159876849050609,4.686147186147186,0.22970661307372803,14.0,0.0,2.3872587281957407,0.004522700946330315,0.07161782713892353,0.030462090534682972,5.860720079780965,0.05609319831005108,4.99890350877193,0.33266936700099603,14.0,0.0,2.3851120223803957,0.005864017993013279,0.0860927877157453,0.0375434555073968,5.8336408743773704,0.06968029046571235,5.3,0.4329947395112837,13.0,0.0,2.378494698281131,0.009053929037367577,0.1110677036846562,0.04900689808327469,5.779635190175843,0.09494870260221272,5.922995780590718,0.6343473513467387,13.0,0.0,2.3706753229972803,0.012865196676704578,0.13213322393222607,0.05870730103502143,5.7284884715948605,0.11918584187559783,6.534632034632035,0.8232555298083684,12.0,0.0,2.354066852674255,0.021776206177137453,0.1610531490626285,0.07149093499307317,5.643587408091694,0.16150085320019028,7.599156118143459,1.1295363378300498,2.2145452716043352,0.121880846946158,0.2602582290489536,0.1136407522632064,5.145975835437408,0.3875429565459829,15.666666666666666,3.630120904016529
3.565,6,2198.0,0.0,2.3733067837173474,0.008242579111955525,0.06969617199914822,0.05028602876417311,5.828722701294647,0.0960314996281881,4.58188472095151,0.42103421352241466,1.0,0.0,2.3358793054660207,0.037735541548955726,0.0073170415802693844,0.001192337204989785,2.3358793054660207,0.037735541548955726,0.0,0.0,0.0019808388732152284,0.0012125409083010071,5.828722701294647,0.0960314996281881,14.0,0.0,2.298706805977856,0.001497173308809796,0.030395256107352633,0.020449296692895646,5.701174130783613,0.034313714778283495,4.134819532908705,0.08533473677629355,14.0,0.0,2.3935425339981204,0.003790113943781548,0.04587703608083498,0.03195183446964212,5.9150407808740475,0.05736950220005048,4.278131634819533,0.18630739590718864,14.0,0.0,2.358087603076352,0.003977374679018011,0.0558431150788194,0.039519181373237317,5.811454335072651,0.06916831980805681,4.401273885350318,0.27983949157859417,1.0,0.0,2.3733067837173474,0.008242579111955525,0.06969617199914822,0.05028602876417311,5.828722701294647,0.0960314996281881,4.58188472095151,0.42103421352241466,14.0,0.0,2.3794979285962197,0.01528759469779982,0.09325968615405748,0.06667772504344735,5.808855292259462,0.13823151335723402,4.950854700854701,0.695941843863536,14.0,0.0,2.3676749534188755,0.02134229304337636,0.10564603750976172,0.07625478634477327,5.7607183272825475,0.16772676131411407,5.25,0.9397852744337486,14.0,0.0,2.354886140765299,0.03769061534025246,0.12363474351718258,0.087066504202747,5.701763236637473,0.22476631115835988,5.8838709677419345,1.4278377978497543,14.0,0.0,2.340088976798253,0.051225838187707796,0.129742869325537,0.08773770134745154,5.655608138007328,0.25954064786136594,6.374458874458874,1.7902717652313802,14.0,0.0,2.3136037880342166,0.07488080337849103,0.1300523464023036,0.07832370877700746,5.5889309504820845,0.3043063712793085,7.19078947368421,2.354205020565336,14.0,0.0,2.2957312675513974,0.09111974324926023,0.12912167599919747,0.06881686705446194,5.545645654879696,0.3302689236156857,7.813333333333333,2.7375035937740657,13.0,0.0,2.270124055010316,0.11269108365455546,0.12837359405798784,0.05300371437369905,5.482749746438809,0.3587504499539594,8.729957805907175,3.221385798257524,13.0,0.0,2.2529116091160826,0.12522278372634335,0.13264067484383227,0.04422290527007597,5.433318010524457,0.3734164851546977,9.430735930735931,3.4901554063401736,12.0,0.0,2.229443507423492,0.13918289759373942,0.14034143036109933,0.03715563250592846,5.363096623017081,0.3871553022455139,10.440928270042194,3.7581525498162947,2.148259737015603,0.1567992864110697,0.3171701743170905,0.1250294294017331,4.894894081063371,0.41391340442655405,17.833333333333332,3.35078763543406
3.566168,6,2198.0,0.0,2.382901136159891,0.0003978823778072302,0.01451864916866964,0.004279635821469276,5.935474866646724,0.007391931725136734,4.117108874656908,0.031435398137656605,1.0,0.0,2.3777218292491398,0.0030556751225269264,0.0058864709840839476,0.00020063522363203884,2.3777218292491398,0.0030556751225269264,0.0,0.0,0.0004832232762059631,0.0003086485219249382,5.935474866646724,0.007391931725136734,14.0,0.0,2.300663076767553,0.00037905956192003546,0.006459620489061477,0.0018952978095677106,5.741968261185292,0.003790595619151751,4.032908704883227,0.011792521509128568,14.0,0.0,2.398013983876384,0.0004982082681139127,0.009930080617890281,0.0024910413405185936,5.980139838764125,0.0049820826810626365,4.065817409766455,0.017687189468924426,14.0,0.0,2.362822018413764,0.0006575532518279839,0.01148939291888866,0.0031892979028795656,5.889820956656076,0.006427763651395787,4.088110403397027,0.025605658889698367,1.0,0.0,2.382901136159891,0.0003978823778072302,0.01451864916866964,0.004279635821469276,5.935474866646724,0.007391931725136734,4.117108874656908,0.031435398137656605,14.0,0.0,2.3967417673949947,0.000705047995642328,0.019911787700223026,0.00702207775559598,5.961986736937153,0.012268836645741915,4.185897435897436,0.058983648469411405,14.0,0.0,2.390984059704076,0.0009452908021616382,0.023941731465129363,0.009150152316813175,5.941547552062498,0.016073140060861878,4.245726495726495,0.08367233261149708,14.0,0.0,2.395123907849261,0.0012684577726267542,0.03248702282625935,0.014302319422046754,5.939079235383763,0.02458874517108185,4.377419354838709,0.13463894241425625,14.0,0.0,2.3945461379304724,0.0015000372074306528,0.03878655217014489,0.01873445066609494,5.928185516570962,0.03177588034121379,4.478354978354979,0.1739053231269607,14.0,0.0,2.3926961460531277,0.002113947383055068,0.05106503584962637,0.027436364426797456,5.9051428113583775,0.04629395222427888,4.696271929824562,0.25817327794239486,14.0,0.0,2.391865173877367,0.0028542315834538066,0.0626133866212558,0.03589624396896419,5.885742854761532,0.0607422594351975,4.919999999999999,0.34396382238705153,13.0,0.0,2.387609761435216,0.005753636714846861,0.08222381906207393,0.050011276770514736,5.845688674994928,0.08920824056496328,5.366033755274262,0.5095714139042354,13.0,0.0,2.382430190640941,0.009639594125263556,0.09923385243765875,0.06161840671490644,5.807224697945865,0.11642940613901305,5.812770562770563,0.6643112449056778,12.0,0.0,2.370368831846454,0.019816332750383577,0.12392199839967294,0.07735278552261098,5.740039082016625,0.16556542839182442,6.658227848101266,0.9489520893232757,2.253390644225911,0.10532125028266402,0.2072178967708925,0.11385243732901579,5.322649765408438,0.39809758021231967,13.333333333333334,3.527668414752788
3.567,6,2198.0,0.0,2.3586180281970837,0.010943322430078829,0.1588390111570455,0.06590722245386504,5.658286553757141,0.12608680863528832,5.331198536139067,0.5527749206635703,1.0,0.0,2.2690095761064626,0.04943437194590505,0.009491591006009385,0.0016843537706495576,2.2690095761064626,0.04943437194590505,0.0,0.0,0.003074496078012792,0.0016859693357257348,5.658286553757141,0.12608680863528832,14.0,0.0,2.297012283021091,0.0026573572804936135,0.0685918623979546,0.030062232097962792,5.639642913955797,0.04828869795738979,4.312101910828026,0.13011934986025106,14.0,0.0,2.386422503803256,0.005531662176561208,0.1066140733291508,0.045137715497249715,5.8061351495144145,0.08063520456006058,4.632696390658174,0.2626113267896452,14.0,0.0,2.348890406956137,0.00647443119968211,0.12853855435240483,0.05371096736651549,5.679418185861735,0.09633565435724456,4.936305732484077,0.38834355380632446,1.0,0.0,2.3586180281970837,0.010943322430078829,0.1588390111570455,0.06590722245386504,5.658286553757141,0.12608680863528832,5.331198536139067,0.5527749206635703,14.0,0.0,2.351643677055629,0.02048494526954682,0.2044946753494408,0.08486579565506211,5.57236717961491,0.1781931625048334,6.188034188034187,0.9155492960791498,14.0,0.0,2.3296408590289417,0.027722371895068414,0.23241070066469638,0.09622675006279581,5.4754860965753105,0.2133794000605002,6.912393162393162,1.2159223659187945,14.0,0.0,2.293152079590406,0.045919414715012506,0.27032406561036554,0.11158929026680617,5.327394100560464,0.2817222251718789,8.362365591397849,1.8179170835973268,14.0,0.0,2.260495847641098,0.06025741373133608,0.28291312345247793,0.11625295685144234,5.226869933924026,0.3244018623549997,9.4004329004329,2.244953152884449,14.0,0.0,2.201510320136227,0.08598734304812854,0.2813147234122712,0.11364586076433876,5.081803715222161,0.3845472862599556,11.163377192982457,2.9510420287550314,14.0,0.0,2.15950416004463,0.10480997546193442,0.26703065915986196,0.1055397445576603,4.998214411371783,0.4190743768839585,12.443333333333335,3.437835128444989,13.0,0.0,2.1023834076487247,0.12998365698163822,0.23937361365684096,0.09023424910873262,4.896898098636551,0.4583558568493672,14.309071729957807,4.093537744412847,13.0,0.0,2.0666497364094805,0.14576536119101266,0.21958929320537077,0.07867421381971136,4.837240401215645,0.47964552456321835,15.596320346320347,4.485313771222572,12.0,0.0,2.024905078534768,0.16438359723942086,0.19607097398366555,0.06449555227165835,4.768156235361421,0.502639209184687,17.345991561181435,4.9533686939516235,1.9379719245269855,0.2209588577489925,0.2478906122754577,0.13507208193372677,4.473093892904277,0.5291583334781435,22.666666666666668,4.807401700618653
3.5675,6,2198.0,0.0,2.3825882504904627,0.00042157799097620465,0.013745436465206226,0.0021271166904949725,5.935852471528349,0.00424457638086325,4.1145166209210124,0.01804748353219085,1.0,0.0,2.378246233951891,0.0017675874110543038,0.006508742234251748,0.00042908023863977583,2.378246233951891,0.0017675874110543038,0.0,0.0,0.0002844909935443777,0.00013349067443635274,5.935852471528349,0.00424457638086325,14.0,0.0,2.300521533950849,0.0002442073611689136,0.007167334572568674,0.0012210368058233837,5.740552833018271,0.0024420736116573124,4.037154989384288,0.00743099787685775,14.0,0.0,2.397655444200043,0.00035386259712555726,0.011722778999559312,0.0017693129855890916,5.976554442000768,0.0035386259711974563,4.078556263269639,0.013528265241676506,14.0,0.0,2.3626249013752205,0.0003592135440688868,0.012579059851627918,0.0017960677203008825,5.887693663660609,0.003592135440623585,4.099787685774946,0.015221612168946805,1.0,0.0,2.3825882504904627,0.00042157799097620465,0.013745436465206226,0.0021271166904949725,5.935852471528349,0.00424457638086325,4.1145166209210124,0.01804748353219085,14.0,0.0,2.39639001574771,0.0005030390267949882,0.018018885571256124,0.0024907051531663114,5.963946711012391,0.004993628002912355,4.177350427350427,0.02480841927128203,14.0,0.0,2.390347976095043,0.0005654319877833072,0.02218577885445289,0.0028986237300696912,5.94259127195593,0.0057526811629034025,4.2414529914529915,0.030949731723931485,14.0,0.0,2.3939384991049897,0.0007929112425124755,0.029003928846404653,0.004056157483135253,5.9413403544928665,0.008041152468596215,4.366666666666666,0.04544966811827688,14.0,0.0,2.3928150249040185,0.001051778112826997,0.0341769778245824,0.005251294884885008,5.9307720955231735,0.010474462432834782,4.4816017316017325,0.060251358450754244,14.0,0.0,2.3899071339382987,0.001596334643408512,0.044127138832341206,0.008128067696618635,5.908577126597234,0.01614630908893502,4.714912280701754,0.08812952323425492,14.0,0.0,2.3883892885545484,0.002173637533742889,0.05296629286272034,0.011030219086601418,5.89152378209229,0.021925390172916358,4.934444444444445,0.11041224659217322,13.0,0.0,2.3845400022023093,0.0034301824055835554,0.06891888564692542,0.0165695857730393,5.857971677035384,0.033359649314912636,5.371308016877637,0.1444893568468613,13.0,0.0,2.3809997164398955,0.004945124866773034,0.08195317711104916,0.02146175632901731,5.829569525433165,0.04448991161509249,5.781385281385282,0.1707735968216795,12.0,0.0,2.3750973601861323,0.008212500033409738,0.10588569516423592,0.031451555501258936,5.778914857718976,0.06753679826032585,6.546413502109704,0.24361014458373442,2.3356215815788386,0.054217523103680755,0.33220317255126597,0.13277686142634093,5.340749195120197,0.26685553566796566,13.333333333333334,1.2292725943057183
3.569946,6,2198.0,0.0,2.3752704327968073,0.006532746084974774,0.06192077821683295,0.04418072238341186,5.845294914666771,0.082594145718394,4.506556877096675,0.3588418436478118,1.0,0.0,2.342584050687048,0.03247423048477962,0.007443474700565909,0.0009459367841311074,2.342584050687048,0.03247423048477962,0.0,0.0,0.0031130596893608766,0.0028160291326290955,5.845294914666771,0.082594145718394,14.0,0.0,2.2985572814736592,0.0015093076384665137,0.021942595542839727,0.013029154857070319,5.71347931036989,0.023250976716069637,4.112526539278132,0.06141718804845707,14.0,0.0,2.3937964730913124,0.003413399964264816,0.03678603621300927,0.023279014293296766,5.929312128408765,0.04342862911933221,4.222929936305733,0.13553565430084466,14.0,0.0,2.358492468520544,0.003702524415143683,0.046038188056604756,0.03158627829187225,5.827173889216453,0.05659389291263388,4.3354564755838645,0.22277620824368768,1.0,0.0,2.3752704327968073,0.006532746084974774,0.06192077821683295,0.04418072238341186,5.845294914666771,0.082594145718394,4.506556877096675,0.3588418436478118,14.0,0.0,2.3842753080298515,0.010841479251536982,0.08543202602680544,0.06102337042991134,5.832540231034421,0.11863662675814012,4.810897435897437,0.579324891237822,14.0,0.0,2.373015470229276,0.01609292761713629,0.09762318426671113,0.06933657121193515,5.786103899173125,0.14423460932100068,5.081196581196581,0.7927609597901345,14.0,0.0,2.3640272349832885,0.02825490224788427,0.11852936670633481,0.08232426884670965,5.732274037398718,0.19406816836665872,5.63010752688172,1.2019150710976114,14.0,0.0,2.3535455304640567,0.03718216731553017,0.129080631282773,0.08671833860983769,5.690242879235981,0.222878864478191,6.028138528138528,1.4690675672855984,14.0,0.0,2.3340107127683605,0.05347553884582608,0.14050971421020705,0.08793771513188506,5.62426221060559,0.26500995512699504,6.731359649122807,1.9214877366146796,14.0,0.0,2.318584263664396,0.0666832804446782,0.14451028282320275,0.08382363042608787,5.579695234926187,0.29108894421669873,7.284444444444444,2.232747297350769,13.0,0.0,2.296564783364255,0.08320462180227453,0.14966002227963693,0.0761504278907328,5.5169219249911805,0.31850975390830977,8.137130801687762,2.6206794872542103,13.0,0.0,2.2821733408511586,0.0921849800006655,0.15622028965255622,0.07231026479137058,5.47110291764906,0.33196089076916113,8.829004329004329,2.839163553623903,12.0,0.0,2.2627832958623877,0.10197947256699015,0.17062948965629002,0.07150601567175684,5.401014005171535,0.3469003148939225,10.007383966244726,3.0858639404209702,2.105699897294621,0.16367744908776033,0.1794058151961453,0.06999644082917145,4.995141020442333,0.47852936514407646,19.166666666666668,4.308260798873614
3.57,6,2198.0,0.0,2.3567615665991166,0.011381706866933803,0.15948483686841428,0.06466460778117505,5.652676661195172,0.12538912591745482,5.361924367185117,0.5532259900642994,1.0,0.0,2.2667460638164303,0.04919686985584081,0.009458998897270619,0.0016273405166598767,2.2667460638164303,0.04919686985584081,0.0,0.0,0.000823384220120547,0.0002719974460650101,5.652676661195172,0.12538912591745482,14.0,0.0,2.295132849856046,0.002927734343375654,0.06241931838605338,0.0258682797595508,5.644203147061038,0.04535539537858208,4.305732484076434,0.12545237762602884,14.0,0.0,2.3845311911040508,0.006141071289300649,0.10246017702824052,0.04240384297034016,5.8076377122177645,0.07859359112782083,4.630573248407644,0.25739104905957644,14.0,0.0,2.3484863961716957,0.006278776277026144,0.12619802172944908,0.05141252243518627,5.681918957835067,0.09267334487025167,4.9267515923566885,0.3732605448632768,1.0,0.0,2.3567615665991166,0.011381706866933803,0.15948483686841428,0.06466460778117505,5.652676661195172,0.12538912591745482,5.361924367185117,0.5532259900642994,14.0,0.0,2.348892232562807,0.020899645932309748,0.20771774847859503,0.08281499091049534,5.560653958689124,0.17642943036442899,6.242521367521367,0.9098190484529065,14.0,0.0,2.325783383918002,0.02871678413790848,0.23790954559952468,0.09315133316541001,5.457594141395719,0.21103424921410496,6.980769230769231,1.1971835327689013,14.0,0.0,2.2833201238101766,0.049118506866931796,0.27864925978869115,0.10643091829694379,5.290326419842404,0.28138443438450744,8.578494623655914,1.8404893606948256,14.0,0.0,2.243525119857827,0.06596461888314407,0.2898505841401369,0.10811284744862795,5.174036923434362,0.32574154697486585,9.809523809523808,2.331319959568811,14.0,0.0,2.1717002946818926,0.09589345698399751,0.28489322447264,0.09949761381502419,5.001910899995772,0.38657009408549126,11.895833333333336,3.1313828704770983,14.0,0.0,2.121563066757948,0.11685440338124659,0.2702493486546658,0.08721751102262619,4.898533643912873,0.41882496945118974,13.348888888888888,3.6400259122670144,13.0,0.0,2.0548480864245393,0.14287743182332607,0.24756738698503358,0.06855416002539336,4.765769135583798,0.452104629891247,15.296413502109706,4.227080079015505,13.0,0.0,2.015179354580353,0.1571608009381898,0.23705848145393385,0.05938522293764594,4.682360664269982,0.4663279241421061,16.556277056277057,4.536714747618724,12.0,0.0,1.9626981513380242,0.1742818368739085,0.22438490597949823,0.05517757897451001,4.570168019375813,0.4812660241248997,18.248945147679326,4.837865737950106,1.819226622731667,0.2010464351087872,0.2047255576381429,0.08750449754089014,4.240978220371953,0.5036858892323872,24.0,4.0
3.570279,6,2198.0,0.0,2.3739388842637417,0.007599395822130361,0.062648042398394,0.04223374262230833,5.840875147061763,0.08234571595882773,4.522949069838366,0.3560338234763595,1.0,0.0,2.340539480149072,0.03227520758147052,0.006982368873945473,0.0011616946425917882,2.340539480149072,0.03227520758147052,0.0,0.0,0.012109045825916707,0.007989883163534085,5.840875147061763,0.08234571595882773,14.0,0.0,2.2979597153464315,0.0023600847424719343,0.02280728392843698,0.014580010133507411,5.710688362473426,0.027766342495614618,4.113588110403398,0.06777614130314237,14.0,0.0,2.3933793874361897,0.004235582589699784,0.0374794494944749,0.025146335783286372,5.92722929434876,0.048306941107568016,4.237791932059448,0.15820188131426796,14.0,0.0,2.356872750233434,0.005242478849315422,0.048279459950920485,0.03214087523201395,5.819762685657203,0.06131385114686863,4.3630573248407645,0.24345323326550594,1.0,0.0,2.3739388842637417,0.007599395822130361,0.062648042398394,0.04223374262230833,5.840875147061763,0.08234571595882773,4.522949069838366,0.3560338234763595,14.0,0.0,2.381331821910815,0.013220082705051641,0.08422483918907513,0.05574269322478099,5.826992295993424,0.11663356027900275,4.851495726495727,0.575990263605201,14.0,0.0,2.3705076058519277,0.017638028710755232,0.10250808085492898,0.06684610777815726,5.772506893347427,0.14430652049994988,5.169871794871795,0.7944801040718033,14.0,0.0,2.3606503763478996,0.030018476671600767,0.12996237106275887,0.08122098946888151,5.70668238427561,0.19659468583347664,5.811827956989247,1.2294765845615772,14.0,0.0,2.347314889891262,0.04136311896391875,0.14375280657607786,0.08542688623387397,5.652658014864038,0.2308502348856961,6.311688311688311,1.5653616202989822,14.0,0.0,2.319278193363719,0.06483603682210864,0.15657034880585832,0.0815621952753108,5.5633399602005085,0.2816888634361188,7.24232456140351,2.1599132198641224,14.0,0.0,2.297529115849114,0.08312740952584079,0.1630972313217643,0.07440606470692862,5.499176942640138,0.312770239169241,8.007777777777779,2.599577980944666,13.0,0.0,2.267760457741472,0.10564358618773587,0.17674072154004764,0.0683798075067711,5.404290062043608,0.3464785389631439,9.171940928270043,3.1601954824894167,13.0,0.0,2.2470511900491625,0.12000200514602662,0.18932921262109134,0.0703178913276835,5.333634156191269,0.36682717380345947,10.030303030303031,3.4744898612754325,12.0,0.0,2.2161547344215107,0.13779811634044917,0.21145720827533684,0.08428483466800757,5.223201023640771,0.3955262559417629,11.343881856540085,3.823705308275492,1.9592385802703365,0.19898693334873108,0.14885919749014942,0.05706229096875085,4.674807654440617,0.5503767055163034,20.5,4.224926034855522
3.5725,6,2198.0,0.0,2.3746361265795275,0.007259480612524016,0.06271879134327131,0.04550287286375011,5.8425121294339135,0.0863987052117393,4.518679475449832,0.3743591058010183,1.0,0.0,2.3414588216775014,0.03395961423730769,0.007423283173226697,0.0010069220330464028,2.3414588216775014,0.03395961423730769,0.0,0.0,0.0016510521875706442,0.0008888578570023397,5.8425121294339135,0.0863987052117393,14.0,0.0,2.298827010994135,0.0020596416774313186,0.025547946524969094,0.02016971691469489,5.708745607697886,0.03539603411851938,4.1252653927813165,0.09996370616300833,14.0,0.0,2.393043356218913,0.004916580545685511,0.04333565056307854,0.03310890616673274,5.917604914702664,0.06195207860743164,4.273885350318471,0.2069099889953437,14.0,0.0,2.357329114220743,0.005041508814276069,0.05227958800555186,0.03835735037171544,5.814903403543529,0.07012967547264115,4.39171974522293,0.2833440522545283,1.0,0.0,2.3746361265795275,0.007259480612524016,0.06271879134327131,0.04550287286375011,5.8425121294339135,0.0863987052117393,4.518679475449832,0.3743591058010183,14.0,0.0,2.3820983493950707,0.012932075207130259,0.08660892333768443,0.061778668322689856,5.825332488481149,0.12499788487720194,4.8568376068376065,0.626591042293936,14.0,0.0,2.370792070240987,0.01789690082334113,0.10202466344513862,0.07129641796515195,5.77394318043476,0.15167790877180637,5.150641025641026,0.8318786613240767,14.0,0.0,2.359317555484951,0.03197727648538263,0.1244159782648615,0.08168252999228222,5.711669921315084,0.2023342375064388,5.741935483870968,1.2542130181240236,14.0,0.0,2.3458147163859424,0.04338412388521955,0.13567804513073536,0.08391025609571992,5.661019723268754,0.23396308713620473,6.203463203463204,1.5765449842748347,14.0,0.0,2.3211745393897645,0.06311262771191105,0.14825645322670664,0.07939353330187124,5.58055166863435,0.275558736988316,7.019736842105263,2.1014514561440643,14.0,0.0,2.3021852473309297,0.07842966520570685,0.15489321722986235,0.0716989184783396,5.523123292482531,0.30054460573417235,7.697777777777778,2.4878118701450416,13.0,0.0,2.270626907900655,0.10120299206136038,0.16482694080449584,0.059503398004440086,5.4293268585448935,0.332868749055285,8.802742616033756,3.0383915047503596,13.0,0.0,2.2476470050769026,0.11517016989907305,0.17359890651834095,0.05410405291662603,5.358719152914745,0.35028475122176966,9.673160173160174,3.369746021007717,12.0,0.0,2.212306167219077,0.13179552770647734,0.18702359666836973,0.05503434291819144,5.250230023045138,0.3710298930372868,11.013713080168777,3.692146500303116,1.9574811685211309,0.1695910647428623,0.2060245322060915,0.06991191533090634,4.584666122993689,0.47906959633962204,21.5,4.240676046732801
3.57439,6,2198.0,0.0,2.373150762127596,0.0070748534114090916,0.06535105982825838,0.03805912970586638,5.834850315576605,0.0747661399144598,4.551616346447087,0.32474969341898285,1.0,0.0,2.3385953247567683,0.029372927960452627,0.007758664210211444,0.0008973034897526141,2.3385953247567683,0.029372927960452627,0.0,0.0,0.002458256094943585,0.0014939766712628972,5.834850315576605,0.0747661399144598,14.0,0.0,2.298579311064909,0.0018296713665416145,0.024663303920585095,0.013454818000650065,5.709453321781397,0.02468367446619665,4.123142250530786,0.06261650083889359,14.0,0.0,2.39360223758904,0.0034044023534567083,0.03934957041218107,0.021172083124402944,5.92498123835433,0.040241920958869234,4.249469214437368,0.13292040539178998,14.0,0.0,2.3579576281536676,0.003634627294081793,0.04950545517613789,0.02857407503212336,5.820635887619962,0.051926627210117725,4.365180467091295,0.20794441499875724,1.0,0.0,2.373150762127596,0.0070748534114090916,0.06535105982825838,0.03805912970586638,5.834850315576605,0.0747661399144598,4.551616346447087,0.32474969341898285,14.0,0.0,2.3801630949374153,0.012845180164831866,0.08899741356869723,0.05077737119060786,5.816911616990493,0.10824259235633767,4.898504273504273,0.5431910141275478,14.0,0.0,2.3684219112451883,0.017412355428581078,0.10682613119286673,0.05994325819678861,5.760815581323673,0.13338240662571263,5.21474358974359,0.7393608565658478,14.0,0.0,2.356653225011403,0.030139788833451964,0.13683487582427326,0.07196158501577579,5.686380748792096,0.18308149658969664,5.891397849462366,1.1502647651500322,14.0,0.0,2.3436738834584356,0.03982835959744898,0.1551548663357901,0.07637462158515133,5.626452409142402,0.21369567755201072,6.417748917748917,1.4487784432170456,14.0,0.0,2.3189900707066338,0.05740791539528933,0.1786067037240547,0.07454996341018967,5.5295651211805,0.2536314146684633,7.355263157894736,1.924678895404507,14.0,0.0,2.3007114189188647,0.07066077111912444,0.19239304471081306,0.06836492318268092,5.4631889802309415,0.2746084754078442,8.083333333333334,2.249220935082816,13.0,0.0,2.275469221324991,0.08572458661160903,0.21739799359407488,0.0636184070153991,5.362576062921364,0.2955154698820836,9.228902953586498,2.648809120660741,13.0,0.0,2.257565111542453,0.09431754100585141,0.24007549862899438,0.06528897346447152,5.283799530912642,0.3062568952630643,10.155844155844155,2.880472442712374,12.0,0.0,2.226176792785891,0.10411128071000073,0.2770908480619794,0.073458863087827,5.149805709871758,0.3195511386519009,11.743670886075948,3.1539606349481177,1.8990703417916126,0.14633990790890075,0.3007953140789959,0.0586626658253238,4.296482883360539,0.4184019536276414,23.166666666666668,3.1242776943016946
3.575,6,2198.0,0.0,2.376926243321387,0.005945049773394956,0.05138285841321797,0.03732398211519864,5.865241320683643,0.07084720883610757,4.4225373589509,0.3082502639916353,1.0,0.0,2.350339486541653,0.027849685967953054,0.007071597113660574,0.0008193293022223698,2.350339486541653,0.027849685967953054,0.0,0.0,0.01365189886684128,0.009685813603345514,5.865241320683643,0.07084720883610757,14.0,0.0,2.2993891914172053,0.0018057189035804867,0.01778304582517665,0.012207274878980837,5.72179840980525,0.022785457828025858,4.0934182590233545,0.06259490025151863,14.0,0.0,2.3952167038188144,0.0029998313902306816,0.02975512209431629,0.020669370871614117,5.943409076405561,0.03847816221923028,4.185774946921444,0.12601613886870433,14.0,0.0,2.359272731125557,0.003836350934360828,0.03675207406574219,0.02575237104856773,5.843053716715279,0.04820749348903263,4.277070063694268,0.19218190622390674,1.0,0.0,2.376926243321387,0.005945049773394956,0.05138285841321797,0.03732398211519864,5.865241320683643,0.07084720883610757,4.4225373589509,0.3082502639916353,14.0,0.0,2.386337846783248,0.010305859252381037,0.07155660161150702,0.05174124166823118,5.858509714540858,0.1033628379825213,4.697649572649572,0.5155839450259008,14.0,0.0,2.376953581161026,0.013691602103752896,0.08380798611016271,0.06071467975451705,5.816671973737324,0.12526794925659482,4.928418803418803,0.6884158109777473,14.0,0.0,2.3700396531783565,0.02433053927163447,0.1061532689626946,0.07582548527379017,5.765869229501848,0.17438954628520248,5.444086021505377,1.0802248152678253,14.0,0.0,2.361502648171974,0.03168130201420168,0.11934720048446691,0.08381752583305203,5.724735819703234,0.20458292000499037,5.812770562770562,1.3452182436638858,14.0,0.0,2.3445930575102323,0.04551743468558094,0.13576583731496353,0.08975307646088174,5.657833887803133,0.24737907843819115,6.483552631578948,1.791405006231903,14.0,0.0,2.3318452394430014,0.05617262601347276,0.14328529819134772,0.0892319218949153,5.614685151320482,0.2723192271006574,6.986666666666667,2.089543632612776,13.0,0.0,2.3129375875409446,0.06927629557957429,0.15317462767290968,0.08624833705636843,5.552582027342997,0.2982355748828867,7.753164556962024,2.4374627580533135,13.0,0.0,2.299040989515155,0.07701487842835728,0.1601657301628986,0.0839007452953045,5.507353878543539,0.3118301900134452,8.371212121212121,2.6626556755832635,12.0,0.0,2.280511979445231,0.08567944540472729,0.1717111484800439,0.08255238390168142,5.443713225893011,0.32794811262463436,9.391350210970463,2.9299839416405153,2.128372178339467,0.16345026143467256,0.14864727511962425,0.058403497757950985,5.09795953316923,0.48276855529319307,18.333333333333332,4.356349134054544
3.5775,6,2198.0,0.0,2.380201271918381,0.001323985849952785,0.026970591365781654,0.007011614946297434,5.910047292747283,0.013787204303479869,4.225144861238182,0.058128239912160574,1.0,0.0,2.367946904485256,0.0054679525916140085,0.006546645643904804,0.00028726106819945707,2.367946904485256,0.0054679525916140085,0.0,0.0,0.013446876172826786,0.011799311491869004,5.910047292747283,0.013787204303479869,14.0,0.0,2.3001943891349232,0.0003458092090535529,0.010218486819164327,0.0026872608878134,5.735158242608563,0.004811562718312794,4.056263269639067,0.014091332064581876,14.0,0.0,2.3970640372861456,0.0006297313058576195,0.01607182856307443,0.003957881355304115,5.968552350370753,0.007446827049129988,4.10615711252654,0.025300159846736725,14.0,0.0,2.3616281738002223,0.0007835588250059786,0.019157129786838638,0.004754231495682299,5.875334739820297,0.009013911578973327,4.146496815286624,0.03492552868786094,1.0,0.0,2.380201271918381,0.001323985849952785,0.026970591365781654,0.007011614946297434,5.910047292747283,0.013787204303479869,4.225144861238182,0.058128239912160574,14.0,0.0,2.392796120482753,0.00188108714314296,0.037783351710072806,0.009970647430005017,5.925315273641772,0.019549565745198165,4.364316239316239,0.09344352039669412,14.0,0.0,2.3860471636292573,0.0023272817682764885,0.045187159587955245,0.012116488244696065,5.8973371696912125,0.02383074586426737,4.470085470085469,0.12335557250436366,14.0,0.0,2.3875157600889856,0.0034963444646176774,0.06045721517888819,0.01659191597646865,5.878103577454131,0.033367509003842014,4.71505376344086,0.18744806965760016,14.0,0.0,2.384480232417513,0.004589514477183657,0.07116635309885573,0.019974577419283702,5.8544510513954995,0.041095132769003506,4.911255411255412,0.2394491219679177,14.0,0.0,2.3776421625617172,0.0068576616242780825,0.09177092877126973,0.027134226031821595,5.806449013247387,0.05740445381359002,5.342105263157895,0.3542097768559105,14.0,0.0,2.3726838684225897,0.008857826984773333,0.11069993562616137,0.03414491064096862,5.765659767617232,0.07296833735632413,5.758888888888889,0.46315957306683936,13.0,0.0,2.364160511210739,0.011814925939312318,0.144466828564183,0.04685105456582832,5.693701035180574,0.09969411609532881,6.486286919831223,0.6521146188491095,13.0,0.0,2.3564414153579634,0.014393275281255849,0.17322939635131998,0.05757233608117098,5.631259443867929,0.12232761425684947,7.172077922077922,0.8200225805819653,12.0,0.0,2.340030427055373,0.02044490407345059,0.219511761341827,0.07420522022620497,5.520808425625689,0.1622679525606225,8.5,1.1589827149751055,2.0198528974807903,0.16154525182064444,0.23162929876844363,0.06917445547616916,4.70218829554931,0.46457259567767545,20.333333333333332,4.271351594571026
3.578501,6,2198.0,0.0,2.371636115194956,0.0060432466117069945,0.07561117941906724,0.03596755476360589,5.81567351885879,0.06901451010929895,4.632433668801464,0.29879422828690266,1.0,0.0,2.3309165749917438,0.02710380261661038,0.007745279080379436,0.0010067689754974711,2.3309165749917438,0.02710380261661038,0.0,0.0,0.0232088711240777,0.021021345289176707,5.81567351885879,0.06901451010929895,14.0,0.0,2.2976813123475948,0.0017168878542367923,0.027737869340084074,0.014194450404584488,5.702596476858862,0.025450199736142345,4.142250530785563,0.07494421483958726,14.0,0.0,2.3916297505260578,0.0038541653349876697,0.046357736220020325,0.023358708663334504,5.909537771985112,0.0446432664650507,4.300424628450107,0.1511708592437983,14.0,0.0,2.3553452370957952,0.0044396145188987865,0.05613349060890446,0.02867985323618543,5.804162856826132,0.05405654842951345,4.43312101910828,0.2178803293966269,1.0,0.0,2.371636115194956,0.0060432466117069945,0.07561117941906724,0.03596755476360589,5.81567351885879,0.06901451010929895,4.632433668801464,0.29879422828690266,14.0,0.0,2.37839468868812,0.01066015498078424,0.10536395972311922,0.0509359810193442,5.787940782135621,0.10304712964365544,5.032051282051282,0.5112288333112348,14.0,0.0,2.3669764887583202,0.014572790077201116,0.1257771096941388,0.0605305204636419,5.728775557354594,0.12716839172508504,5.3643162393162385,0.6954964090124617,14.0,0.0,2.356782924589774,0.024065332494195613,0.1624955944574529,0.07487499668324256,5.6482139197882555,0.17201920824698547,6.06236559139785,1.0565366186490754,14.0,0.0,2.343913645827242,0.03234916001688162,0.18388500587309156,0.08096941975488908,5.583956605758466,0.20119251653461767,6.609307359307359,1.3283005913472186,14.0,0.0,2.319354011627983,0.04844350265888496,0.2134451883885606,0.0850006770793845,5.478217246487116,0.2449260408505397,7.573464912280701,1.7948018077667574,14.0,0.0,2.3000525373834058,0.061062179145205266,0.23056283965792648,0.08406048987190473,5.404287083971622,0.27118410775876595,8.34222222222222,2.123790229347429,13.0,0.0,2.268309481784233,0.0779303290936373,0.2495284885811452,0.08201529010376188,5.2964809715888626,0.30136568717349754,9.537974683544304,2.5659438271695465,13.0,0.0,2.2413789096030254,0.0890794763620824,0.26077815398915233,0.08239107848933408,5.212280043023834,0.32173355982943525,10.558441558441558,2.89772293765667,12.0,0.0,2.2033904294250615,0.10063350701968134,0.2756152048232911,0.08614367334868564,5.095053266327716,0.3477279390347893,12.098101265822786,3.2976229342518484,1.9658360796070173,0.1682486920424851,0.22639781417246438,0.07683469070761684,4.574993477758846,0.48509303584884356,20.166666666666668,4.763868642652151
3.58,6,2198.0,0.0,2.3788322442027576,0.0009991205683527132,0.03452444815725923,0.005424096151908078,5.895293938271007,0.010569809434893112,4.286596523330284,0.04469450298751158,1.0,0.0,2.3623624076335474,0.004113390545749018,0.0070747205419089505,0.00023655372485239718,2.3623624076335474,0.004113390545749018,0.0,0.0,0.005272266835089727,0.0025796959778067617,5.895293938271007,0.010569809434893112,14.0,0.0,2.2997564045718932,0.00042674439240737884,0.012408409634279293,0.0025184532458920068,5.730778396978315,0.004698724507200388,4.067940552016985,0.013824900718556004,14.0,0.0,2.3962763194975225,0.0006246230011680554,0.020340861374965182,0.0034136721220043194,5.960179506681359,0.006581499835502433,4.131634819532908,0.022649062170861323,14.0,0.0,2.360789740148492,0.0007600859280211406,0.02463148488556551,0.003939802841504656,5.865027123042881,0.00760860917719564,4.187898089171974,0.030089502758626256,1.0,0.0,2.3788322442027576,0.0009991205683527132,0.03452444815725923,0.005424096151908078,5.895293938271007,0.010569809434893112,4.286596523330284,0.04469450298751158,14.0,0.0,2.390080054089251,0.0015571360870993976,0.05012514568726676,0.008150372851880753,5.900012416692227,0.01595032507987895,4.475427350427349,0.07749814718340209,14.0,0.0,2.3833627315521753,0.0017813195682888044,0.05951113446661057,0.00981616643059305,5.869140127180525,0.018854947652879993,4.60042735042735,0.09688704315174893,14.0,0.0,2.3833816447592313,0.003069769440600466,0.08085116259787567,0.015090244268408671,5.837177368001265,0.029872704299049854,4.91505376344086,0.1670408563942875,14.0,0.0,2.3796058561517968,0.00424166331482251,0.09693461042237568,0.01983228709882521,5.803612724745928,0.039867236552415794,5.16991341991342,0.22892667608713965,14.0,0.0,2.370985856024568,0.0070466565104009464,0.12523427818727453,0.028933427683731295,5.7396132227805055,0.06043130873517526,5.675438596491229,0.35935214525129333,14.0,0.0,2.3634626261865925,0.010000781982254596,0.14763407871733533,0.03655886830224652,5.687205447390476,0.07908486977244114,6.146666666666666,0.4885898075072791,13.0,0.0,2.3473539620443193,0.016291350466945673,0.18537415815243904,0.049285063636769544,5.5903236678821395,0.11325167191642774,7.037974683544303,0.7532443314841439,13.0,0.0,2.330426999136282,0.02300965490926723,0.21876254860302155,0.0600112839863783,5.497923674936172,0.1451445015185039,7.926406926406926,1.0164258793372507,12.0,0.0,2.297258992927962,0.03652181515863843,0.27050112579181335,0.07483706914792289,5.337395793632184,0.19887247562554525,9.622362869198312,1.4872130895645082,1.973151575622903,0.15310479926873555,0.3094631337122696,0.0652395938662854,4.468684238488853,0.39377952877591144,22.333333333333332,3.602468289628346
3.5825,6,2198.0,0.0,2.3748636125959335,0.004470811105983558,0.0614668164903695,0.026054562038616787,5.84495880675428,0.05018537050814127,4.49916132967368,0.21411394754985402,1.0,0.0,2.3424170634190395,0.01970349162617708,0.00738923452887939,0.000731439456602532,2.3424170634190395,0.01970349162617708,0.0,0.0,0.010188188462875516,0.006055704228246767,5.84495880675428,0.05018537050814127,14.0,0.0,2.298570637586565,0.0011451167394581645,0.02682981356279676,0.011835605970062928,5.706181873622218,0.020449137212169313,4.13588110403397,0.05960700599092757,14.0,0.0,2.3933823805689918,0.002594403915318578,0.042041212200271794,0.019016105504934957,5.920394133122071,0.03495440830877727,4.264331210191083,0.11880588792780994,14.0,0.0,2.3572216159440353,0.0033487661260611108,0.049980049123799906,0.023110481450623638,5.818083966174388,0.04298921628807739,4.371549893842887,0.17080412196279202,1.0,0.0,2.3748636125959335,0.004470811105983558,0.0614668164903695,0.026054562038616787,5.84495880675428,0.05018537050814127,4.49916132967368,0.21411394754985402,14.0,0.0,2.383300584799683,0.007973422639524304,0.08622169365368966,0.036830623999286376,5.828918921518674,0.07496472120403944,4.840811965811966,0.3705084459367733,14.0,0.0,2.3732222718599054,0.010760530952408478,0.10598823466774603,0.046015635148675925,5.774073327648146,0.09567369792850149,5.13034188034188,0.5143770892101462,14.0,0.0,2.366459692732215,0.01807662739520248,0.14163325260551504,0.059841670801916394,5.703699352922264,0.13427068747841509,5.756989247311828,0.8047632505693773,14.0,0.0,2.35643889209079,0.024433915967543657,0.1657192345945724,0.06818651583410812,5.642518378335115,0.16216481459745619,6.259740259740259,1.0349462472757216,14.0,0.0,2.3364956366612275,0.036885235783381785,0.2050338981613156,0.07893592467031788,5.533688244411095,0.2076301449547718,7.2105263157894735,1.4561733773468781,14.0,0.0,2.318847382132491,0.04827608003876236,0.23078858965881355,0.08326773302263223,5.450935570843008,0.2400164653390727,8.015555555555554,1.7869225908469044,13.0,0.0,2.2840725818714915,0.06701874989591092,0.25846208008656074,0.08244138979704566,5.322488334548887,0.2777251582119266,9.345991561181435,2.2221191603155117,13.0,0.0,2.2570782790210266,0.07761527762036378,0.27666162416698076,0.08287815410097622,5.2277032613020955,0.2973118016705708,10.45238095238095,2.4954676781224276,12.0,0.0,2.2154948299155697,0.08997843382799749,0.29967119851763474,0.08460919003048879,5.089230277012472,0.321713884183324,12.30590717299578,2.9047000070080684,1.8998201508235224,0.15733077252222916,0.2610718224641559,0.05948521439466083,4.357942643362571,0.4371706871980586,24.166666666666668,4.400126260814695
3.582612,6,2198.0,0.0,2.377246212195953,0.00042460516594153107,0.043670118021161185,0.0024487443690699153,5.877610353458142,0.00452946843613631,4.360018298261665,0.019869980029596727,1.0,0.0,2.355209202807155,0.001861451342642708,0.006941769039830956,0.0002478468622473853,2.355209202807155,0.001861451342642708,0.0,0.0,0.06819585418720746,0.059467545570210945,5.877610353458142,0.00452946843613631,14.0,0.0,2.298858405854577,0.0002695415315320722,0.016190689137285455,0.001026036261021599,5.722859980930516,0.0021445099065537584,4.090233545647558,0.008126394568579456,14.0,0.0,2.395260284133522,0.0004987521078409237,0.02435946706963157,0.0022633593080604295,5.951611509729357,0.004632083323783631,4.158174097664543,0.018343998191331482,14.0,0.0,2.3597350266072583,0.0006341517449527823,0.029528314266606976,0.002342955207708485,5.855045095118236,0.004977054562822656,4.2239915074309975,0.023223915590680922,1.0,0.0,2.377246212195953,0.00042460516594153107,0.043670118021161185,0.0024487443690699153,5.877610353458142,0.00452946843613631,4.360018298261665,0.019869980029596727,14.0,0.0,2.3875604246799678,0.0007263789214964882,0.06539363716138902,0.003581359987141352,5.8708106059578355,0.0067540772600976655,4.612179487179488,0.034030754676637694,14.0,0.0,2.37945658729633,0.0011615652926836074,0.0799277002033814,0.0043491970214902765,5.828749917935755,0.009032002964912975,4.792735042735043,0.048131497989283345,14.0,0.0,2.376612013929549,0.001468474363788697,0.1139933136962845,0.007851231884931824,5.770540064279447,0.014993813578134287,5.2602150537634405,0.0801086093597932,14.0,0.0,2.370524129185806,0.001546764405563102,0.14108220884693448,0.011010351952147399,5.714687009694113,0.01980142749247538,5.6439393939393945,0.0992666745617481,14.0,0.0,2.357379453630912,0.002411306383676865,0.19223972559607683,0.01687909702435637,5.605089045683162,0.030056542895071495,6.43201754385965,0.14552880088399817,14.0,0.0,2.3443832921856558,0.003632938110083289,0.23541904422830373,0.021236475598732443,5.507829664121684,0.03953155716871818,7.206666666666667,0.1944488888380964,13.0,0.0,2.3163865716711904,0.007697435690129672,0.30716670164237564,0.027693426720156848,5.330216376714412,0.059220074327359234,8.658227848101264,0.3304096531721839,13.0,0.0,2.288601029442332,0.012118122423251615,0.362154503203375,0.033350995630853884,5.178270818800766,0.07765017190741853,9.927489177489178,0.43893867827299815,12.0,0.0,2.2353809087470284,0.018963307939573425,0.43732423379927626,0.03866729732135388,4.9324659211686575,0.09928500339846176,12.246835443037975,0.5989384224471318,1.6629288902332107,0.02803673447171703,0.3562587785439941,0.03491671376705061,3.622934057767036,0.04381124608522491,30.0,0.8944271909999159
3.585,6,2198.0,0.0,2.3757624804694872,0.001952871238353567,0.050898809026149794,0.010246191713886271,5.863057987634495,0.020203591736884484,4.422766087221714,0.08490418196962844,1.0,0.0,2.3500947850757186,0.007856938587434789,0.008119316703201516,0.0005635765566437649,2.3500947850757186,0.007856938587434789,0.0,0.0,0.003205456806203863,0.002281859961741371,5.863057987634495,0.020203591736884484,14.0,0.0,2.2981593652493904,0.0009543811002224126,0.021809034413652992,0.004535118689221245,5.712684861502997,0.008857916007707807,4.117834394904459,0.02492771542388264,14.0,0.0,2.393735452822831,0.0014437228131812209,0.034236868048488044,0.007197620986095042,5.932983329984345,0.014169657385310182,4.223991507430998,0.04739175007547707,14.0,0.0,2.3578348367497592,0.0014844478297063486,0.03951008361894451,0.008059102047655656,5.835321966445982,0.01575999506528099,4.304670912951168,0.06180678234951097,1.0,0.0,2.3757624804694872,0.001952871238353567,0.050898809026149794,0.010246191713886271,5.863057987634495,0.020203591736884484,4.422766087221714,0.08490418196962844,14.0,0.0,2.385928158462684,0.0028799488168308116,0.07409729189583554,0.014895140687548497,5.853674458312958,0.02941388439406638,4.702991452991452,0.14294217020252503,14.0,0.0,2.378288126248617,0.0035366505712515536,0.08710716306456819,0.01844951301724635,5.815059571024693,0.03645135298417413,4.869658119658119,0.18385010744079056,14.0,0.0,2.3759255670759027,0.0058451439217788535,0.11500455762711437,0.02545206370060592,5.767307081249085,0.05259714246350855,5.289247311827957,0.28527228252376885,14.0,0.0,2.3696216902665537,0.008147495888094628,0.1331888763230143,0.030263989095786335,5.724270911181862,0.06538818917672624,5.625541125541125,0.3764205554291337,14.0,0.0,2.355715173682133,0.013841994137398762,0.16318900928275937,0.03882882681739074,5.644504420281192,0.09158730120154833,6.2894736842105265,0.5699231898159044,14.0,0.0,2.343575936576253,0.019778536458487463,0.18586125714974133,0.046026669952854864,5.580147955716021,0.11633786859353167,6.870000000000001,0.7546316246281287,13.0,0.0,2.3196960809697544,0.032067725218339435,0.21523534743712971,0.05537206122822397,5.4763871812686915,0.15950772790453455,7.853375527426159,1.1023872953441753,13.0,0.0,2.2998426354594814,0.04204458177990357,0.23622225372845274,0.05986558873607516,5.395273208056024,0.19061204814287144,8.712121212121213,1.3828218154321743,12.0,0.0,2.2656443200905776,0.05839305099648059,0.26367555057416403,0.061579166585387785,5.268597474365198,0.23090687050314662,10.26054852320675,1.8932010918150621,1.9895123456701773,0.15068313598337796,0.3451486538888142,0.07921729256089363,4.456057883342222,0.3724147893591715,20.666666666666668,4.184627953726724
3.586723,6,2198.0,0.0,2.3768639914136043,0.002780700304806321,0.0498280276573804,0.016913574007645663,5.867417937047939,0.03213115880546257,4.404467825556573,0.1351166601063622,1.0,0.0,2.3515307627462283,0.0125668878870957,0.0076059798784203865,0.0007394600903396272,2.3515307627462283,0.0125668878870957,0.0,0.0,0.01855166645441092,0.009669684925942853,5.867417937047939,0.03213115880546257,14.0,0.0,2.2982962254315162,0.001271350113237364,0.0204170194195419,0.0068172796849283014,5.715115034449479,0.013351272527847,4.10615711252654,0.03525950603468158,14.0,0.0,2.3943929485104904,0.0019325089743021662,0.03274208799190273,0.011093769937095523,5.936869239288371,0.021344786699619287,4.207006369426751,0.06855645723869384,14.0,0.0,2.3588311492502414,0.002089336190836699,0.03973644574773833,0.013452590938464364,5.837473204503996,0.02526270561621507,4.295116772823779,0.0986427518285743,1.0,0.0,2.3768639914136043,0.002780700304806321,0.0498280276573804,0.016913574007645663,5.867417937047939,0.03213115880546257,4.404467825556573,0.1351166601063622,14.0,0.0,2.3877208877024545,0.0039697860840510754,0.0703620526680629,0.02386366008928493,5.86375914025404,0.04526318976913717,4.652777777777778,0.21614016256499205,14.0,0.0,2.3805348526903205,0.0046152711176609676,0.08428912998516686,0.02912385830872978,5.824903436748052,0.05478219065787088,4.840811965811966,0.2826596811737376,14.0,0.0,2.3797335308068113,0.006638735460223797,0.11102673482213345,0.03875353397667967,5.782793724783827,0.07425846174305155,5.258064516129033,0.42753315587875806,14.0,0.0,2.37531327622561,0.008201064999514767,0.12968636536676406,0.04552441517694256,5.7437536425138775,0.08827647499179576,5.582251082251083,0.5410086453825541,14.0,0.0,2.3657352701279435,0.011745904256342617,0.16068421370692543,0.057311332712684813,5.673311854759471,0.11504037191945028,6.2105263157894735,0.7704525088081139,14.0,0.0,2.357372716813542,0.01565898185403935,0.18661441741875637,0.06802361774498537,5.61351016590572,0.14105995748078026,6.768888888888889,0.9909735828846847,13.0,0.0,2.337750274102626,0.025832654305948076,0.22321327195516025,0.08296007144473709,5.5095557773238255,0.18861877030924312,7.7626582278481,1.4204753524766058,13.0,0.0,2.3159089889276494,0.037887677216743645,0.24661901748010928,0.09054091239010967,5.4198439460989585,0.22835075977648617,8.70021645021645,1.8300274425255336,12.0,0.0,2.2712516467006845,0.062013672581706536,0.2764581463658306,0.09716430085189871,5.263441897202965,0.2923482812342607,10.39240506329114,2.543759519423189,1.9848222956285806,0.17459437376698722,0.2441395410358728,0.08487042394466648,4.5958464275176425,0.4770192125176902,18.333333333333332,4.680930581744523
3.5875,6,2198.0,0.0,2.3725136797293955,0.0021717544572177777,0.07300764018286914,0.01564215169826593,5.821772739049187,0.028833442473176023,4.5980481854223845,0.12328555170577286,1.0,0.0,2.3339171068073927,0.011398621064163748,0.008680018646196533,0.0005084227203325016,2.3339171068073927,0.011398621064163748,0.0,0.0,0.008242067874005915,0.0036531645692971636,5.821772739049187,0.028833442473176023,14.0,0.0,2.2974950185575547,0.0008793262869211015,0.028669338290274682,0.004935544231526969,5.700733538958477,0.009144346842442542,4.139065817409766,0.027093990508114448,14.0,0.0,2.3925456150431597,0.0011091711216748017,0.04549391257295323,0.008586289813653615,5.913123168748469,0.015393887427897966,4.2876857749469215,0.05258582336198991,14.0,0.0,2.3556555988249115,0.0015480070462757585,0.0571690412991477,0.01183765948585536,5.803385435113557,0.021503338262526473,4.432059447983015,0.08579307579960936,1.0,0.0,2.3725136797293955,0.0021717544572177777,0.07300764018286914,0.01564215169826593,5.821772739049187,0.028833442473176023,4.5980481854223845,0.12328555170577286,14.0,0.0,2.380783402662517,0.003974310135149784,0.10362780080079696,0.023122619748976957,5.796516805455096,0.044584289646200904,4.960470085470085,0.21247150268927098,14.0,0.0,2.3706274547606325,0.005718651193972069,0.12513681561199463,0.03052662659501836,5.73886341348359,0.060042039777127174,5.282051282051283,0.3120375166394079,14.0,0.0,2.363655071322976,0.010458788730161926,0.1649795851937939,0.04252220850992431,5.661668300516747,0.08978039688518667,5.947311827956988,0.5012711325167254,14.0,0.0,2.3545473423299055,0.014177684535667343,0.19254946398350514,0.05068074430329283,5.597544159849506,0.11116676845700296,6.466450216450217,0.6374502972822425,14.0,0.0,2.3348846027181165,0.022751129698104135,0.23811511059479287,0.06374898568223694,5.480038840903101,0.1516421855297218,7.514254385964912,0.9249859883061119,14.0,0.0,2.316754205883826,0.0316160087345402,0.27033184719448566,0.07111305267834338,5.386387743917836,0.18377501532410925,8.47,1.1878293305515397,13.0,0.0,2.2821391779287836,0.04701646122445665,0.30688073261213306,0.07574380831161867,5.24502684590376,0.2263426150348637,10.058016877637131,1.6275542718544662,13.0,0.0,2.2539998566219177,0.05874892602538141,0.3268520344049033,0.0753652704121147,5.144721589947439,0.25119502318795195,11.264069264069263,1.9333483093427017,12.0,0.0,2.202000743609059,0.0761655013982947,0.3459640195671038,0.07018599911760849,4.986055829671994,0.28302472804051193,13.28691983122363,2.4214959749462173,1.8498578573735898,0.16837283051201124,0.3336932435998116,0.06334156878377288,4.1241047780342575,0.3329918181931597,24.0,3.4253953543107016
3.59,6,2198.0,0.0,2.367564139815714,0.003472920918363677,0.09618421409452832,0.016653342238764093,5.774634028397493,0.033579899977817886,4.800853918877707,0.14398799413431115,1.0,0.0,2.3151397861695,0.013261353791255712,0.008810291350837779,0.0006476689445882184,2.3151397861695,0.013261353791255712,0.0,0.0,0.02058482293638306,0.007983792615034211,5.774634028397493,0.033579899977817886,14.0,0.0,2.2966771565177493,0.0007760793459684424,0.03275864848922782,0.003930844467390896,5.692554918560532,0.007676772779148638,4.170912951167728,0.020502343859689954,14.0,0.0,2.389523529386175,0.001482883359991752,0.05575703127528103,0.007719147349433585,5.890173276552516,0.01523195158511476,4.363057324840764,0.047749464494245344,14.0,0.0,2.3524367554055967,0.0024059314360126128,0.07040324247460956,0.011157475629540645,5.775487024802078,0.022621059627335162,4.5456475583864115,0.08893913591022436,1.0,0.0,2.367564139815714,0.003472920918363677,0.09618421409452832,0.016653342238764093,5.774634028397493,0.033579899977817886,4.800853918877707,0.14398799413431115,14.0,0.0,2.3732017124245686,0.005141085594213618,0.14077902809496667,0.025049596685925345,5.721835738918972,0.050326960967652476,5.319444444444445,0.23174896883685064,14.0,0.0,2.359828482074563,0.007396741180003844,0.1727717845584711,0.03179751113146514,5.640413528348702,0.06596970910649691,5.792735042735043,0.33846990190823756,14.0,0.0,2.3451202483472176,0.012305618890461667,0.24113609601380523,0.046589082050343074,5.5010964768473345,0.1003458909237359,6.838709677419355,0.5609886718782474,14.0,0.0,2.328137974077107,0.016642772930542775,0.2879912340175149,0.05653476271145577,5.388358084166495,0.12606191751666138,7.6818181818181825,0.746489695634457,14.0,0.0,2.29109013754636,0.02716058417509232,0.3609347759237453,0.06864157186405927,5.186323179980281,0.17025562314131978,9.341008771929825,1.113082481408539,14.0,0.0,2.2546513016453478,0.037762820423969015,0.40035652705403696,0.06900345031082958,5.036093463532314,0.19706123617979282,10.765555555555556,1.3866147604245245,13.0,0.0,2.1989959171406617,0.04890958540787383,0.4352414610459143,0.05961899940887852,4.844627601282784,0.21041738885695427,12.891350210970463,1.6028264244073567,13.0,0.0,2.1559485159963234,0.055746920181320145,0.4483015125571357,0.05113724882544857,4.717419021155105,0.21390038587700358,14.429653679653681,1.7185973398098495,12.0,0.0,2.0904355932503327,0.0651839130647987,0.45286538285485123,0.04021899739164503,4.546790908843555,0.21728703143356115,16.76793248945148,1.8563106398302358,1.640115229132484,0.11449434227479609,0.31304386486880414,0.08426218952284568,3.630722275528003,0.16030261089193848,29.0,1.4375905768565218
3.590834,6,2198.0,0.0,2.3759058386790053,0.0038052707377197455,0.04797098667676943,0.019794879247731316,5.867808116682361,0.039204805176240254,4.40454406831351,0.16788811578973395,1.0,0.0,2.351935760844736,0.01540754849322802,0.008020856952986632,0.0005239006463010578,2.351935760844736,0.01540754849322802,0.0,0.0,0.0056686000769446765,0.004107112060090906,5.867808116682361,0.039204805176240254,14.0,0.0,2.2982521662490014,0.0010681917380487827,0.020637315332108764,0.007141973883607698,5.714674442624342,0.013347974109641225,4.110403397027601,0.040339702760084924,14.0,0.0,2.3942477607454475,0.0019263273787679374,0.03068399682891738,0.0118627355533942,5.939593406620243,0.022579301398386757,4.20276008492569,0.0770045284115332,14.0,0.0,2.358320445827357,0.002492600916870274,0.03581645437061903,0.014135328700525644,5.842076433012463,0.02742630115205774,4.274946921443736,0.11044932084227602,1.0,0.0,2.3759058386790053,0.0038052707377197455,0.04797098667676943,0.019794879247731316,5.867808116682361,0.039204805176240254,4.40454406831351,0.16788811578973395,14.0,0.0,2.385537431700356,0.006507600083747846,0.06865496391279978,0.029806815102153977,5.860861133381689,0.06097432560153143,4.666666666666667,0.29399721658111033,14.0,0.0,2.3769659588663274,0.008354810775575136,0.08096684791894107,0.03665639108319415,5.820964625287407,0.0758349718671576,4.861111111111111,0.39372636993149035,14.0,0.0,2.372756123437379,0.014490103485174982,0.10562435175714945,0.04929253403618423,5.773453780957721,0.11004839118049967,5.308602150537634,0.6344539805166769,14.0,0.0,2.365361007051405,0.019792983296598007,0.1209674208119171,0.05678841566867324,5.7319513864106355,0.13446045259629663,5.649350649350649,0.8287284927604415,14.0,0.0,2.3494430463261913,0.03170555214886253,0.14318621119624853,0.0665704382729076,5.658828299021105,0.1786459751206686,6.332236842105264,1.2265303041616127,14.0,0.0,2.337620298518632,0.041331662581343305,0.15875105144482826,0.07111215136442366,5.605924169129337,0.20916666842533754,6.883333333333333,1.5120363997186292,13.0,0.0,2.3224801056953273,0.052164539175478246,0.1822551143698455,0.07577724235476113,5.532817592683549,0.2425739509533251,7.7331223628691985,1.9182662165727287,13.0,0.0,2.309005226843986,0.06146948641629542,0.19504690122390522,0.0737614210920778,5.479942715274106,0.2617297046623552,8.425324675324674,2.2190391843982034,12.0,0.0,2.288529639139228,0.07384634075139818,0.20759509621493924,0.06719031115495631,5.409931453525659,0.2803682792640458,9.341772151898734,2.5044387236494483,2.122900094756513,0.08989184539336184,0.3936844396036907,0.0817618330798643,4.7167235774857454,0.30508611648939815,19.166666666666668,3.3308323951295487
3.594946,6,2198.0,0.0,2.3728473488999557,0.0013447997820161682,0.06759511795746888,0.008451811812515413,5.830725695313688,0.015958122447734077,4.556190911863372,0.06654123466339641,1.0,0.0,2.337893028711641,0.006576963816909151,0.009337917643610593,0.0005138892959393862,2.337893028711641,0.006576963816909151,0.0,0.0,0.00617865060361913,0.005449948160722488,5.830725695313688,0.015958122447734077,14.0,0.0,2.297504383826719,0.000798078486313006,0.02720708377745366,0.0035817875529026767,5.702950333900618,0.0067096741746841175,4.1411889596602975,0.016148447447818598,14.0,0.0,2.391912583261177,0.00102819756691149,0.04294015560669432,0.00562810685049009,5.915371224742902,0.010994285820135343,4.276008492569002,0.035943236949145634,14.0,0.0,2.3562700648541064,0.001284663129724523,0.05052280721769866,0.007516100007801628,5.814890951308718,0.014402062359569048,4.383227176220807,0.05633533021033071,1.0,0.0,2.3728473488999557,0.0013447997820161682,0.06759511795746888,0.008451811812515413,5.830725695313688,0.015958122447734077,4.556190911863372,0.06654123466339641,14.0,0.0,2.381197572994456,0.0024871927252656458,0.09814216543411473,0.0137759689075162,5.805780684334967,0.026784829569541424,4.919871794871796,0.1280741852671455,14.0,0.0,2.371232161030704,0.003648551017143299,0.11803101024334846,0.018769216593436427,5.7510338872117375,0.03689841507496106,5.193376068376068,0.19286540685620313,14.0,0.0,2.364704448367949,0.00654563029647867,0.16029010649456574,0.026869676337710188,5.671325961178024,0.056377333963803594,5.825806451612903,0.31484487919215187,14.0,0.0,2.3551682474951425,0.0093622678407114,0.18945001957543742,0.03178383548980917,5.6037455893747,0.07080601032164666,6.346320346320347,0.4078682569872455,14.0,0.0,2.3351468064115632,0.015946796376918617,0.23821283574510063,0.04016083950938118,5.480547762411256,0.09961198868456891,7.380482456140352,0.6155715816957794,14.0,0.0,2.316564671690631,0.02279198979736427,0.2747300463640833,0.04618175215831093,5.379316609680454,0.12558386155193046,8.304444444444444,0.8234987088373544,13.0,0.0,2.280780759339553,0.03636814970879176,0.3236648349880096,0.050672991438040126,5.216454645866867,0.16535259290616328,9.955696202531646,1.1999160984751396,13.0,0.0,2.2476313607817775,0.04760506711767902,0.35342505316197154,0.050862587780324174,5.0889408222114865,0.1922020439910539,11.438311688311687,1.5318480936798307,12.0,0.0,2.1860417846738316,0.06765223727432944,0.37972699380419844,0.047381946914506645,4.895513970978281,0.23329203682942595,13.919831223628691,2.05916316287278,1.831540804300964,0.15609765631434824,0.3618042236764077,0.07619131041924064,4.036145675237798,0.28758699691909206,26.333333333333332,2.5516878945339516
3.6,6,2198.0,0.0,2.370851981035615,0.0026218265755263473,0.08758432107506531,0.01886343711210106,5.795753470976442,0.03450043288105963,4.710658737419945,0.14862610973617202,1.0,0.0,2.323687133826429,0.013950924623342808,0.008976242393087721,0.0003668709881613558,2.323687133826429,0.013950924623342808,0.0,0.0,0.006185449071967541,0.004138417845631565,5.795753470976442,0.03450043288105963,14.0,0.0,2.2968414207165337,0.0010596666913506734,0.03122961341181343,0.0072711598047754894,5.695259131673615,0.013474897701070705,4.173036093418259,0.037408898871976425,14.0,0.0,2.390865977799971,0.0018658658915616177,0.05288001345749904,0.012234818792707148,5.897844924313678,0.022982161926429955,4.337579617834395,0.07582917799366864,14.0,0.0,2.3559003827954323,0.001420116257056839,0.06588845213355254,0.016210916015587856,5.790918278788252,0.027748526386670726,4.485138004246285,0.11105982381131217,1.0,0.0,2.370851981035615,0.0026218265755263473,0.08758432107506531,0.01886343711210106,5.795753470976442,0.03450043288105963,4.710658737419945,0.14862610973617202,14.0,0.0,2.3766177403315534,0.004671123369387933,0.12703982921001042,0.028367250896495028,5.750984607013868,0.05378280012978433,5.193376068376068,0.2656581060464816,14.0,0.0,2.365605892207426,0.006349505500168984,0.15622968253641403,0.03539032448302374,5.679670206713946,0.06834065697730146,5.55448717948718,0.3661139444728885,14.0,0.0,2.353337455385109,0.011426028960764088,0.21736675136537406,0.048277183448031,5.557293511414712,0.09971583166783164,6.445161290322581,0.5792863431502494,14.0,0.0,2.3382091277911705,0.01641522313756185,0.2608204389987796,0.055659975165880324,5.454292160979757,0.12234986234632571,7.205627705627705,0.7435460332151966,14.0,0.0,2.306095085529801,0.027477862838574004,0.3330549014214564,0.06638674710314207,5.265655361692317,0.16323774803435667,8.732456140350877,1.0745573755742623,14.0,0.0,2.273995811041261,0.038343732894244184,0.3829391473879426,0.07155719084569873,5.110580806521239,0.1948249000941645,10.154444444444445,1.3656000354386797,13.0,0.0,2.208735335999857,0.0591262062605218,0.4323539315304023,0.06888112395857858,4.873307442704039,0.23576771907488803,12.51054852320675,1.8438898222269016,13.0,0.0,2.149008807745048,0.07687055535447118,0.44362288035193226,0.056774208964553166,4.707087698834722,0.25398256580406875,14.458874458874456,2.1755538204998675,12.0,0.0,2.051063087225239,0.10401783434014929,0.4376312994507359,0.03767643038371109,4.471210768886994,0.26918269694879354,17.55063291139241,2.594255853871568,1.6610825433010687,0.1275322602527691,0.30904287209426634,0.08354940894667998,3.6891420501112733,0.19658662968242058,28.666666666666668,1.2292725943057183
3.65,6,2198.0,0.0,2.353526483285091,0.011818188168040842,0.20463507367690612,0.0797435393965228,5.576863597697369,0.14913848616335565,5.684583714547117,0.6698328219035289,1.0,0.0,2.237482614698081,0.05942951257840526,0.011228626031889186,0.0003782890641488714,2.237482614698081,0.05942951257840526,0.0,0.0,0.007067099343337306,0.00446198314401001,5.576863597697369,0.14913848616335565,14.0,0.0,2.2988183375156424,0.003882623720061175,0.08503929693126384,0.03967204943428962,5.6194868983922115,0.05110202667321457,4.398089171974522,0.15386044356304923,14.0,0.0,2.381842860579608,0.005611367350937097,0.12959848565491208,0.05556582731888243,5.760209422966651,0.09719308296123992,4.769639065817409,0.29447340095266095,14.0,0.0,2.3498688086299455,0.00241549975425311,0.16182543667106472,0.06888397633428331,5.631933866568267,0.1075674148415686,5.132696390658174,0.44083126238090964,1.0,0.0,2.353526483285091,0.011818188168040842,0.20463507367690612,0.0797435393965228,5.576863597697369,0.14913848616335565,5.684583714547117,0.6698328219035289,14.0,0.0,2.335536678277574,0.0299601834463041,0.26637717212920364,0.08442317358444537,5.4392759375001285,0.20040551572750603,6.873931623931624,1.1221045563585803,14.0,0.0,2.305566408310307,0.043894070317331196,0.293831180173667,0.07744960905358995,5.323169250515268,0.22214216855102006,7.729700854700854,1.404521572550944,14.0,0.0,2.247693396794123,0.07475010707530443,0.3367868699840479,0.06215058651099501,5.114053187009234,0.2630750052986588,9.644086021505375,2.002521765475912,14.0,0.0,2.202874525448836,0.09196556001407223,0.35845745529960077,0.05613735766973304,4.969500130672689,0.2814158135509374,11.041125541125544,2.375117604664837,14.0,0.0,2.1238911747098563,0.11402953933740538,0.3815875614285698,0.05327217953503371,4.737346594631785,0.2978655946870701,13.475877192982457,2.8601480500608982,14.0,0.0,2.0619847891495255,0.12498955980175296,0.39188027413757237,0.05387195245440246,4.567141561667455,0.3012914909236223,15.43,3.0788284207543044,13.0,0.0,1.9622899442021957,0.13349049613819736,0.391736546915398,0.056550496406531904,4.318120040132393,0.2931963367415315,18.41350210970464,3.1733172698251493,13.0,0.0,1.8837250544062192,0.13607358351518342,0.38050802734422295,0.06088480286202656,4.138550594999214,0.2791634637050696,20.580086580086583,3.119692396801722,12.0,0.0,1.768994943364116,0.13380976183739224,0.3472318029189059,0.06796140196881963,3.9016396540319316,0.24920516254790484,23.622362869198316,2.838253329038811,1.3505876122965077,0.045811472069881266,0.11628068392904416,0.03632212325161567,3.2020480048477027,0.060284851152058797,31.833333333333332,0.9098229375970789
3.7,6,2198.0,0.0,2.2759362463821584,0.006235514562576789,0.5700826579504729,0.012050045337358465,4.834716629029686,0.03353620424296738,9.034156755108265,0.15859315963843187,1.0,0.0,1.9444560149484216,0.013256099923867719,0.01761560556091131,0.00031149156604807257,1.9444560149484216,0.013256099923867719,0.0,0.0,0.005518694108762612,0.0028098164777271427,4.834716629029686,0.03353620424296738,14.0,0.0,2.3068828191130546,0.004661725350490253,0.2763128638155506,0.019530403102671328,5.352737752059311,0.019845549078584167,5.147558386411889,0.06174110806400414,14.0,0.0,2.3475224587883003,0.003945420940890424,0.4023394707174323,0.020224808388417215,5.265296940894602,0.03189694336629222,6.301486199575372,0.10770003991059013,14.0,0.0,2.3164408455501726,0.005586752495768363,0.4866404012143773,0.016404675986286792,5.061141512053866,0.03383471884876469,7.425690021231422,0.1402278800702546,1.0,0.0,2.2759362463821584,0.006235514562576789,0.5700826579504729,0.012050045337358465,4.834716629029686,0.03353620424296738,9.034156755108265,0.15859315963843187,14.0,0.0,2.161666534194539,0.01275948602906723,0.6145457287010601,0.005492624155556318,4.482347742434757,0.0377593843756648,12.2991452991453,0.24744290913112743,14.0,0.0,2.058405525725468,0.016929990893463774,0.5885016008347607,0.003705798685479327,4.263261413061529,0.03785941652030511,14.679487179487177,0.2958688086997831,14.0,0.0,1.8683766576234746,0.021444955021729828,0.49426218637508357,0.011782528561263342,3.929548364496062,0.03603744059723771,19.13225806451613,0.3540901194542277,14.0,0.0,1.7546119712867272,0.0227056525079256,0.4219323043433991,0.015512367226119645,3.7536314717017194,0.03352519016327675,21.933982683982688,0.3646145496197584,14.0,0.0,1.5971608935728376,0.020067302206366513,0.3124390959592141,0.01740274531226748,3.5242435899932727,0.0241515799233348,26.016447368421055,0.2795846225611642,14.0,0.0,1.500998607812967,0.016188889838442112,0.24111642690686674,0.01655950356380238,3.3908218791721167,0.015792685948122834,28.502222222222226,0.17731049699800355,13.0,0.0,1.397709374706843,0.012562680757077274,0.16408230286239148,0.016441917460117493,3.2481499824735196,0.008331065353895198,30.994725738396625,0.08091067992553638,13.0,0.0,1.3477368101337772,0.009950749499182454,0.12906525311771674,0.016686080836143577,3.1757441456578683,0.006760746992984321,32.023809523809526,0.27488666184698424,12.0,0.0,1.2993328104793664,0.007484261504403972,0.09968529301031648,0.019630581072499136,3.098804086682941,0.015583057573432407,33.062236286919834,0.6970447852475341,1.2022980088819453,0.011545804310517951,0.15536692504893415,0.09282795990686035,2.7726946346314616,0.1675886142316174,43.0,6.957010852370435
3.75,6,2198.0,0.0,2.227050347435333,0.005231251637435903,0.7456381364699066,0.006615046606002418,4.449168663883472,0.004682085645887056,10.713937175968283,0.024980552741988002,0.998246416590424,0.0005466132457741633,1.7996138810322402,0.0022903457321322928,0.03324402579808528,0.0012532608619632544,1.7996138810322402,0.0022903457321322928,0.0,0.0,0.09837042062538366,0.006960264653575667,4.449168663883472,0.004682085645887056,14.0,0.0,2.3167324937652585,0.006009909390645511,0.5022684183212535,0.00823701274338164,5.038428606931266,0.013805280275383136,5.623142250530786,0.01309653546776309,14.0,0.0,2.324419468732678,0.002349357899590652,0.6214605413942444,0.006265578771864703,4.878857859740327,0.006296090277494916,7.160297239915074,0.013301448074460397,14.0,0.0,2.2954389912227393,0.005141217986993794,0.6990103653883253,0.0060077039211786695,4.690081929974361,0.006715182051232693,8.669851380042463,0.023165612781739304,1.0,0.0,2.227050347435333,0.005231251637435903,0.7456381364699066,0.006615046606002418,4.449168663883472,0.004682085645887056,10.713937175968283,0.024980552741988002,14.0,0.0,2.0894406077960834,0.012241390596752943,0.7585980301867167,0.01581944242106977,4.085704474210133,0.008217882396339304,14.974358974358973,0.046106338322260416,14.0,0.0,1.9883207709388027,0.015673241787867755,0.7394770229229337,0.02345123203597034,3.8615863929626055,0.0044685463334852675,18.11858974358974,0.01765246970283971,14.0,0.0,1.8295518139995046,0.018986762676957574,0.6992656361854214,0.0325478532680191,3.524981080720629,0.0027408450325418525,24.183870967741935,0.13119425298107365,14.0,0.0,1.741018088744452,0.02033309513026874,0.6823752068396582,0.03702818198567156,3.328982411601642,0.007175172030330009,28.57251082251082,0.2716657172916978,14.0,0.0,1.6192320895694206,0.01937084590688055,0.6729833076487868,0.039880736948502596,3.038605262450371,0.01373563725125122,36.67105263157895,0.5787305215905749,14.0,0.0,1.5420569425077824,0.018009401019995378,0.6806338142680094,0.04192398893080803,2.8341916348674414,0.020479233130188308,43.75222222222222,0.9489930986232553,13.0,0.0,1.4415376058864338,0.013243303913494289,0.7049053302096954,0.041865367075910216,2.5464860194015406,0.033084458436703754,56.33755274261603,1.7257206007356196,13.0,0.0,1.3725733572898184,0.012375103520064283,0.7255255372971985,0.04380628709888073,2.3431450872787485,0.041098449862438886,67.66883116883116,2.37833248223956,12.0,0.0,1.273911498849903,0.011072712908997844,0.7483222310978569,0.046231328771072146,2.062295400477972,0.052569436200403094,87.92616033755274,3.460039104516305,0.7626340494158989,0.06754234375680995,0.5094090583317111,0.0368023889238699,1.1424715360421807,0.15268275679465043,245.5,6.556167579717081
3.8,6,2198.0,0.0,2.559414392265024,0.0074513968872785535,1.3745517109260994,0.011854309876227776,4.336708414273411,0.005208906671658603,12.16087221713937,0.02740228749584327,0.9976364745349192,0.0008386703263189946,1.7879413577097563,0.002383672108852705,0.0887633200006529,0.0018194111487285817,1.7879413577097563,0.002383672108852705,0.0,0.0,0.19787285223882886,0.002933481345115947,4.336708414273411,0.005208906671658603,14.0,0.0,2.3090312277921528,0.00898652518855701,0.6973572719524018,0.007200347542362837,4.726542161551779,0.026993227145399454,5.848195329087049,0.01546399807611903,14.0,0.0,2.4359909487605504,0.008109782079391635,0.946300314698783,0.008377249111429423,4.6705268998532015,0.013511494819145193,7.678343949044586,0.024764431687912637,14.0,0.0,2.508800250546255,0.010564813809663341,1.1494846982764793,0.010813331404627133,4.5477735789509195,0.012661482484013236,9.48407643312102,0.03150559966292919,1.0,0.0,2.559414392265024,0.0074513968872785535,1.3745517109260994,0.011854309876227776,4.336708414273411,0.005208906671658603,12.16087221713937,0.02740228749584327,14.0,0.0,2.5727981528175814,0.010761296729406908,1.66410819245266,0.017191061623869873,3.935833093364964,0.0062828640584533975,18.27991452991453,0.06073790770748636,14.0,0.0,2.535767255573053,0.010819823694226852,1.7797391316138969,0.016997475106372825,3.6698094415117857,0.006784588146925318,23.392094017094013,0.10828612063139369,14.0,0.0,2.393455234634733,0.007235698265256376,1.8568401019933234,0.010919253360900836,3.198377933596847,0.008947251379005337,34.844086021505376,0.17114348173400967,14.0,0.0,2.263673715109357,0.005477174906580053,1.8335680578310478,0.007163627649691269,2.908832201026821,0.009212796717718425,44.1461038961039,0.2197566719895074,14.0,0.0,2.0142954178960983,0.006324528379259562,1.7106540837884776,0.005839252917280081,2.46975741905753,0.010029506690004924,62.88048245614035,0.25471328382317676,14.0,0.0,1.8175809204052238,0.006548563624791244,1.5788762755845205,0.005335299443444794,2.175637887636279,0.010718032286846887,80.02111111111111,0.2581094609408193,13.0,0.0,1.5344115709762491,0.0072716576520899055,1.3595896623973898,0.0063071821425558314,1.7966444338445386,0.010512709347416525,110.17932489451478,0.3312840924145746,13.0,0.0,1.3423094328042942,0.008484243788291334,1.1962012683317107,0.00785229974934806,1.5614716795131691,0.010824056187139526,135.91883116883116,0.5031322310692746,12.0,0.0,1.090821192034893,0.008495354603554613,0.9709446638797655,0.007721594881148518,1.2706359842675836,0.010675289142700198,178.55274261603378,0.7752956454051513,0.34255204091715125,0.00905684817442147,0.2614363928147638,0.006812553376574964,0.46422551307073245,0.012440088830871419,456.1666666666667,3.754256843164096
3.828427,6,2198.0,0.0,2.7234514470609805,0.007048338835369662,1.5823469147383886,0.009359726413020146,4.435108245544867,0.007727096064201836,12.560384263494967,0.019166282689144425,0.9997712717291858,0.00015625115532112743,1.8316154087444148,0.0029275090162234254,0.09595351754411334,0.0011776245856196517,1.8316154087444148,0.0029275090162234254,0.0,0.0,0.19375533913786694,0.005153178351622939,4.435108245544867,0.007727096064201836,14.0,0.0,2.3988008761565305,0.00993010175867982,0.777174648534829,0.009960356309500668,4.831240217589083,0.01695065551259496,5.8949044585987265,0.012605458691123105,14.0,0.0,2.554447842025829,0.007909883966382182,1.094390685931295,0.009886733780901158,4.74453357616763,0.01525848565911004,7.820594479830149,0.019278552517455468,14.0,0.0,2.650697985925898,0.009076210933170683,1.3393056082632715,0.010368009358021523,4.617786552419838,0.014693813503473006,9.733545647558387,0.025658417858184294,1.0,0.0,2.7234514470609805,0.007048338835369662,1.5823469147383886,0.009359726413020146,4.435108245544867,0.007727096064201836,12.560384263494967,0.019166282689144425,14.0,0.0,2.741177167391974,0.007378144762650256,1.8829885334508836,0.008648795932577166,4.02846011830361,0.009301993531115115,19.018162393162395,0.04694294178860096,14.0,0.0,2.696512236790136,0.00666195139211496,1.990518588170264,0.009550766817617774,3.7555027097199445,0.007947431748000054,24.41666666666666,0.08357951801541844,14.0,0.0,2.5339649476144426,0.00545185776442783,2.0399675920612608,0.006125491333360174,3.2749609809442144,0.007530118977389585,36.55161290322581,0.1454382065997532,14.0,0.0,2.3867335618632195,0.0061173767944810165,1.9955576223984284,0.006386729574335742,2.973497471060407,0.008801758589493423,46.463203463203456,0.18939579467242224,14.0,0.0,2.114017081923475,0.0055467570034566675,1.8440437270148908,0.006015556757951392,2.518977114286352,0.008212104795227073,66.60526315789474,0.3253620399857841,14.0,0.0,1.901986461481962,0.003885078281870227,1.694399905200912,0.004336737069371679,2.2133662959035374,0.006352668235954625,85.11444444444446,0.4254685144521546,13.0,0.0,1.5948877200912301,0.004447288780604883,1.447988510650343,0.005398907558105258,1.8152365342525603,0.006025014486027951,118.14556962025317,0.6286714521043736,13.0,0.0,1.385519852750764,0.005189273739559568,1.2647394678512587,0.006379678717321468,1.566690430100022,0.006258587954564059,146.71753246753246,0.7923882946731665,12.0,0.0,1.1111231487062898,0.005809888969074723,1.0117515703225266,0.006729397120416365,1.2601805162819348,0.006705424108923938,194.21308016877637,1.0931079905289058,0.3209545905622772,0.006536826272973339,0.244235658450379,0.005737370606966182,0.4360329887301244,0.008028953061055054,492.3333333333333,3.0073982849706566
3.85,6,2198.0,0.0,2.8024305485902197,0.004777560171742751,1.656968966031979,0.005342834780845039,4.520622922427579,0.010088747633096726,12.624961878621532,0.0188848553322302,1.0,0.0,1.8632991416153988,0.003650079597858572,0.09174995440727816,0.0011408157369432053,1.8632991416153988,0.003650079597858572,0.0,0.0,0.19205995733877793,0.0016014291464302639,4.520622922427579,0.010088747633096726,14.0,0.0,2.4465741318693626,0.005652638823272583,0.8223582019230063,0.004780278357523238,4.882898026788897,0.015593409853544099,5.926751592356688,0.004864730037108124,14.0,0.0,2.616091203903047,0.005288631688778876,1.1489366851382388,0.007661780610728356,4.816822982050258,0.007521280683097953,7.859872611464968,0.00870229364412707,14.0,0.0,2.7195893275957315,0.003834696851504604,1.3983991919591565,0.006961852329926897,4.701374531050594,0.0036282689159869885,9.789808917197453,0.016771479964442886,1.0,0.0,2.8024305485902197,0.004777560171742751,1.656968966031979,0.005342834780845039,4.520622922427579,0.010088747633096726,12.624961878621532,0.0188848553322302,14.0,0.0,2.8198764516179438,0.006907341714121758,1.959129741347314,0.007040328375854494,4.110996517023889,0.00969164588184061,19.129273504273502,0.028157334539126572,14.0,0.0,2.7754878276227704,0.0036215591256872903,2.0755729749015654,0.0023558322269121804,3.825360106704577,0.008870682721839121,24.622863247863247,0.04905463580720803,14.0,0.0,2.6089805941627655,0.004968903285944602,2.123885050121094,0.0030359444676668463,3.336623910225272,0.008595685372974896,36.91182795698925,0.08419567692553721,14.0,0.0,2.4619389427779756,0.005687150440721317,2.079238282285573,0.004771847440421126,3.0359899335165785,0.0073065345354354485,46.92857142857142,0.1282474382139637,14.0,0.0,2.182165821639566,0.0066347146528976,1.9198284053374721,0.005964216027808696,2.575671946092706,0.008147759110222945,67.31798245614034,0.23548996746539866,14.0,0.0,1.9643339179486894,0.007800152810815023,1.7637387303237047,0.007322918060827388,2.2652266993861656,0.009335264626198266,86.02111111111111,0.3362292721593251,13.0,0.0,1.6456339538616558,0.008715552024262763,1.5021018007670877,0.007551462109600372,1.8609321835035086,0.01116967927737478,119.67616033755274,0.5656505289734239,13.0,0.0,1.4246302154333907,0.009696277590793844,1.3072416441985413,0.00808077827039769,1.6007130722856644,0.012745874409642794,149.33333333333334,0.7883620847742386,12.0,0.0,1.1346471877771573,0.011126903354713504,1.0388218900523054,0.009196710882153375,1.2783851343644355,0.014486563469658001,199.45886075949366,1.1888661123629656,0.3158729805086216,0.0051382656884034076,0.2378872320915745,0.0037901695158582085,0.4328516031341922,0.007508455962271484,505.0,3.4832934606968355
3.9,6,2198.0,0.0,2.884134244811785,0.005808960492953947,1.7454072750599845,0.00817943757110192,4.592224699439487,0.005546772607517483,12.714547118023788,0.014635273331375716,1.0,0.0,1.8984133113013293,0.001678178990841989,0.102539052542558,0.0013992454514232034,1.8984133113013293,0.001678178990841989,0.0,0.0,0.18921800684921442,0.00626303805125944,4.592224699439487,0.005546772607517483,14.0,0.0,2.4991494143015216,0.003753743845813719,0.8933908750602452,0.006762669116198122,4.907787223163436,0.008790666631869969,5.970276008492569,0.006079754166996229,14.0,0.0,2.6978698553834524,0.006005026760947614,1.2467872043211172,0.010819942767825061,4.874493831976957,0.010603206855355981,7.924628450106158,0.014839230365186055,14.0,0.0,2.8057469947072584,0.005739558544622922,1.494689473079923,0.009904241616828808,4.7723332771482605,0.011651331289951796,9.857749469214438,0.022469225571673634,1.0,0.0,2.884134244811785,0.005808960492953947,1.7454072750599845,0.00817943757110192,4.592224699439487,0.005546772607517483,12.714547118023788,0.014635273331375716,14.0,0.0,2.919036986520408,0.006253702734169035,2.067670069226737,0.011092042205085306,4.196087362460914,0.002716107665745618,19.323717948717952,0.028798631319901666,14.0,0.0,2.8771483477527995,0.004955251509710215,2.185014722216149,0.007439161292587426,3.9153487860577756,0.003988953187796049,24.880341880341884,0.040463112784830065,14.0,0.0,2.7149428312050294,0.003424179037475449,2.2410840975248285,0.0046799718082396104,3.425730931725331,0.0028801947690133014,37.398924731182795,0.056671869341464495,14.0,0.0,2.566725971677322,0.0023662529446131313,2.1974276968592212,0.0027289191180487784,3.120673383904473,0.002803267085553917,47.694805194805205,0.07786794656582477,14.0,0.0,2.278817986248559,0.0028751352570994693,2.0314444842598034,0.0028066412826493127,2.649878239231694,0.0038109896756025156,68.875,0.15345550454259632,14.0,0.0,2.050205786222993,0.0029379959153969454,1.8642883801927141,0.002403429245372277,2.3290818952684114,0.004126714480206979,88.47777777777777,0.25227067571789036,13.0,0.0,1.7162733708747113,0.003724597125349673,1.5880220775023997,0.0032152434607577354,1.9086503109331792,0.004620203461465381,123.87763713080169,0.37966829942697766,13.0,0.0,1.4829974978130398,0.003687206170651257,1.3798845573256369,0.0031123458621606336,1.6376669085441442,0.004626052050465346,155.15151515151516,0.4724419559827767,12.0,0.0,1.1777555656462544,0.0049383237223634534,1.0932361551126915,0.00482596912528704,1.3045346814465981,0.005346793777093988,208.31962025316454,0.7623535291325589,0.31305746977872245,0.005056247747481526,0.23334009871529818,0.0053155802194605325,0.43263352637385877,0.0059347217112307865,522.3333333333334,2.5385910352879697
3.95,6,2198.0,0.0,2.8973860150544684,0.006160637230415488,1.7817212390728054,0.009633670002317076,4.570883179026962,0.008087364561658775,12.788045135712105,0.024714416304792278,1.0,0.0,1.8992713685595255,0.003195967435570002,0.11819682824790108,0.0013895033183967155,1.8992713685595255,0.003195967435570002,0.0,0.0,0.18161785056512217,0.0024946164899263654,4.570883179026962,0.008087364561658775,14.0,0.0,2.502149113096652,0.009413070716438723,0.9033390415973853,0.014171435636563461,4.900364220345553,0.019974960247871966,5.964968152866241,0.007308668568177718,14.0,0.0,2.6886147911932485,0.01070383649306231,1.2480886300033391,0.012552824070583439,4.8494040329781125,0.020038447624871423,7.924628450106158,0.00907006767018851,14.0,0.0,2.8134410644147407,0.013325873210514623,1.5154884484264324,0.014592783437670455,4.760369988397204,0.023593120259554387,9.872611464968154,0.013561545157258013,1.0,0.0,2.8973860150544684,0.006160637230415488,1.7817212390728054,0.009633670002317076,4.570883179026962,0.008087364561658775,12.788045135712105,0.024714416304792278,14.0,0.0,2.9450692139774652,0.006108511279787859,2.111386199594597,0.010199152816001011,4.195593735551768,0.00874180506485827,19.443376068376068,0.051052280838090734,14.0,0.0,2.9067139461915925,0.009702548506485754,2.2306599164468746,0.0126184025671941,3.92079499080867,0.010626546382549583,25.044871794871796,0.05759726263980369,14.0,0.0,2.745661191827072,0.009277901675407036,2.283496477349104,0.011952903376519032,3.438908263544024,0.008253762164360221,37.63655913978494,0.11500853296448114,14.0,0.0,2.5968551493650582,0.00879670664839175,2.237111953397348,0.01124256146427807,3.1364699433166234,0.00751390736210571,48.020562770562776,0.16883463754900394,14.0,0.0,2.3031747539399703,0.007463896011591368,2.0598316508906573,0.009723816058248149,2.6681894085139395,0.006654308693456449,69.3859649122807,0.2879228125976796,14.0,0.0,2.066730281582261,0.00704786315136858,1.8829611807784634,0.008495460502662722,2.3423839327879565,0.007020462403417953,89.45666666666666,0.40728459428357955,13.0,0.0,1.7220285148477628,0.006128023715940072,1.5950029862800867,0.006912829474390913,1.912566807699277,0.006460090571638716,125.8396624472574,0.6259291372042229,13.0,0.0,1.4836044703250144,0.007296473363599775,1.3810629697916632,0.007713743814486223,1.6374167211250412,0.007530459276291975,158.02489177489178,0.8165041837621906,12.0,0.0,1.17427421634287,0.007423696072849398,1.0904561921655702,0.00783364539553209,1.3000012526088203,0.007580712150129012,212.12974683544303,1.1156114353331819,0.320093534600722,0.004837266289521393,0.2312955230933514,0.0028027193501674514,0.45329055186177786,0.008442262331682103,525.3333333333334,3.8093452339097746
