r,k,seed,n_sym,excess3,syn,surp,n_unique,highL3,legacy_excess3,legacy_syn,archive_excess3,legacy_gap,archive_full_res,archive_surp,w6_stride,w6_excess3,w6_syn,w6_surp,w6_n_unique,w8_stride,w8_excess3,w8_syn,w8_surp,w8_n_unique,w10_stride,w10_excess3,w10_syn,w10_surp,w10_n_unique,w13_stride,w13_excess3,w13_syn,w13_surp,w13_n_unique,w20_stride,w20_excess3,w20_syn,w20_surp,w20_n_unique,w26_stride,w26_excess3,w26_syn,w26_surp,w26_n_unique,w40_stride,w40_excess3,w40_syn,w40_surp,w40_n_unique,w52_stride,w52_excess3,w52_syn,w52_surp,w52_n_unique,w78_stride,w78_excess3,w78_syn,w78_surp,w78_n_unique,w104_stride,w104_excess3,w104_syn,w104_surp,w104_n_unique,w156_stride,w156_excess3,w156_syn,w156_surp,w156_n_unique,w208_stride,w208_excess3,w208_syn,w208_surp,w208_n_unique,w312_stride,w312_excess3,w312_syn,w312_surp,w312_n_unique,full_excess3,full_syn,full_surp,full_n_unique
3.1,0,41000,2198,2.1660735845375334,0.773679137496858,4.254665255098546,11.499085086916743,0.9981701738334858,1.7327932363013545,0.05154522376989403,1.7327932363013545,0.0,0.0027522048936016027,4.254665255098546,14,2.1876846027078067,0.5773478504861831,4.603189731040243,5.840764331210191,14,2.251137850115402,0.7101887344246907,4.56256152365147,7.547770700636943,14,2.232084829170569,0.7637346450813731,4.434610105304363,9.286624203821656,1,2.1660735845375334,0.773679137496858,4.254665255098546,11.499085086916743,14,1.9682792416027177,0.6600997536833466,3.930548473481774,16.141025641025642,14,1.8353555202894982,0.5572743548685846,3.7524772684208676,19.128205128205128,14,1.6225174960983448,0.375168348982069,3.493541216772758,24.193548387096776,14,1.5203409714655853,0.2845304295707841,3.3740567843077867,26.896103896103895,14,1.4060318141136878,0.182888953969762,3.2407461043295753,29.88157894736842,14,1.3477431359052778,0.13098050553731252,3.172887081457225,31.153333333333332,13,1.2974110498438909,0.08605268181681273,3.1144486018845075,31.841772151898734,13,1.2735444252156782,0.06504674216421517,3.086290949792873,31.974025974025974,12,1.2515427224802993,0.045590821610700535,3.0604705737846962,32.0,1.206962108747298,0.005785627845269481,3.0087268301003403,32
3.1,1,41017,2198,2.1714816319689954,0.7796856033608599,4.2591756748812,11.43687099725526,0.9977127172918573,1.735123533126233,0.0524221052895888,1.735123533126233,0.0,0.0015703763951086707,4.2591756748812,14,2.2121495881210884,0.5681528862969972,4.678144640857225,5.808917197452229,14,2.2750567245242728,0.7101145057336162,4.622470052710257,7.522292993630574,14,2.2588563533500112,0.7803832183931034,4.476566055785373,9.165605095541402,1,2.1714816319689954,0.7796856033608599,4.2591756748812,11.43687099725526,14,1.9856898920819652,0.6691885108090733,3.9604419639913035,15.826923076923077,14,1.855148065857134,0.5718988048604446,3.780021957352168,18.756410256410255,14,1.6420544506905446,0.38977183582384106,3.5204783729906004,23.75483870967742,14,1.533172355819291,0.294534190409995,3.391129603933235,26.545454545454547,14,1.4078846554424804,0.1830799434833991,3.2450917233811025,29.717105263157894,14,1.347526833577337,0.12928184246036498,3.174894320252794,31.033333333333335,13,1.293070505754619,0.08119764380782055,3.110879798674816,31.879746835443036,13,1.2678774345987844,0.059045842682487595,3.0811248224732295,32.0,12,1.2431786202871593,0.037642508430143794,3.0514827880726827,32.0,1.2037278905607514,0.0031055242301984975,3.0046614400565805,32
3.1,2,41034,2198,2.175319905940976,0.7815310361062455,4.266003210693072,11.381518755718206,0.9977127172918573,1.7371345049676412,0.05122203448402062,1.7371345049676412,0.0,0.009758281522165992,4.266003210693072,14,2.1359342045958063,0.5290774948738659,4.546219269178716,5.707006369426751,14,2.2246369613602464,0.6808043643897881,4.540385856815934,7.484076433121019,14,2.229608048532225,0.7540506342191972,4.442944170001767,9.184713375796179,1,2.175319905940976,0.7815310361062455,4.266003210693072,11.381518755718206,14,1.98484817917344,0.673924985754463,3.9512329693019055,15.923076923076923,14,1.8411151965864456,0.5625753060724468,3.758925032357444,19.121794871794872,14,1.6298806633174414,0.3817619697340128,3.5020587036925845,24.174193548387098,14,1.5249452877522667,0.2877209226017545,3.3807818354780346,26.876623376623378,14,1.4069176187393533,0.18120140589619121,3.245491938004096,30.026315789473685,14,1.3508979422182505,0.13143330830231262,3.180094893092157,31.233333333333334,13,1.2977801109140004,0.08466099058175452,3.117458791412368,31.879746835443036,13,1.2721668598123217,0.06251428553348762,3.0866457212305725,31.993506493506494,12,1.2499286548826962,0.043123030327763455,3.0601370917150947,32.0,1.212518839364641,0.011739391080038963,3.0136880117915443,32
3.1,3,41051,2198,2.1711143596843563,0.7772447810985781,4.261918727563024,11.385178408051235,0.9945105215004575,1.736917147861609,0.05358276139399949,1.736917147861609,0.0,0.0031134742903409264,4.261918727563024,14,2.203459389059438,0.5986989983041195,4.6105999751924145,5.7834394904458595,14,2.2666469255547903,0.7225959448000756,4.582723396686862,7.528662420382165,14,2.2580663459088073,0.7854060264926451,4.467056825033049,9.203821656050955,1,2.1711143596843563,0.7772447810985781,4.261918727563024,11.385178408051235,14,2.0016545520863067,0.6909160487259712,3.96776230712681,15.782051282051283,14,1.8584082676523657,0.5755016718320842,3.7827681613827875,18.762820512820515,14,1.641575056176258,0.38986433912660967,3.519141131750731,23.83225806451613,14,1.5345921554178745,0.29547227363136436,3.3932719780976397,26.564935064935064,14,1.409289021819174,0.18384095224998684,3.2474611261729542,29.769736842105264,14,1.3486746703233408,0.1300650305003415,3.17658913005784,31.06,13,1.2943201633333221,0.08200926046914457,3.1127865176295884,31.77848101265823,13,1.2676882554155269,0.05843120316415239,3.0815738337925884,31.941558441558442,12,1.243109056857519,0.03726636435422614,3.051873095612458,32.0,1.2054408751534493,0.004776700285516355,3.0064371374553485,32
3.1,4,41068,2198,2.1761286336775734,0.7860715028471525,4.261214329923205,11.400731930466605,0.9922232387923148,1.7369676533017948,0.05413653555418859,1.7369676533017948,0.0,0.0030796964344387847,4.261214329923205,14,2.155187114632842,0.5671743300705343,4.537206291476304,5.75796178343949,14,2.255287316680015,0.7201487463707603,4.557995172143899,7.547770700636943,14,2.2515677546366986,0.7909063477623757,4.442559864948182,9.178343949044587,1,2.1761286336775734,0.7860715028471525,4.261214329923205,11.400731930466605,14,1.9946005466339347,0.6862643107795177,3.957104900415559,15.833333333333334,14,1.8531235991055268,0.5751595479238001,3.770069675878116,18.846153846153847,14,1.643292056758156,0.39536310404978486,3.515185485820713,23.858064516129033,14,1.53969241674951,0.3029829785254944,3.394756574085533,26.51948051948052,14,1.4171181949965035,0.19240891032095933,3.2541821220098193,29.70394736842105,14,1.355617685760919,0.13705269588315014,3.1834651705775725,31.053333333333335,13,1.3020428182663788,0.08893321761031896,3.1217072192504682,31.810126582278482,13,1.2777659879315868,0.06779049671308651,3.092729224759337,31.941558441558442,12,1.2518630444686802,0.045207592893658985,3.0618462218312126,32.0,1.2085074045665174,0.006973661234503936,3.0108080195645375,32
3.1,5,41085,2198,2.182249404263872,0.7869260376674827,4.275234454158456,11.398444647758463,0.994967978042086,1.7402130468220887,0.050198775264510366,1.7402130468220887,0.0,0.0027987895832070463,4.275234454158456,14,2.186281731147824,0.5693756901843774,4.611640792592994,5.745222929936306,14,2.2482522101696802,0.7057433074887272,4.5620155641911095,7.509554140127388,14,2.242100445555128,0.7641254006635826,4.459063012892445,9.159235668789808,1,2.182249404263872,0.7869260376674827,4.275234454158456,11.398444647758463,14,2.003954101566467,0.6887413654491557,3.9767732057424334,15.801282051282051,14,1.8527766330761979,0.5714508326526249,3.7747653337115583,19.012820512820515,14,1.6336967118446515,0.38345434015683555,3.5090602693763744,24.019354838709678,14,1.5244276092208544,0.28706064078300847,3.3804780618776236,26.83116883116883,14,1.4004655969934343,0.1767990178791312,3.235965465664889,30.039473684210527,14,1.3424734976214434,0.1254285938949384,3.1680408532112008,31.32,13,1.289584465296248,0.07824322891001496,3.1065963198755977,31.949367088607595,13,1.2655298947907554,0.05695560764289405,3.0783913255125475,32.0,12,1.2426720625082868,0.03698472693192556,3.0512030658728286,32.0,1.2064914885098683,0.005442386576970826,3.0080651414092143,32
3.2,0,42000,2198,2.1943801007567214,0.7874502749760061,4.304774839427794,11.45288197621226,0.9981701738334858,1.7466781336407124,0.041280329782657554,1.7466781336407124,0.0,0.003302824087313053,4.304774839427794,14,2.264243518598634,0.6018006967811043,4.757907751324928,5.8152866242038215,14,2.326570785069467,0.7478940638370978,4.694585866918022,7.573248407643312,14,2.292197140330005,0.7850657326999583,4.552894251775074,9.114649681528663,1,2.1943801007567214,0.7874502749760061,4.304774839427794,11.45288197621226,14,1.9962372007597635,0.6752636185726575,3.9776975740404215,15.884615384615385,14,1.8589823550293567,0.568211084930974,3.7951392601769314,18.871794871794872,14,1.645231615361123,0.3881163610643839,3.530904496806232,23.81290322580645,14,1.5335779044002924,0.2909008755322623,3.397593447702337,26.7012987012987,14,1.4034742890401466,0.17576020707377904,3.245045411989698,30.039473684210527,14,1.3438201129900909,0.12324005803032094,3.1746901954297457,31.313333333333333,13,1.2920124346908228,0.07826979487482763,3.1126263944148156,31.943037974683545,13,1.26857283167601,0.05845893118935014,3.0837436824060003,32.0,12,1.2449501378755525,0.038399552165493414,3.054776016440641,32.0,1.2054675822676595,0.004846041074010099,3.0063998940581333,32
3.2,1,42017,2198,2.214604402315605,0.8003305831198771,4.336015131109197,11.28911253430924,0.9995425434583715,1.7593173630765782,0.04151885105483229,1.7593173630765782,0.0,0.003572528950507436,4.336015131109197,14,2.290050073804898,0.6076082073829895,4.81371287343776,5.770700636942675,14,2.340219076260117,0.7607694072053083,4.709393579842331,7.490445859872612,14,2.321585771703554,0.820362894335627,4.573420087755445,9.070063694267516,1,2.214604402315605,0.8003305831198771,4.336015131109197,11.28911253430924,14,2.0172098705263672,0.6925889687021868,4.004141223262638,15.73076923076923,14,1.8671251791480785,0.5764705170564852,3.803107172285469,18.814102564102566,14,1.6478262890077284,0.3924486418681925,3.5308927597170316,23.858064516129033,14,1.5397354569674024,0.29819531429113594,3.402045670981801,26.616883116883116,14,1.417527296213274,0.1903592356128879,3.2582793871138525,29.769736842105264,14,1.3586744799608819,0.13867884209749926,3.1886679367559556,31.086666666666666,13,1.3022807699348766,0.08869570345161648,3.1226583696597667,31.841772151898734,13,1.273936062343891,0.06388173439359122,3.0890175542693403,31.954545454545453,12,1.247065330447035,0.04059503385833444,3.0567707753300857,32.0,1.2081062617927885,0.006825848702060711,3.01002688142888,32
3.2,2,42034,2198,2.2051250935584457,0.7962982102527099,4.3183654185170495,11.363220494053065,0.9990850869167429,1.752313041744606,0.04161145722964418,1.752313041744606,0.0,0.0009571936120327587,4.3183654185170495,14,2.277992861764132,0.6005986466184237,4.794084184482695,5.8471337579617835,14,2.3362209452987535,0.7609334298808607,4.699152218425593,7.598726114649682,14,2.3029809950177134,0.8051812363971447,4.549680632948568,9.184713375796179,1,2.2051250935584457,0.7962982102527099,4.3183654185170495,11.363220494053065,14,2.0153158897940213,0.6862812429176913,4.008867860108515,15.647435897435898,14,1.8620694645260774,0.5702966409233728,3.7997286999301343,18.73076923076923,14,1.6450171231920874,0.38828040860380497,3.5301221950745107,23.748387096774195,14,1.536964481143162,0.29334248133241897,3.402397480859277,26.532467532467532,14,1.407961139944229,0.17995823382259965,3.249965499126673,29.736842105263158,14,1.3469431933578404,0.12653727689528116,3.1775520680516793,31.093333333333334,13,1.2895382618248599,0.07716597993164014,3.1080966846646887,31.873417721518987,13,1.2646909852824204,0.05576415638567636,3.078081228627536,31.993506493506494,12,1.2424805743708556,0.03649644457730651,3.0514567690611782,32.0,1.204121606237997,0.0032221760285091605,3.0054707515522283,32
3.2,3,42051,2198,2.218463669475295,0.8094544349250996,4.3319775213005896,11.30512351326624,0.9990850869167429,1.7586131140758412,0.04303684259267636,1.7586131140758412,0.0,0.0030900952567203123,4.3319775213005896,14,2.294328604858336,0.6281994958752043,4.7935222683330325,5.796178343949045,14,2.3592593539411926,0.7855718604391803,4.719790594194211,7.477707006369426,14,2.321102996030178,0.8251751165853173,4.564994815197469,8.968152866242038,1,2.218463669475295,0.8094544349250996,4.3319775213005896,11.30512351326624,14,2.0166743151764837,0.6954646780676509,3.9984887708397334,15.692307692307692,14,1.8757686866984267,0.5875403105186093,3.8081112509681523,18.602564102564102,14,1.6566040309265058,0.4034104680804619,3.5363943751955724,23.593548387096774,14,1.547536608538559,0.30756244994951465,3.407497846422125,26.324675324675326,14,1.4184615755945045,0.1933956008190229,3.2560605377577265,29.598684210526315,14,1.3543002415859662,0.13593900243159546,3.181842100317522,30.98,13,1.2955608625907973,0.08320705988744737,3.1140915666458215,31.79746835443038,13,1.271057402743832,0.06183618581967422,3.084889228130068,31.935064935064936,12,1.2479845419427926,0.04159826427501641,3.0575639584444567,32.0,1.2073822075082552,0.0061162671703431926,3.0092811180151227,32
3.2,4,42068,2198,2.220525275984047,0.8131117142231549,4.331645618625385,11.375114364135408,0.9977127172918573,1.7564547794316465,0.03966088663582101,1.7564547794316465,0.0,0.002555901925814637,4.331645618625385,14,2.3011268108049965,0.6154398886473753,4.8296571940414275,5.75796178343949,14,2.335313181559379,0.7554966713383765,4.705037946890882,7.509554140127388,14,2.325170928938516,0.8299875222449579,4.567946038978852,9.140127388535031,1,2.220525275984047,0.8131117142231549,4.331645618625385,11.375114364135408,14,2.0219631101615576,0.7005839655561709,4.004031827069637,15.794871794871796,14,1.8664568354166384,0.5786662036031185,3.798142783136917,18.897435897435898,14,1.6457049572736182,0.3921052004361856,3.5261045925297676,23.929032258064517,14,1.5457447500552879,0.30484340607348814,3.4070967660279874,26.441558441558442,14,1.4156732393210467,0.188656253810368,3.256198717587065,29.74342105263158,14,1.3555892061927473,0.1350751482204443,3.1863602931512016,31.086666666666666,13,1.2991616521559761,0.08505374037581592,3.120323519826216,31.82278481012658,13,1.270393482562215,0.05981939294073114,3.0862546169944407,31.98701298701299,12,1.244111742891397,0.037255635095592265,3.0543959045851037,32.0,1.2043591014912745,0.003852207889731396,3.0051194418935885,32
3.2,5,42085,2198,2.2074774979937404,0.8013945600611618,4.316601904892607,11.41491308325709,0.9990850869167429,1.751397445617566,0.04126113943420525,1.751397445617566,0.0,0.0035458691087777066,4.316601904892607,14,2.2835171823604465,0.6016602177436844,4.806302629285589,5.828025477707007,14,2.3227733139328524,0.7462119131646939,4.687615415085089,7.535031847133758,14,2.315587434162685,0.8268001552937272,4.548768352466122,9.13375796178344,1,2.2074774979937404,0.8013945600611618,4.316601904892607,11.41491308325709,14,2.0127156250822145,0.692816438232602,3.9925644053566347,15.762820512820513,14,1.871754233695923,0.5852830868516216,3.8014609539623754,18.724358974358974,14,1.6606395961290163,0.4066983047060908,3.5415515332634038,23.516129032258064,14,1.5555496127578716,0.3146749348174989,3.4168616296684293,26.103896103896105,14,1.4343940180359902,0.20714380084751496,3.275269343818703,29.17763157894737,14,1.377199659092702,0.15640931928509427,3.2083851688041136,30.533333333333335,13,1.3178566014749733,0.10360866112894561,3.1392285119940153,31.670886075949365,13,1.285348304724082,0.07505293289284906,3.100791362470931,31.954545454545453,12,1.2538632939967893,0.04742897328317229,3.0635147750672145,32.0,1.2079554739816836,0.006679606875939825,3.009869274640299,32
3.3,0,43000,2198,2.2131234463411364,0.7990463886873455,4.334239032821823,11.411253430924063,0.9995425434583715,1.7585916534245338,0.041493400493007676,1.7585916534245338,0.0,0.003240765074667031,4.334239032821823,14,2.2985394514691695,0.6024200770694059,4.842718513068815,5.8152866242038215,14,2.3254599680020127,0.7285164016287847,4.720875317561854,7.554140127388535,14,2.2954186347659813,0.7860302510513196,4.559501210337972,9.197452229299364,1,2.2131234463411364,0.7990463886873455,4.334239032821823,11.411253430924063,14,2.014640815907292,0.6853073269895475,4.0086410492839075,15.756410256410257,14,1.8708537156476537,0.5753162789965627,3.814159870624289,18.794871794871796,14,1.6469869220671467,0.3879498589307732,3.5355425167717063,23.929032258064517,14,1.5395572468350027,0.29577393617806713,3.405232212820406,26.62987012987013,14,1.4124607212607752,0.18463526941735492,3.254198899025905,29.79605263157895,14,1.3516728831428677,0.13148378165399363,3.1819565353761785,31.153333333333332,13,1.2917839863701435,0.07906654058932633,3.1108601550413684,31.930379746835442,13,1.2645626943458677,0.05545700985866046,3.0782212210766784,32.0,12,1.2419463283821242,0.03607577129916536,3.050752164006562,32.0,1.2062797120581545,0.005417185127925883,3.0075735024534973,32
3.3,1,43017,2198,2.2037666742085604,0.7983921233843759,4.311828500444837,11.513266239707228,1.0,1.7504070160991752,0.04279269320206748,1.7504070160991752,0.0,0.0011792988790576085,4.311828500444837,14,2.2943171120306154,0.6176827562106174,4.8092686457606115,5.898089171974522,14,2.3289210090040586,0.7625880477428388,4.678420450895889,7.726114649681529,14,2.2925136029298105,0.8083481491514144,4.518761783597403,9.363057324840764,1,2.2037666742085604,0.7983921233843759,4.311828500444837,11.513266239707228,14,1.9898176843934787,0.6725372423314797,3.9657383474864774,16.096153846153847,14,1.8354366344320545,0.5520723722372534,3.760483027724256,19.237179487179485,14,1.6149979465031814,0.366636724034025,3.4875397802069155,24.47741935483871,14,1.5071223495074764,0.27104163275330245,3.3612434246387366,27.272727272727273,14,1.3916931451666419,0.1682485774254692,3.226859996778401,30.25,14,1.3371457439173564,0.11994311821997192,3.1629496824634327,31.34,13,1.2861903644508297,0.07505256876132776,3.102897057985082,31.90506329113924,13,1.2622633925071918,0.054229081515744036,3.074314858994364,31.993506493506494,12,1.2395830648935715,0.034287701164833276,3.0475261104866784,32.0,1.2049298585307053,0.003809052956079917,3.006611066892643,32
3.3,2,43034,2198,2.207532223339081,0.804594253806365,4.3119391776381555,11.427264409881062,0.9990850869167429,1.7525771811671187,0.046335850186427545,1.7525771811671187,0.0,0.0028880330315290315,4.3119391776381555,14,2.29300682938292,0.6263158042501237,4.793043367082115,5.885350318471337,14,2.327529312140873,0.7610699197459829,4.677218400733209,7.662420382165605,14,2.2820339872826807,0.7983890457456417,4.507501399588239,9.273885350318471,1,2.207532223339081,0.804594253806365,4.3119391776381555,11.427264409881062,14,2.0100110329067387,0.6903996322952923,3.9894281338239077,15.737179487179487,14,1.8602682044867698,0.5714932738246993,3.793430600479875,18.865384615384617,14,1.6395280209346352,0.38561778044214273,3.5203933816733746,23.967741935483872,14,1.5323194235524544,0.29193542803257083,3.39289541683228,26.714285714285715,14,1.408301661511434,0.18219805428779198,3.2474570723468976,29.92763157894737,14,1.3503144476361115,0.13108904061628276,3.1791525581658546,31.233333333333334,13,1.2999335554883171,0.08647402219506806,3.120122855428191,31.867088607594937,13,1.2773478134292744,0.06674375011907442,3.093253908394574,31.98051948051948,12,1.253606630146832,0.046355362309329226,3.0644835319030865,32.0,1.2093128194394733,0.007538611426303632,3.011974131459228,32
3.3,3,43051,2198,2.2130611605162414,0.8062156124189532,4.323329482662174,11.351326623970722,1.0,1.7567662149837133,0.04572403653140586,1.7567662149837133,0.0,0.003476089588130459,4.323329482662174,14,2.297261415373873,0.6199463774985587,4.8132339721868425,5.859872611464968,14,2.330813158677344,0.7549854402415788,4.694554736330993,7.56687898089172,14,2.3010557550255375,0.8096620860173969,4.538146258537748,9.13375796178344,1,2.2130611605162414,0.8062156124189532,4.323329482662174,11.351326623970722,14,2.0051471687425804,0.6847630247629914,3.985723384711962,15.83974358974359,14,1.8569564503382094,0.5700025459954257,3.7873873068523847,18.916666666666668,14,1.6405935209192497,0.38775536992763776,3.519850747406668,23.974193548387095,14,1.535455316125389,0.29621239231682017,3.394319701838243,26.649350649350648,14,1.4160119452944238,0.19004438121283093,3.254963291416813,29.736842105263158,14,1.3572725388129099,0.1372755097950987,3.187268082339626,31.08,13,1.298422653839095,0.08488046072392157,3.118735943511855,31.873417721518987,13,1.274478863101363,0.06375948090988018,3.0905579363885867,31.98051948051948,12,1.250597047369327,0.04299407999045764,3.0620014984376307,32.0,1.2057955857695564,0.005109020240239737,3.006825434063531,32
3.3,4,43068,2198,2.2050180139303506,0.8032889033173312,4.30761167984988,11.46889295516926,0.9990850869167429,1.7507788651505398,0.046223655350980594,1.7507788651505398,0.0,0.0016786591040798893,4.30761167984988,14,2.29674834875638,0.620347060886119,4.811350280561771,5.821656050955414,14,2.320576099549611,0.74595809650458,4.682503104117157,7.535031847133758,14,2.278562962028178,0.7831978344114762,4.52161065345323,9.178343949044587,1,2.2050180139303506,0.8032889033173312,4.30761167984988,11.46889295516926,14,2.0032586386350166,0.6889406053631368,3.974735688542835,15.955128205128204,14,1.8605649240544568,0.5749954297541703,3.7889191655048866,18.846153846153847,14,1.640280574074189,0.3866491435578998,3.5207277198486224,23.93548387096774,14,1.5347220199929104,0.29306194230048055,3.3972121365315546,26.66883116883117,14,1.416474433511618,0.18838670630219898,3.2586060243257453,29.75,14,1.3565410991323672,0.1355921787833476,3.187964479655897,30.98,13,1.3003312348334157,0.08588233980538605,3.1220045773754608,31.81645569620253,13,1.274107463904885,0.06319542254086973,3.090475525950908,31.98701298701299,12,1.2490601950288451,0.041599873438840765,3.0602506774138507,32.0,1.2078279856579208,0.005929150455528109,3.01067623846151,32
3.3,5,43085,2198,2.217913847855874,0.7726507141085026,4.385808548476931,11.178408051235133,1.0,1.7759354220850323,0.03602000449043288,1.7759354220850323,0.0,0.001841355713399163,4.385808548476931,14,2.3127175738298513,0.5358587646667381,4.97800578757452,5.751592356687898,14,2.3326708298675944,0.6829079521742404,4.807315146407626,7.3949044585987265,14,2.312918105070062,0.7685218803895796,4.629512442090785,9.019108280254777,1,2.217913847855874,0.7726507141085026,4.385808548476931,11.178408051235133,14,2.022147465160739,0.6727717373349515,4.046211056899422,15.442307692307692,14,1.8858812135886256,0.5764339680168036,3.8500520819463597,18.391025641025642,14,1.6690636629723525,0.402304422751237,3.569202523304026,23.34193548387097,14,1.5606884170355177,0.31026611421225986,3.436321871270404,26.058441558441558,14,1.4285835757194378,0.19486887487423807,3.2791556269872366,29.539473684210527,14,1.3666356248647256,0.1412186906716953,3.2047610261542707,30.993333333333332,13,1.3110945078864913,0.09313537199430669,3.138033211724768,31.873417721518987,13,1.2824796277967545,0.06853506152089169,3.103396477210548,31.98701298701299,12,1.2532886223074373,0.04345200982094547,3.068043541037175,32.0,1.2107688106593588,0.007987303299821669,3.014941071698664,32
3.4,0,44000,2198,2.251499776397481,0.6858730819020072,4.599939818140692,10.274473924977126,1.0,1.853738435465312,0.022937513681725266,1.853738435465312,0.0,0.00176886404920443,4.599939818140692,14,2.3192316303640004,0.44968951703379484,5.123544800359307,5.490445859872612,14,2.3734090673780677,0.6018114901101994,5.03080543327987,6.961783439490445,14,2.3275595805150844,0.6600977512097124,4.828752324473144,8.35031847133758,1,2.251499776397481,0.6858730819020072,4.599939818140692,10.274473924977126,14,2.098070759360566,0.666626469823233,4.245237193666564,14.173076923076923,14,1.9685004569323188,0.5953487739056202,4.028227981472367,16.94871794871795,14,1.761249804839491,0.44975378203191463,3.728493839050855,21.767741935483873,14,1.6552252334423054,0.36713187297307864,3.587365274146146,24.40909090909091,14,1.508411193877597,0.24649072139509864,3.4012919026013444,28.25657894736842,14,1.4251450915915138,0.17875258407777742,3.2947338528621177,30.253333333333334,13,1.3426946774909583,0.11119405974931044,3.18994560410343,31.734177215189874,13,1.306784072530762,0.08269123591556565,3.1429233274535555,31.961038961038962,12,1.2738077936207326,0.05671053219512546,3.0994536857591433,32.0,1.2211739347689188,0.014958706591881032,3.0304967770344753,32
3.4,1,44017,2198,2.230319293479525,0.7832443561509864,4.400931699472332,11.218664226898445,1.0,1.780528026157887,0.033592243948257085,1.780528026157887,0.0,0.003278784308124161,4.400931699472332,14,2.3270144620960043,0.5497789146078491,4.992867783328236,5.707006369426751,14,2.351825086447515,0.7022700490889934,4.826157642485299,7.401273885350318,14,2.3336899076210322,0.7860938390129306,4.655084010533185,8.980891719745223,1,2.230319293479525,0.7832443561509864,4.400931699472332,11.218664226898445,14,2.027537663190999,0.6778281880226262,4.052101875943558,15.564102564102564,14,1.8788684945281808,0.5711258679202341,3.8404824344401,18.621794871794872,14,1.654465739274999,0.3899050740215132,3.5513067371552265,23.741935483870968,14,1.548933364205882,0.300600353711549,3.4214328799473814,26.4025974025974,14,1.4169340001176,0.18575628369229638,3.263700574755556,29.730263157894736,14,1.3536323368831904,0.13078751985299297,3.187899562428486,31.1,13,1.299189786242602,0.08375406990395548,3.122343360750572,31.82278481012658,13,1.2723743033894275,0.060986880486186036,3.0894554377442893,31.954545454545453,12,1.2454064632598527,0.038294090189519785,3.0560750228653513,32.0,1.2074747424753638,0.006214676889740645,3.0093648408537987,32
3.4,2,44034,2198,2.239286779096187,0.775086735793369,4.435586844050414,11.008691674290942,1.0,1.79460114364439,0.03394401004037421,1.79460114364439,0.0,0.0025464700273354728,4.435586844050414,14,2.340298628769068,0.5609150345607378,5.009374020081563,5.745222929936306,14,2.3674730452554,0.7117032646447234,4.851127716171413,7.382165605095541,14,2.332910058084841,0.7773423381844012,4.6662616379355,8.898089171974522,1,2.239286779096187,0.775086735793369,4.435586844050414,11.008691674290942,14,2.047058728393723,0.6883882723939587,4.085064412393369,15.237179487179487,14,1.9096041331064162,0.5909978890877117,3.8875134991344726,18.096153846153847,14,1.695454180306874,0.4193393452975694,3.6096264328208303,22.916129032258066,14,1.5814040646924243,0.3236177117562336,3.4680835940967105,25.72077922077922,14,1.4549235705073709,0.2156292341326013,3.3138650750695255,28.960526315789473,14,1.3846146066184712,0.1548488836543177,3.2292631910647014,30.546666666666667,13,1.321836438876088,0.10151213907165484,3.1523228885827375,31.563291139240505,13,1.2916618886362845,0.07569747873554752,3.1156085034873895,31.928571428571427,12,1.2635758854490073,0.05185687330861096,3.081154403659602,32.0,1.2091186376483967,0.0072074439655258615,3.0119854281727023,32
3.4,3,44051,2198,2.234270197730235,0.7898703573728357,4.400869958266333,11.240164684354987,1.0,1.7804715818415786,0.033539330891742186,1.7804715818415786,0.0,0.0015876081199973334,4.400869958266333,14,2.3295903286041098,0.5554874536217133,4.990744641077705,5.713375796178344,14,2.360788260224961,0.7073320663998114,4.840972550962684,7.356687898089172,14,2.3410312016481285,0.7973199485667027,4.656598081270268,8.980891719745223,1,2.234270197730235,0.7898703573728357,4.400869958266333,11.240164684354987,14,2.031075827827418,0.6814760690892704,4.05547546593464,15.525641025641026,14,1.8865266186173586,0.5824408411413753,3.842655284831334,18.621794871794872,14,1.665855039447877,0.40228685324787633,3.5612073187478765,23.593548387096774,14,1.5566100932810631,0.30825202844456323,3.4291471905358133,26.31168831168831,14,1.4278628697722386,0.1962670065105879,3.275256664664715,29.585526315789473,14,1.3616545150352195,0.13880803894004864,3.1959242291779764,31.02,13,1.3022945282646634,0.08726858692675298,3.1248334402715288,31.810126582278482,13,1.2742005977294495,0.06326291360046042,3.0906071239229327,31.974025974025974,12,1.2490971949683582,0.041989066375454326,3.0597593878577145,32.0,1.205663140180946,0.004547306628173153,3.0073368905101048,32
3.4,4,44068,2198,2.2623325242316894,0.7169676546535202,4.580379828598944,10.377859103385179,1.0,1.846458489435542,0.023844263326607627,1.846458489435542,0.0,0.001549418504746789,4.580379828598944,14,2.316659914600856,0.43282410434234253,5.142413629988625,5.477707006369426,14,2.3651264190976136,0.6023071559134966,5.0093553138737885,7.012738853503185,14,2.334934095478024,0.6844329950339741,4.810685746144098,8.490445859872612,1,2.2623325242316894,0.7169676546535202,4.580379828598944,10.377859103385179,14,2.098111755274532,0.6771112223561647,4.229612554652085,14.333333333333334,14,1.9568952658933232,0.5947937418449906,4.000047551965822,17.30128205128205,14,1.7406813976359767,0.4405512288350104,3.6908766508374247,22.232258064516127,14,1.6270273534102435,0.3513290818527115,3.5405747607465416,25.025974025974026,14,1.4813628473282416,0.23124364761098307,3.3565416469041303,28.625,14,1.4036311889667243,0.16620163740981414,3.25977551630209,30.35333333333333,13,1.3284325774775774,0.1024424900544158,3.1674177086123194,31.670886075949365,13,1.2954674171074567,0.07540341218302142,3.1255634244941093,31.935064935064936,12,1.2663352419119336,0.051771376859527894,3.088181039490542,32.0,1.2201107692473814,0.014262462203905812,3.0288832298125943,32
3.4,5,44085,2198,2.232031195841154,0.7863457106817722,4.400559423580226,11.145471180237877,1.0,1.7829025454502132,0.03779796003020429,1.7829025454502132,0.0,0.0046032366510271126,4.400559423580226,14,2.342149114434549,0.6026180202454481,4.951445755718199,5.796178343949045,14,2.3606994206331104,0.7382345644316203,4.794396704935346,7.445859872611465,14,2.3272030949278477,0.7993066127609939,4.619047818178128,9.101910828025478,1,2.232031195841154,0.7863457106817722,4.400559423580226,11.145471180237877,14,2.0342888977411,0.6849132996373464,4.058352294896731,15.397435897435898,14,1.8871944928552455,0.5813942977585415,3.845894785500303,18.5,14,1.660967867850575,0.39554445991623116,3.55910297975209,23.587096774193547,14,1.54443959891168,0.2948964488881114,3.4187543239470326,26.51298701298701,14,1.420894302809988,0.18773570814769017,3.2706321948034343,29.638157894736842,14,1.3621969955071367,0.1366514711995579,3.2005152819685048,30.953333333333333,13,1.3060138643444779,0.08865629655208046,3.132050216033073,31.81645569620253,13,1.2811222649398,0.06741523977788187,3.101682802682677,31.967532467532468,12,1.2555072093025068,0.04555392566305711,3.0704371347616806,32.0,1.2187259797242687,0.014663983252927615,3.0248189744312803,32
3.44949,0,44494,2198,2.2991735264991617,0.44395679005765176,5.081998631161426,7.975754803293687,1.0,2.0404762047055063,0.012794587068225982,2.0404762047055063,0.0,0.0010259776568447157,5.081998631161426,14,2.2994270244817443,0.2419392449714409,5.3856586937471995,4.993630573248407,14,2.3599267226921046,0.361101020249004,5.358165276356757,6.089171974522293,14,2.3248062540057495,0.4163057685848318,5.187556982137126,6.974522292993631,1,2.2991735264991617,0.44395679005765176,5.081998631161426,7.975754803293687,14,2.224074024595765,0.49243867484699433,4.82152704921892,10.544871794871796,14,2.1508509880902054,0.5138569817865436,4.606341997545697,12.628205128205128,14,2.022651226676626,0.4895505374295893,4.32230226054718,16.219354838709677,14,1.9399685428651041,0.456600793635384,4.165020166709684,18.62987012987013,14,1.8045194464849097,0.388080752008548,3.9291774881994517,22.75,14,1.7125818296690045,0.3351829338426187,3.778680173408584,25.54,13,1.5928797332717017,0.25660776057147,3.5972876923220505,29.158227848101266,13,1.5318903988051153,0.2129887825816885,3.510242823140256,30.90909090909091,12,1.476548137506615,0.17268235201366106,3.432346815746045,31.974683544303797,1.3946207713024534,0.11279621619186031,3.3173576039683432,32
3.44949,1,44511,2198,2.2959221908741907,0.47656553044848815,5.024957181512744,8.209515096065873,1.0,2.0187598694847413,0.014628328132739904,2.0187598694847413,0.0,0.0007913317137407145,5.024957181512744,14,2.300007775541896,0.2602669121757143,5.35961907059117,5.019108280254777,14,2.3600758996294844,0.3658194269151887,5.351460608700926,6.031847133757962,14,2.32338754699166,0.4213764055164784,5.176404259204433,6.942675159235669,1,2.2959221908741907,0.47656553044848815,5.024957181512744,8.209515096065873,14,2.216308291180954,0.5335850388928705,4.740393169613078,10.871794871794872,14,2.1445130676623094,0.5436892419703729,4.545748806200215,12.826923076923077,14,1.9895720778972292,0.5033742222567765,4.218868861357908,16.870967741935484,14,1.8827550710651895,0.45537474128933075,4.023825565728978,19.75974025974026,14,1.7206619409378918,0.36082835043678985,3.760412326689545,24.230263157894736,14,1.6158309580491845,0.2919303982431595,3.601681797758222,27.32,13,1.4988052728261914,0.21120160436141544,3.4302107755233546,30.39873417721519,13,1.445904315609993,0.17431198935136316,3.3532928049979374,31.272727272727273,12,1.390758232896361,0.1336975256753453,3.276349293727885,31.77848101265823,1.2991447703980021,0.06260501387737616,3.1539544051789408,32
3.44949,2,44528,2198,2.3047949995956554,0.46117801240225287,5.07022048038576,7.988106129917658,1.0,2.0368974180810016,0.014682043211163016,2.0368974180810016,0.0,0.0007552280613675582,5.07022048038576,14,2.2999276388643843,0.25906486201303364,5.36122180414141,5.031847133757962,14,2.3580870102989904,0.354251492987702,5.363840286265923,6.006369426751593,14,2.323850170413808,0.41512862289182906,5.186932491696777,6.942675159235669,1,2.3047949995956554,0.46117801240225287,5.07022048038576,7.988106129917658,14,2.2263194686062198,0.5072416343416566,4.804936220003064,10.5,14,2.154495754745893,0.5126068792388104,4.6173290680065175,12.423076923076923,14,2.0290598068849666,0.47990008846455967,4.352799384515578,15.793548387096774,14,1.9437563733137209,0.44290371674464035,4.195035358167341,18.136363636363637,14,1.807602022588217,0.37364895286233485,3.9585316271770403,22.05263157894737,14,1.715633575489175,0.32336162873807034,3.804041495615832,24.826666666666668,13,1.605679215116952,0.2571423391091391,3.628484529128672,28.227848101265824,13,1.5455065152737921,0.21639309615797553,3.5391766439475165,30.136363636363637,12,1.4768303918038286,0.17373954310672166,3.431466664849489,31.639240506329113,1.3540242821012278,0.09051915450940307,3.249281973488965,32
3.44949,3,44545,2198,2.3036869852265354,0.45595253020259274,5.0752886677624485,7.979871912168344,1.0,2.0380639495477983,0.013247470738031257,2.0380639495477983,0.0,0.0012270234972269712,5.0752886677624485,14,2.2983654533564764,0.24300081609670177,5.381412409246138,5.006369426751593,14,2.362759440639942,0.3456731191733755,5.388388922839791,5.987261146496815,14,2.324891880586732,0.39625787444840826,5.217842889794218,6.802547770700637,1,2.3036869852265354,0.45595253020259274,5.0752886677624485,7.979871912168344,14,2.2284244273121123,0.5191342874035235,4.792359637174995,10.551282051282051,14,2.154915418107128,0.5281276125878107,4.595097126386103,12.435897435897436,14,2.018827607299889,0.5040812760168762,4.290947104224408,16.12258064516129,14,1.9294396400202596,0.4719804942345273,4.115628358698857,18.662337662337663,14,1.780561585486633,0.39790097083386927,3.8545525074657787,22.99342105263158,14,1.6828710931294075,0.3366363323982089,3.7022232342262047,25.866666666666667,13,1.5680372359265056,0.2567258079755837,3.535004377852888,29.037974683544302,13,1.5054298818762974,0.20974172570916363,3.4489621161269977,30.603896103896105,12,1.44517910706697,0.16386442002550416,3.3671511376291687,31.670886075949365,1.3376722128511556,0.08194361444645804,3.2212651104582015,32
3.44949,4,44562,2198,2.238926943239051,0.7238640244051142,4.5115213214899565,10.679780420860018,1.0,1.822317462293175,0.029514889495320665,1.822317462293175,0.0,0.004222726336424517,4.5115213214899565,14,2.299963076754171,0.46270932861176417,5.055843698967782,5.649681528662421,14,2.344835721425092,0.6315275032728971,4.914798048653385,7.222929936305732,14,2.317589947587826,0.7028006931361288,4.7397738292653715,8.694267515923567,1,2.238926943239051,0.7238640244051142,4.5115213214899565,10.679780420860018,14,2.0521109952740413,0.653683169534513,4.149752733883334,14.820512820512821,14,1.9155107339182236,0.5711780484854158,3.9320097620674344,17.75,14,1.7040112855265424,0.41226999302378975,3.641623224280669,22.670967741935485,14,1.5999392823965273,0.3287990207279156,3.5066496748994442,25.376623376623378,14,1.4729141270155457,0.2241984552068473,3.3459876347285924,28.69078947368421,14,1.4061811389640082,0.16810034425944445,3.2633023310208538,30.3,13,1.3408733088049527,0.11461815605849167,3.1802560379246447,31.411392405063292,13,1.3054546779171163,0.08537173771959183,3.1355790882134027,31.772727272727273,12,1.2716031070763407,0.057124460701965016,3.0933210766379045,31.981012658227847,1.2199088496891513,0.015016270463958037,3.0272477185269406,32
3.44949,5,44579,2198,2.236884542219201,0.7111302711866563,4.525515948768018,10.605672461116194,1.0,1.827964169016382,0.02959631584862406,1.827964169016382,0.0,0.002584763962544639,4.525515948768018,14,2.3051710013854216,0.4425187235071097,5.099149418202889,5.598726114649682,14,2.3258780572184996,0.5747138936056848,4.952624302637722,7.114649681528663,14,2.2914558683638897,0.6480469967267792,4.756569175819555,8.560509554140127,1,2.236884542219201,0.7111302711866563,4.525515948768018,10.605672461116194,14,2.0553962016088008,0.649370348327046,4.164434981531435,14.711538461538462,14,1.9283278174877752,0.575633226205144,3.9573697044117218,17.506410256410255,14,1.716019983078856,0.421030811448714,3.65850374052407,22.496774193548386,14,1.6022958556168596,0.3291245006620416,3.512052888049087,25.363636363636363,14,1.469615213410556,0.21985405417355805,3.344256952266053,28.80263157894737,14,1.4033034195042635,0.16502607866417976,3.2607194307643885,30.30666666666667,13,1.3332692165467264,0.10702951275464292,3.172628772234851,31.531645569620252,13,1.298408201464835,0.07868416779972578,3.1279942519624986,31.863636363636363,12,1.2610031348761654,0.04827159469199773,3.0801004451524157,31.99367088607595,1.2092207554373011,0.00729537903228028,3.0121088200448325,32
3.48,0,44800,2198,2.2467792803379125,0.7175731831757289,4.540588426081188,10.516925892040256,1.0,1.8346642540453786,0.030714806021505798,1.8346642540453786,0.0,0.0023316142635542107,4.540588426081188,14,2.326638683178237,0.47795125402827615,5.099669826903179,5.579617834394904,14,2.356655798064734,0.6023538517940532,4.988108717470754,7.082802547770701,14,2.318524727640143,0.6673543087104884,4.795280356034624,8.48407643312102,1,2.2467792803379125,0.7175731831757289,4.540588426081188,10.516925892040256,14,2.085240699690606,0.6763868888565912,4.198521415941627,14.461538461538462,14,1.9584223619642187,0.6009825261232226,3.9945821157257124,17.153846153846153,14,1.7367337004571746,0.44053018287936924,3.6810389768238827,22.129032258064516,14,1.6204779906019662,0.3476164454501797,3.5297703083296454,25.006493506493506,14,1.4792152045236306,0.23274227271255757,3.3489246022402397,28.54605263157895,14,1.4065689778984374,0.17262094843805115,3.2574910220890168,30.19333333333333,13,1.3311952058703143,0.10887380769299408,3.1646773031362945,31.588607594936708,13,1.2966166876466638,0.07981877853628518,3.1218135513122314,31.896103896103895,12,1.2660903094103162,0.05410943283435233,3.0840616242742622,32.0,1.209370877675784,0.007360098672597459,3.0123870461805637,32
3.48,1,44817,2198,2.380883821861651,0.02017116448894993,5.921952807920704,4.182982616651418,1.0,2.3690448845897025,0.00043960236903589547,2.3690448845897025,0.0,0.00014877670115563533,5.921952807920704,14,2.3015303724152534,0.010615711252607988,5.737902364159222,4.050955414012739,14,2.3982452945845654,0.015142953828472562,5.972898805718704,4.089171974522293,14,2.3622107770398184,0.01594847134851721,5.88160423557677,4.127388535031847,1,2.380883821861651,0.02017116448894993,5.921952807920704,4.182982616651418,14,2.393046579129112,0.02328777014303676,5.947684792608224,4.262820512820513,14,2.386420273370908,0.029944896100237515,5.921133339276915,4.371794871794871,14,2.387033290310859,0.03583929774256541,5.9138242791633,4.554838709677419,14,2.385038197802329,0.03993384132913695,5.902694732512117,4.675324675324675,14,2.381547014825472,0.048723601414475036,5.880782134941964,4.967105263157895,14,2.380065098429067,0.055919162704645184,5.8662840020157,5.273333333333333,13,2.3772899472395093,0.06515494424047151,5.845492451738064,5.8354430379746836,13,2.375278813108279,0.07266072748725484,5.829205941539815,6.402597402597403,12,2.3753117427137025,0.07700817492526062,5.822767094396363,7.253164556962025,2.364503517685576,0.09388591524069412,5.7704299213529,20
3.48,2,44834,2198,2.2590655567440354,0.6705293399297033,4.641869881965533,10.046203110704482,1.0,1.8724757529938545,0.026213000346068025,1.8724757529938545,0.0,0.0008207440963596246,4.641869881965533,14,2.313006833394843,0.41183213246256756,5.164768884793255,5.515923566878981,14,2.3458502835534527,0.5342847882569596,5.063198526498192,6.872611464968153,14,2.321793381469862,0.6086490648974071,4.891509856328545,8.095541401273886,1,2.2590655567440354,0.6705293399297033,4.641869881965533,10.046203110704482,14,2.1153611149531386,0.6512830483685188,4.3114782148300685,13.679487179487179,14,1.9962710340546517,0.5928942610675725,4.1013361935352695,16.30128205128205,14,1.7901581991701072,0.4589881013044441,3.786913345968601,21.10967741935484,14,1.677325138117271,0.37502633999495893,3.6307733353007396,23.961038961038962,14,1.522977685717324,0.2553716116559497,3.4243867968093853,28.04605263157895,14,1.4323453351205224,0.1841754280268361,3.304600195761052,30.213333333333335,13,1.3491950529087366,0.11742970057748811,3.1968430814056097,31.61392405063291,13,1.3116614534887805,0.0871909020462282,3.148367280652609,31.935064935064936,12,1.2776831126257173,0.05954001558776714,3.104897758182642,32.0,1.2269951447796876,0.018477804144276355,3.0397711557328044,32
3.48,3,44851,2198,2.382183574456399,0.015722356645551633,5.93187540117267,4.12580054894785,1.0,2.373148238620598,0.0006634635858837791,2.373148238620598,0.0,6.699423974770532e-05,5.93187540117267,14,2.30060097883754,0.00677011013912501,5.741347281885163,4.031847133757962,14,2.3978276900863436,0.010861549568080152,5.978276900863739,4.070063694267516,14,2.3625760851604376,0.012823140925570402,5.887205501512739,4.089171974522293,1,2.382183574456399,0.015722356645551633,5.93187540117267,4.12580054894785,14,2.3963673293280197,0.01816335335940331,5.9636732932809435,4.173076923076923,14,2.390639346256463,0.021167981226607686,5.944846393801247,4.217948717948718,14,2.3948695921475145,0.025652039261516553,5.94869592147651,4.316129032258065,14,2.394347119511793,0.02789062595194113,5.94403185985157,4.3896103896103895,14,2.3923541275316373,0.030887413167380834,5.934554199078019,4.552631578947368,14,2.39189139699575,0.03320016273461471,5.929928248387452,4.706666666666667,13,2.3903156430856547,0.03754886720872353,5.919465806901049,5.044303797468355,13,2.3891054201726956,0.041026965620891934,5.9112231020004,5.383116883116883,12,2.3873396730783005,0.046943811533999937,5.8979334653947495,6.113924050632911,2.386869196821147,0.05699882879073215,5.881674748866769,16
3.48,4,44868,2198,2.3841894640996917,0.00569290842930543,5.9519342976052725,4.049405306495883,1.0,2.3808191574216444,7.573063255973661e-05,2.3808191574216444,0.0,3.2618703963291636e-06,5.9519342976052725,14,2.3015303724152756,0.0021231422505215963,5.750641217662407,4.012738853503185,14,2.39934198546922,0.003290072653843855,5.993419854692285,4.019108280254777,14,2.3643114426444014,0.004146353505918627,5.9045590763521245,4.031847133757962,1,2.3841894640996917,0.00569290842930543,5.9519342976052725,4.049405306495883,14,2.398775224377903,0.0061238781103006585,5.987752243779306,4.064102564102564,14,2.393326240980168,0.007733507608432946,5.971715341037771,4.096153846153846,14,2.3981669324006987,0.009165337996079695,5.981669324007627,4.148387096774194,14,2.3980386769782664,0.009806615108125388,5.980386769783477,4.188311688311688,14,2.3972104683529216,0.011101793996470224,5.976373479887596,4.282894736842105,14,2.3975412033940136,0.012293983028818652,5.975412033941805,4.386666666666667,13,2.397157546474136,0.014212267627568574,5.971575464743987,4.6075949367088604,13,2.396895004394253,0.015524978026337724,5.968950043946126,4.8311688311688314,12,2.396859282004792,0.017792844810738038,5.965458937795872,5.3164556962025316,2.3992989591997236,0.019142353181747396,5.969533868226687,12
3.48,5,44885,2198,2.2536086438221883,0.6446534816600745,4.6670413870653595,9.93046660567246,1.0,1.882092394585602,0.025459732932429802,1.882092394585602,0.0,0.00102706930607942,4.6670413870653595,14,2.300623964492034,0.3993949907589771,5.152467425091618,5.3949044585987265,14,2.3528659921563015,0.5394677301393671,5.072963385181703,6.828025477707007,14,2.3140494592996705,0.6118876088114164,4.867292235032051,8.146496815286625,1,2.2536086438221883,0.6446534816600745,4.6670413870653595,9.93046660567246,14,2.1134152460944162,0.6325805331461194,4.334667315516861,13.5,14,1.9963383279608127,0.5733656437512383,4.130797354275174,16.128205128205128,14,1.804555607906519,0.45222290044321756,3.8330546691014704,20.787096774193547,14,1.695204355037582,0.37408993084138537,3.6768759913318765,23.5974025974026,14,1.5499172587345904,0.2644452555865345,3.4781252634566746,27.585526315789473,14,1.4770071737769837,0.20799290788887112,3.380528572609151,29.606666666666666,13,1.4021554831496155,0.14950515516897334,3.2811309751205795,31.272151898734176,13,1.3665044388365533,0.12156260508823133,3.2339171894590355,31.766233766233768,12,1.3299718627205828,0.0926621591895071,3.1859364180171963,31.930379746835442,1.2495788394988558,0.032704666780283276,3.0748900985767142,32
3.52,0,45200,2198,2.327318817164486,0.35154371399929696,5.2909814719122705,6.945562671546203,1.0,2.1250011156716755,0.014347544844612018,2.1250011156716755,0.0,0.001797268072043503,5.2909814719122705,14,2.2925007917327553,0.14493558918514804,5.513848595554167,4.617834394904459,14,2.371152000368153,0.22613741052703049,5.588673885129838,5.286624203821656,14,2.3329717195474657,0.2709968163833786,5.425934074293596,5.898089171974522,1,2.327318817164486,0.35154371399929696,5.2909814719122705,6.945562671546203,14,2.3011522906274506,0.42040409112570815,5.122274589880064,8.551282051282051,14,2.2563400207066358,0.4347564862640272,4.988715322370549,9.833333333333334,14,2.1792830256450597,0.4458169679184355,4.779482112234996,12.32258064516129,14,2.1256367788132673,0.43842185388196453,4.6564591662102215,13.987012987012987,14,2.028091681606927,0.4114515161031536,4.453051929862587,17.11842105263158,14,1.9596763817919176,0.38211454123698574,4.326019142624315,19.433333333333334,13,1.8816026526366947,0.3391147552488222,4.195334498718503,22.430379746835442,13,1.8366776780300622,0.3106534865122184,4.125713965306828,24.38961038961039,12,1.7916597402481291,0.28283857610019125,4.054891486470037,26.79746835443038,1.6046984419074772,0.1942545840980956,3.7203642286215497,32
3.52,1,45217,2198,2.3299052187381037,0.3213176145497895,5.342786625020575,6.712259835315645,1.0,2.1447314342672863,0.012694640431759606,2.1447314342672863,0.0,0.002384936763093068,5.342786625020575,14,2.290405745289689,0.15116453689929302,5.4992675578752825,4.687898089171974,14,2.3662968689994073,0.22733946068969715,5.574732981463972,5.375796178343949,14,2.3294175214769286,0.26698723343247843,5.423062953543605,5.936305732484076,1,2.3299052187381037,0.3213176145497895,5.342786625020575,6.712259835315645,14,2.298643665368261,0.3814603761856854,5.1744185991421245,8.243589743589743,14,2.2640845875377784,0.406282874552417,5.0507871570158205,9.314102564102564,14,2.1996563552334822,0.42315769234034384,4.86440434957319,11.477419354838709,14,2.152081729809976,0.41898387168735224,4.7517285169939125,13.045454545454545,14,2.0814109901855984,0.40837594643350184,4.590963555813742,15.736842105263158,14,2.029204202262973,0.39590046912760307,4.479159801966026,17.886666666666667,13,1.9624996095237108,0.374144083358589,4.345032898771393,20.943037974683545,13,1.9201498395507626,0.3562860016782009,4.265945596359605,23.292207792207794,12,1.8731372909256114,0.32585701028845165,4.19405771188135,26.759493670886076,1.7666431814816594,0.25771690274974635,4.0300325995795285,32
3.52,2,45234,2198,2.3289199752980068,0.33532032004414647,5.319319458178796,6.816102470265325,1.0,2.135695459673851,0.01327946067055328,2.135695459673851,0.0,0.0010780120942566725,5.319319458178796,14,2.2856265998535448,0.1453362725727083,5.4960620907748,4.662420382165605,14,2.371948898267358,0.23657752298282786,5.575005961194152,5.43312101910828,14,2.3285694784884847,0.28084384967581205,5.400157921707496,6.050955414012739,1,2.3289199752980068,0.33532032004414647,5.319319458178796,6.816102470265325,14,2.2985833623409175,0.3907918866400595,5.160270575892205,8.352564102564102,14,2.2524393397968865,0.41732209719599705,5.005115203698221,9.673076923076923,14,2.1811510072855547,0.4301535538518593,4.807647187436097,11.993548387096775,14,2.1359028651612864,0.4297798752226858,4.695087350069187,13.577922077922079,14,2.0533854170999666,0.4075178167399006,4.522186817640065,16.473684210526315,14,1.9892422030909385,0.3832942511698494,4.398164130972572,18.966666666666665,13,1.9065435837108387,0.3484165908097575,4.243734073062461,22.531645569620252,13,1.8539418986581444,0.3269196804871752,4.144475225914599,25.11038961038961,12,1.7819611282611645,0.28658176754764797,4.025030169331439,29.0126582278481,1.71272901393931,0.23227530222164816,3.933409581515803,32
3.52,3,45251,2198,2.320059545764506,0.3471231479508926,5.279464142484927,6.98444647758463,1.0,2.1204503331353086,0.014441126902230378,2.1204503331353086,0.0,0.0021993847499938626,5.279464142484927,14,2.2895283925819188,0.1810290074440152,5.452277470288775,4.802547770700637,14,2.365927634329692,0.2634991292949192,5.519570391881851,5.592356687898089,14,2.321348942657268,0.29113167213558355,5.3666748484397955,6.159235668789809,1,2.320059545764506,0.3471231479508926,5.279464142484927,6.98444647758463,14,2.287569720666173,0.40182893387703505,5.116180900849877,8.58974358974359,14,2.2477931385708896,0.41375976562830585,4.998843197984765,9.679487179487179,14,2.1839217679962983,0.4275396320411601,4.818494971929007,11.825806451612904,14,2.1378581935436163,0.4213960365922993,4.712551428970591,13.305194805194805,14,2.0744757698155762,0.41218195578833106,4.567916490856443,15.664473684210526,14,2.030066108882672,0.3965605152166546,4.480324499381698,17.393333333333334,13,1.9689499053377058,0.37145547921929895,4.365191544515314,19.943037974683545,13,1.9267567547799969,0.3560906775905606,4.28275587056415,22.162337662337663,12,1.8690870506927737,0.3380742446687138,4.165606259728864,26.120253164556964,1.693851249026893,0.24923383983067993,3.8607773628212128,32
3.52,4,45268,2198,2.2703871972694922,0.6263258015538682,4.736479290842928,9.630832570905763,1.0,1.9079116028229952,0.022199810809706854,1.9079116028229952,0.0,0.00110593564628004,4.736479290842928,14,2.3136718718775895,0.3686876459897355,5.231148210709371,5.369426751592357,14,2.355723614573789,0.5108795384483541,5.122989728761941,6.732484076433121,14,2.318641231774586,0.5892160871876996,4.912778948654916,8.05732484076433,1,2.2703871972694922,0.6263258015538682,4.736479290842928,9.630832570905763,14,2.1379756872690603,0.6360173582117642,4.390913180855004,13.173076923076923,14,2.0090576783541,0.588304283319939,4.1401877709053405,16.07051282051282,14,1.8219494917908532,0.479294804330472,3.8359315229814253,20.516129032258064,14,1.7144714331869657,0.4041940043301146,3.6798875764722427,23.155844155844157,14,1.5502183826365832,0.27962494195827736,3.4561085436540417,27.13157894736842,14,1.4566440396868563,0.20517346196845399,3.3338499062644593,29.373333333333335,13,1.3648446161334589,0.13122426284665803,3.21527514606366,31.09493670886076,13,1.3262630003193976,0.09951552941584164,3.1663842066747314,31.714285714285715,12,1.28695760468812,0.0674926136999097,3.116155091170435,32.0,1.2209665391276523,0.014698773721787184,3.03036818723645,32
3.52,5,45285,2198,2.3245948412441417,0.36723551786958,5.260633826305985,7.084629460201281,1.0,2.112964175312245,0.014517741316418949,2.112964175312245,0.0,0.00044674303578657785,5.260633826305985,14,2.287697701233972,0.17319732617962938,5.459448263815487,4.789808917197452,14,2.3670633558668412,0.25739908449698234,5.5315597629216295,5.560509554140127,14,2.32449055492046,0.2974417159343128,5.36506381339968,6.171974522292993,1,2.3245948412441417,0.36723551786958,5.260633826305985,7.084629460201281,14,2.284011013599623,0.42331704974729395,5.075051959378117,8.801282051282051,14,2.2403856501711394,0.45222024140921946,4.9226337633140185,10.173076923076923,14,2.16509099485654,0.4668881282275488,4.712395294800027,12.63225806451613,14,2.1100795922439803,0.4565597440459952,4.5903593645409595,14.409090909090908,14,2.019952720874598,0.4310032584632951,4.403376914491553,17.50657894736842,14,1.9583759650563903,0.40876597330646974,4.282790952681271,19.706666666666667,13,1.8707043214060384,0.36507474401008266,4.129148687499971,22.974683544303797,13,1.8095598438225264,0.33099151364802526,4.027412339084279,25.42207792207792,12,1.735875724872653,0.2837308522055823,3.9140930338732596,28.21518987341772,1.533909808432748,0.1683990442620873,3.582175954688739,32
3.54409,0,45440,2198,2.3833052008901463,0.010114224476935819,5.943091665509964,4.0827996340347665,1.0,2.377434474238179,0.00032968005698948946,2.377434474238179,0.0,2.0934864022211247e-05,5.943091665509964,14,2.3008132930625957,0.005708539013864226,5.743470424135694,4.025477707006369,14,2.398266366440197,0.008668167798850908,5.9826636644022155,4.057324840764331,14,2.3633716408926544,0.008845362264541832,5.895161058834823,4.070063694267516,1,2.3833052008901463,0.010114224476935819,5.943091665509964,4.0827996340347665,14,2.3976461568205707,0.011769215896815597,5.976461568206203,4.115384615384615,14,2.39230115183783,0.012858953319992027,5.961464449614589,4.141025641025641,14,2.39695229649411,0.015238517528836953,5.969522964942019,4.212903225806452,14,2.396607194055978,0.016964029719286657,5.966071940561015,4.285714285714286,14,2.3957932524300367,0.018187873610572093,5.962201320659231,4.394736842105263,14,2.3961890003075275,0.019054998460918373,5.961890003077442,4.5,13,2.395837447255532,0.020812763720256925,5.958374472558446,4.7215189873417724,13,2.3955504162088053,0.02224791895323812,5.955504162092156,4.9480519480519485,12,2.3952022594067284,0.02472661481880979,5.950915726288608,5.443037974683544,2.3969406849945347,0.03100019118483921,5.945851425709078,12
3.54409,1,45457,2198,2.3845467131794114,0.003906663030755286,5.955506788402397,4.032936870997255,1.0,2.3822658006452895,0.00010514214055229875,2.3822658006452895,0.0,0.0,5.955506788402397,14,2.3015303724152756,0.0021231422505215963,5.750641217662407,4.012738853503185,14,2.3992428523085616,0.003785738457118146,5.992428523085727,4.025477707006369,14,2.3641840541093666,0.004783296181073272,5.903285191001807,4.038216560509555,1,2.3845467131794114,0.003906663030755286,5.955506788402397,4.032936870997255,14,2.3986954094741955,0.006522952628837998,5.986954094742232,4.064102564102564,14,2.3930085696134347,0.009321864442099717,5.968538627370438,4.096153846153846,14,2.397522369228954,0.01238815385487766,5.975223692290068,4.122580645161291,14,2.397140765514137,0.01429617242890527,5.9714076551419835,4.142857142857143,14,2.395935363587395,0.0174773178243889,5.963622432231902,4.184210526315789,14,2.3959753293381265,0.020123353308695375,5.959753293382272,4.233333333333333,13,2.395141374361109,0.02429312819343245,5.9514137436126235,4.3544303797468356,13,2.394522350386669,0.02738824806530501,5.945223503868715,4.467532467532467,12,2.3934974505402495,0.032548230304918074,5.9349212808932466,4.7025316455696204,2.393574796411349,0.04341293380687716,5.918817590318056,8
3.54409,2,45474,2198,2.372807258604138,0.06959960854730282,5.827618733689392,4.574107959743825,1.0,2.335282940525449,0.007059078416153599,2.335282940525449,0.0,0.001383832357582531,5.827618733689392,14,2.2956095191762635,0.031727408445103494,5.691432685273004,4.146496815286624,14,2.3906168282207645,0.046915858895240484,5.90616828220905,4.32484076433121,14,2.355499795348618,0.05522341164525584,5.805914370903661,4.414012738853503,1,2.372807258604138,0.06959960854730282,5.827618733689392,4.574107959743825,14,2.3835292403072197,0.09381751983036282,5.818096821022504,4.897435897435898,14,2.3756255745927453,0.1001344778339967,5.78886221973087,5.096153846153846,14,2.376202000636941,0.1154029801014472,5.767400531440181,5.535483870967742,14,2.3737187066874266,0.12586135222564102,5.745504738380106,5.8896103896103895,14,2.3687017790022953,0.1398225705027343,5.712020591751637,6.578947368421052,14,2.365414339082815,0.14653670014894643,5.693730797483618,7.12,13,2.362964291727531,0.14894878835495087,5.683987546786399,7.80379746835443,13,2.3610503401995624,0.14859350360162016,5.679735595096475,8.305194805194805,12,2.360701916976325,0.14509856806529745,5.6841069403428675,8.79746835443038,2.3343092004931223,0.1637340530140241,5.590171921711769,21
3.54409,3,45491,2198,2.376357972661631,0.04433771782396046,5.874388354918138,4.375114364135407,1.0,2.3538434355150497,0.006813489246324528,2.3538434355150497,0.0,0.00035749963615617705,5.874388354918138,14,2.2977087163642707,0.021231422505215952,5.7124246571528525,4.127388535031847,14,2.39260883061003,0.03377113357339315,5.930865376164984,4.235668789808917,14,2.356485188659943,0.04072985272676311,5.830118192559713,4.318471337579618,1,2.376357972661631,0.04433771782396046,5.874388354918138,4.375114364135407,14,2.3886782178900856,0.05532685926591295,5.888705255826344,4.564102564102564,14,2.381344188608564,0.06521816154809973,5.855533229199262,4.762820512820513,14,2.384175068130198,0.07655084595616224,5.845611401391249,5.109677419354838,14,2.382936845986418,0.08255821031077182,5.833504799499886,5.383116883116883,14,2.3800170069007818,0.09109630415550572,5.813398061018695,5.901315789473684,14,2.3784514452523884,0.09793518234167159,5.7992258396184635,6.406666666666666,13,2.375909186896827,0.10633288749683457,5.7802736359968145,7.234177215189874,13,2.373770361467076,0.11259532234273116,5.765532920153593,7.8311688311688314,12,2.370636627461411,0.11883572261796434,5.74833798472658,8.841772151898734,2.3668993204101376,0.11524633697247832,5.744378795566627,14
3.54409,4,45508,2198,2.3840898191713626,0.006191133070946279,5.95093784832199,4.050777676120768,1.0,2.380825628939752,0.0007508160182623536,2.380825628939752,0.0,0.0002648963636397604,5.95093784832199,14,2.3014502357377635,0.0025238256380818226,5.7498398508872866,4.006369426751593,14,2.39934198546922,0.003290072653843855,5.993419854692285,4.019108280254777,14,2.364104747580842,0.005179828823696366,5.9024921257165595,4.038216560509555,1,2.3840898191713626,0.006191133070946279,5.95093784832199,4.050777676120768,14,2.3982219602211026,0.008890198894248821,5.982219602211382,4.083333333333333,14,2.3926357312376716,0.011186056320857549,5.964810243612896,4.115384615384615,14,2.396746531536856,0.016267342315199072,5.967465315369341,4.180645161290323,14,2.3958677370072246,0.02066131496318341,5.9586773700732865,4.240259740259741,14,2.39350733317846,0.029617469868551568,5.939342128143321,4.3618421052631575,14,2.3921700928933993,0.03914953553158215,5.921700928936124,4.493333333333333,13,2.3883663865053966,0.05816806747086393,5.883663865057194,4.746835443037975,13,2.3842790814757095,0.07860459261849324,5.842790814761534,5.025974025974026,12,2.3767545447071146,0.11691597188540409,5.76651240393968,5.449367088607595,2.3516583253369503,0.23478158688902795,5.526973433008833,10
3.54409,5,45525,2198,2.3831234274812787,0.011182473779429691,5.941034858034053,4.093321134492223,1.0,2.3766827813166915,0.00044806350511749146,2.3766827813166915,0.0,0.0008652258591007391,5.941034858034053,14,2.3006811155150517,0.006369426751564789,5.742148648660284,4.038216560509555,14,2.3984825915584183,0.009569705420861434,5.981851920764752,4.050955414012739,14,2.3635614784717207,0.009482304939701078,5.89468023876975,4.063694267515924,1,2.3831234274812787,0.011182473779429691,5.941034858034053,4.093321134492223,14,2.3963871809743433,0.01676548516053707,5.965819724695053,4.166666666666667,14,2.3908330696313045,0.019316418089673097,5.948108046943753,4.198717948717949,14,2.394534894433642,0.026201923531801917,5.947034350786402,4.303225806451613,14,2.393534953455419,0.03192819722603683,5.9359450877994915,4.396103896103896,14,2.3906762985976266,0.042766061495596946,5.912541654250668,4.598684210526316,14,2.389113366003237,0.05205451159389483,5.89470164761725,4.76,13,2.3861686798543187,0.06635137001228432,5.865894644617369,5.082278481012659,13,2.383874951305036,0.07769704672992553,5.843141808167701,5.422077922077922,12,2.3803500651994276,0.0963457372459025,5.806356557129714,6.158227848101266,2.3713811999452483,0.12874144758903583,5.735340828479567,14
3.545,0,45450,2198,2.2960813229937775,0.4962762373375462,4.995788951478124,8.321591948764867,1.0,2.0096996640116473,0.01897347236732979,2.0096996640116473,0.0,0.0037697533362845356,4.995788951478124,14,2.28702851200623,0.23863480628293812,5.359619070591168,5.019108280254777,14,2.3500533916718735,0.354282623574749,5.3437095438175595,6.095541401273885,14,2.3136822651481177,0.42216947080173844,5.150951456667686,7.050955414012739,1,2.2960813229937775,0.4962762373375462,4.995788951478124,8.321591948764867,14,2.2221457431296514,0.5704560858449188,4.699680229056751,10.974358974358974,14,2.1383398250695915,0.5715796584905033,4.488480074938225,13.096153846153847,14,1.9770565557066984,0.5240414684532113,4.156579186586928,17.141935483870967,14,1.8563344032537388,0.45821894482415265,3.9535075908981177,20.064935064935064,14,1.6885736668856632,0.3517802668020053,3.69376376701115,24.42105263157895,14,1.5835369512382518,0.2791415106069355,3.5401301121852256,27.30666666666667,13,1.4631475900422164,0.19286322781940554,3.3685741333764323,30.170886075949365,13,1.3985436498193413,0.1466297677786881,3.276414472880321,31.25974025974026,12,1.3302414396094708,0.09707437293232944,3.179992039625183,31.955696202531644,1.2238907525158422,0.018046290730223014,3.032657445194271,32
3.545,1,45467,2198,2.3832756760835947,0.010261848509687416,5.942796417444457,4.08508691674291,1.0,2.377307322300329,0.0003145922042440908,2.377307322300329,0.0,0.0010519829038436043,5.942796417444457,14,2.3011057439651634,0.004246284501043187,5.746394933161346,4.025477707006369,14,2.3985848377777823,0.00707581111096203,5.985848377778011,4.044585987261146,14,2.363450947421182,0.008448829621923327,5.8959541241200695,4.063694267515924,1,2.3832756760835947,0.010261848509687416,5.942796417444457,4.08508691674291,14,2.3977751898830375,0.011124050584481796,5.97775189883087,4.115384615384615,14,2.3922438228713494,0.013145598152339935,5.960891159949865,4.160256410256411,14,2.396880863307252,0.015595683463015205,5.968808633073606,4.251612903225807,14,2.396510311279698,0.017448443600538537,5.965103112798436,4.337662337662338,14,2.395477149418052,0.019198994215159453,5.959894382222389,4.506578947368421,14,2.3956676725233637,0.02075440292025182,5.958037576928031,4.68,13,2.3947991124900434,0.023023819584971232,5.952462051847651,5.050632911392405,13,2.3942254635592133,0.02444847039446668,5.948890953306332,5.415584415584416,12,2.3943256677144578,0.02561895554506677,5.9473857359685445,6.075949367088608,2.3961714779011944,0.027456776530918603,5.9492435299566075,14
3.545,2,45484,2198,2.3756374334276305,0.04845306178860617,5.866413990886168,4.398444647758463,1.0,2.350937064488216,0.007285780222915312,2.350937064488216,0.0,0.0,5.866413990886168,14,2.2954773416287195,0.03238829618280403,5.690110909797594,4.159235668789809,14,2.3921881130530838,0.039059434733866784,5.921881130531909,4.24203821656051,14,2.357331316845635,0.03904698249903311,5.834757818365537,4.280254777070064,1,2.3756374334276305,0.04845306178860617,5.866413990886168,4.398444647758463,14,2.3878472220744706,0.060763889625928866,5.878472220747282,4.596153846153846,14,2.382409008796749,0.0623196685238055,5.862543019206167,4.6923076923076925,14,2.3859173986470616,0.07041300676189796,5.859173986474808,4.967741935483871,14,2.384721106527246,0.07639446736030674,5.847211065277653,5.201298701298701,14,2.3824013034771396,0.08514761837145046,5.828281831135673,5.644736842105263,14,2.3818110721391244,0.09094463929849295,5.818110721400073,6.04,13,2.381200894751234,0.09399552623617842,5.812008947523818,6.651898734177215,13,2.381042835208397,0.09478582394896952,5.810428352097537,7.136363636363637,12,2.3812003429918303,0.09572453637263403,5.809414052920625,7.677215189873418,2.37710144132118,0.11448920993982092,5.771019788393219,8
3.545,3,45501,2198,2.382695736411589,0.013161546869650785,5.9369970207244975,4.1079597438243365,1.0,2.375027395744485,0.0003809790911442322,2.375027395744485,0.0,3.70688522951168e-05,5.9369970207244975,14,2.301105743965164,0.0042462845010431925,5.746394933161346,4.025477707006369,14,2.3984646327615144,0.007676836192302361,5.984646327615331,4.044585987261146,14,2.3631961703511153,0.009722714972237204,5.893406353419433,4.070063694267516,1,2.382695736411589,0.013161546869650785,5.9369970207244975,4.1079597438243365,14,2.3968987482814867,0.015506258592142391,5.9689874828155025,4.147435897435898,14,2.391178657599173,0.018471424513093648,5.950239507228294,4.205128205128205,14,2.3956126095968,0.021936952015108282,5.956126095969337,4.309677419354839,14,2.3956197176982728,0.021901411507589157,5.956197176984297,4.363636363636363,14,2.3946806693432534,0.023184413148734224,5.95192505363503,4.506578947368421,14,2.3948664646100855,0.024536719126359918,5.950361082835673,4.66,13,2.39415971833201,0.027253913800645648,5.944518425129057,5.018987341772152,13,2.393549823143236,0.028896106401669383,5.940530398255584,5.357142857142857,12,2.3925683634558865,0.03020900015892099,5.936107408401336,5.974683544303797,2.3931346858742235,0.04044038187453758,5.922176141873753,16
3.545,4,45518,2198,2.382225044705469,0.015515005400187276,5.932290103663393,4.1299176578225065,1.0,2.373170216341856,0.000423624794165438,2.373170216341856,0.0,2.372089746559013e-05,5.932290103663393,14,2.3000441728398844,0.009554140127347188,5.735779221908691,4.057324840764331,14,2.397091614250515,0.014541928747132225,5.9709161425055886,4.101910828025478,14,2.3623356751278934,0.014025191088237311,5.884801401187378,4.10828025477707,1,2.382225044705469,0.015515005400187276,5.932290103663393,4.1299176578225065,14,2.3956115259638047,0.021942370180330257,5.956115259639016,4.2243589743589745,14,2.3899914978750347,0.024407223133561924,5.938367909987246,4.282051282051282,14,2.3941488953304835,0.029255523346426383,5.94148895330657,4.4,14,2.393908309780171,0.030458451097739012,5.939083097803819,4.487012987012987,14,2.3931595755023114,0.031356258248419575,5.9358645513831485,4.6644736842105265,14,2.393672341492914,0.031426284738415196,5.9370414266246625,4.8133333333333335,13,2.3934520284012297,0.0317091163662205,5.936066396453742,5.10126582278481,13,2.3930798819000163,0.0328586685807628,5.933411701878896,5.441558441558442,12,2.392987941728358,0.035100887895105154,5.929818522478238,6.037974683544304,2.386345382370129,0.06288194640031008,5.871540536324857,12
3.545,5,45535,2198,2.3835285943149356,0.00899725735301841,5.945325599757813,4.073193046660567,1.0,2.378320456728079,0.00031702804159059784,2.378320456728079,0.0,3.143613198924414e-05,5.945325599757813,14,2.3007331563850837,0.006109222401424447,5.742669057360573,4.019108280254777,14,2.3982452945845876,0.008773527076917,5.982452945846092,4.050955414012739,14,2.362958250765539,0.010912312900101894,5.891027157563694,4.076433121019108,1,2.3835285943149356,0.00899725735301841,5.945325599757813,4.073193046660567,14,2.397596938661811,0.012015306690612064,5.975969386618609,4.115384615384615,14,2.3920566668269747,0.014081378374231677,5.9590195995060915,4.153846153846154,14,2.3967379223848355,0.016310388075190183,5.967379223849303,4.219354838709678,14,2.3964167960347087,0.0179160198256494,5.964167960348298,4.279220779220779,14,2.3954080643568014,0.02011381397675116,5.958349439926874,4.394736842105263,14,2.395604180074428,0.021979099626362804,5.956041800746525,4.52,13,2.3950348068842513,0.024621422054132577,5.9506548841294284,4.765822784810126,13,2.394668592170421,0.025743642219317714,5.948056017097076,4.9480519480519485,12,2.394257255572452,0.02818308524053952,5.94336851107032,5.3354430379746836,2.39618776833734,0.034258591675868644,5.939081533329547,11
3.5475,0,45475,2198,2.375099988933203,0.051140284260665435,5.86103954594201,4.425434583714547,1.0,2.3486353897634005,0.0070326189776616505,2.3486353897634005,0.0,5.781326305439243e-05,5.86103954594201,14,2.297468306331734,0.022433472667896633,5.710020556827491,4.10828025477707,14,2.393405008953982,0.032974955229448696,5.934050089540781,4.222929936305732,14,2.357074049328592,0.04033332008413543,5.832185143195278,4.318471337579618,1,2.375099988933203,0.051140284260665435,5.86103954594201,4.425434583714547,14,2.3865936108410595,0.06703194579285318,5.8659361084133685,4.641025641025641,14,2.380831798589277,0.07020571956098075,5.846770917131724,4.756410256410256,14,2.3834385098500412,0.08280745074661115,5.834385098505186,5.103225806451613,14,2.381775392779856,0.09112303609672968,5.817753927804546,5.383116883116883,14,2.379550934965424,0.09883308503387526,5.800627709862747,5.894736842105263,14,2.379055776996398,0.1035599384978813,5.7922995347441715,6.32,13,2.3776585753215054,0.1098532992815921,5.779366489381373,7.025316455696203,13,2.3769401798648127,0.113158130443156,5.772613253997297,7.525974025974026,12,2.37643352276773,0.11698635300568366,5.7656042774108,8.063291139240507,2.3744747871651217,0.12491159803637775,5.748819570858238,9
3.5475,1,45492,2198,2.376741305686004,0.04293370049685645,5.877452713469728,4.356816102470265,1.0,2.355187531261549,0.00701074312276362,2.355187531261549,0.0,2.2238092709502723e-05,5.877452713469728,14,2.2972559921066784,0.02349504379315743,5.707897414576961,4.114649681528663,14,2.393843685307835,0.030781573460219473,5.938436853079258,4.210191082802548,14,2.3574899299026812,0.03825391721378234,5.83634394893603,4.286624203821656,1,2.376741305686004,0.04293370049685645,5.877452713469728,4.356816102470265,14,2.3887056611108446,0.05647169444411394,5.88705661111094,4.576923076923077,14,2.3828813587843194,0.05995791858591769,5.867266519081925,4.705128205128205,14,2.386417956266352,0.06801385151881056,5.864024113387664,5.012903225806451,14,2.38541971246812,0.07302168153540653,5.854016758867189,5.266233766233766,14,2.383537991389621,0.07956954818636554,5.839490656194504,5.743421052631579,14,2.3827979722307804,0.0860989437631034,5.827846514932294,6.233333333333333,13,2.3818690462684393,0.09071638832179968,5.818598033188399,6.943037974683544,13,2.38117046714985,0.09281059671540821,5.813710272801511,7.428571428571429,12,2.38113790518606,0.09294875951486464,5.813421623692855,7.962025316455696,2.379337714086703,0.09893430804720271,5.799942823145954,10
3.5475,2,45509,2198,2.3746775691072606,0.05689340932405757,5.851353808782066,4.476212259835315,1.0,2.344856252695875,0.00719121530508103,2.344856252695875,0.0,0.00037386220678534225,5.851353808782066,14,2.299619544389751,0.02016985137995518,5.718794083904446,4.10828025477707,14,2.3943994536192394,0.03437215865473341,5.934440396065999,4.2165605095541405,14,2.3593720238530955,0.039371679954000066,5.839372539701738,4.286624203821656,1,2.3746775691072606,0.05689340932405757,5.851353808782066,4.476212259835315,14,2.384819180813626,0.06639126965560398,5.862461047550659,4.711538461538462,14,2.377179320874113,0.07555384178106486,5.829617539513686,4.916666666666667,14,2.377220852289844,0.08972471798469589,5.8084650537475655,5.348387096774194,14,2.3744561441356495,0.09756943837049732,5.789786202783377,5.636363636363637,14,2.367518618084841,0.1116687467788634,5.751293425043809,6.2894736842105265,14,2.3639424541778626,0.12188107099110373,5.7270345289580025,6.84,13,2.358069386567304,0.1375846918463318,5.688796428648761,7.822784810126582,13,2.354047792654378,0.14824594903134844,5.662750558088922,8.603896103896103,12,2.347809786978241,0.16342104081926273,5.624392906216708,9.867088607594937,2.3292212004431545,0.17521475021321375,5.560230875788066,17
3.5475,3,45526,2198,2.292408862477803,0.5221094045275225,4.947858049403224,8.590118938700824,1.0,1.9905387279400801,0.01899251363131736,1.9905387279400801,0.0,0.004531505455983192,4.947858049403224,14,2.3004084589293896,0.2837412022441724,5.325409343957217,5.165605095541402,14,2.3606292744373505,0.41052633874765804,5.285783677971889,6.337579617834395,14,2.319126832829571,0.4728279700500418,5.088575126998866,7.350318471337579,1,2.292408862477803,0.5221094045275225,4.947858049403224,8.590118938700824,14,2.2048943558701737,0.5873522112326628,4.631207572826439,11.570512820512821,14,2.1122687181342257,0.5887571788456214,4.397536027067131,13.878205128205128,14,1.9398667580592697,0.524886492681152,4.062337156126446,18.07741935483871,14,1.8213543113377155,0.45599832915094135,3.8693882846178766,21.032467532467532,14,1.6589886314793243,0.3443878358231493,3.6308898249635875,25.25657894736842,14,1.5640184632151504,0.27318757440019065,3.5002647964375897,27.8,13,1.4485254264155205,0.18506692538153738,3.343713177966495,30.556962025316455,13,1.3881155218978312,0.1388429983953817,3.262024307151506,31.564935064935064,12,1.3359341187712745,0.09972417048317422,3.1902490412034243,31.943037974683545,1.2465259924371788,0.03432593555747143,3.0648260777567398,32
3.5475,4,45543,2198,2.3806004425394094,0.023638016230276945,5.916044082003111,4.20128087831656,1.0,2.370232558790362,0.0063582099818635576,2.370232558790362,0.0,8.387613287881835e-05,5.916044082003111,14,2.2996715852598046,0.011417078027728435,5.73205334610792,4.050955414012739,14,2.3969503373786374,0.015248313106538664,5.969503373786785,4.095541401273885,14,2.3620977555423193,0.01521478901610661,5.882422205331638,4.10828025477707,1,2.3806004425394094,0.023638016230276945,5.916044082003111,4.20128087831656,14,2.39457028351923,0.027148582403034076,5.945702835193525,4.282051282051282,14,2.388797232873219,0.03037854814238219,5.926425259969476,4.371794871794871,14,2.3927094575189756,0.036452712403449286,5.927094575192264,4.580645161290323,14,2.392220270224671,0.038898648874530525,5.92220270224988,4.733766233766234,14,2.390267704645712,0.04581561253003274,5.906945842819229,5.144736842105263,14,2.3898019902431122,0.05050682990832566,5.898744730745292,5.553333333333334,13,2.3881642012459157,0.056837148686443226,5.885154780085124,6.360759493670886,13,2.3872333015567895,0.06055724703763298,5.877247383335524,7.0,12,2.3874843678523203,0.06166083972047427,5.876219660050088,7.841772151898734,2.386293977618565,0.059895518778999346,5.875891665877914,15
3.5475,5,45560,2198,2.373645890500121,0.05841077642590483,5.846498561611446,4.483989021043001,1.0,2.343026071738884,0.00737774515717577,2.343026071738884,0.0,0.0,5.846498561611446,14,2.2965909536240305,0.02682023620635972,5.701247029750539,4.10828025477707,14,2.392067908036813,0.039660459815202526,5.9206790803692275,4.254777070063694,14,2.3554348558576463,0.048529287438719544,5.815793208486035,4.369426751592357,1,2.373645890500121,0.05841077642590483,5.846498561611446,4.483989021043001,14,2.386026919643805,0.06986540177899897,5.860269196441013,4.685897435897436,14,2.378947180610043,0.07962880945672722,5.827924737340018,4.903846153846154,14,2.3820123025836217,0.08993848707826363,5.820123025841658,5.258064516129032,14,2.3812330100079246,0.09383494995606968,5.812330100085707,5.4935064935064934,14,2.379005893154845,0.1021246699818978,5.794327727914267,6.0,14,2.378321239877961,0.10839380060309672,5.7832123987902575,6.46,13,2.3765472615001904,0.11726369248992104,5.765472615015594,7.1645569620253164,13,2.375958835901071,0.1202058204846596,5.759588359025689,7.461038961038961,12,2.375959359680794,0.12124340181141019,5.758033296484869,7.8164556962025316,2.3734831844997646,0.13258049404689665,5.734837220179066,8
3.55,0,45500,2198,2.3765661130951594,0.046367398868082124,5.8718641844357755,4.383348581884721,1.0,2.3528887461497483,0.006905120625729997,2.3528887461497483,0.0,0.0008999646076142457,5.8718641844357755,14,2.2983175632319575,0.018187188166853437,5.718513125829615,4.082802547770701,14,2.394657822448713,0.026710887755959183,5.946578224487843,4.165605095541402,14,2.3595306369101587,0.036030843968139895,5.844780326323186,4.261146496815287,1,2.3765661130951594,0.046367398868082124,5.8718641844357755,4.383348581884721,14,2.388783731833938,0.056176256112335614,5.8876949454163405,4.538461538461538,14,2.383520885181163,0.061229701233137326,5.866957661103204,4.634615384615385,14,2.3860516660306406,0.07328732551249852,5.855198176807854,4.922580645161291,14,2.3839621744153274,0.08098948555797394,5.838421207701358,5.175324675324675,14,2.381083398442231,0.09180360336000062,5.815003091065576,5.631578947368421,14,2.3800560000057556,0.10015482230235079,5.799907766560862,6.06,13,2.3782046143898565,0.11009277150631033,5.780372378715175,6.708860759493671,13,2.377298993942587,0.11327461913286431,5.773335556157171,7.090909090909091,12,2.37583997565633,0.11866290094138791,5.761605587728744,7.670886075949367,2.3755947548090104,0.12264785096134823,5.755015110580503,11
3.55,1,45517,2198,2.3121206178064067,0.4462429608196612,5.110937103286525,7.774473924977127,1.0,2.05487626544642,0.01750237355301709,2.05487626544642,0.0,0.001531279686320409,5.110937103286525,14,2.295208835788284,0.195089636422546,5.445387634836892,4.840764331210191,14,2.368153101078554,0.3255579420186321,5.432045839668437,5.853503184713376,14,2.3285455374370296,0.3974599246110797,5.225173956675954,6.7834394904458595,1,2.3121206178064067,0.4462429608196612,5.110937103286525,7.774473924977127,14,2.257303950485199,0.5376007341243442,4.836858775026481,10.14102564102564,14,2.1805857388953918,0.5632752827461862,4.6065514231192,12.301282051282051,14,2.035736303580102,0.5403077190107368,4.278879180434149,16.058064516129033,14,1.9403506641012018,0.5068913487560625,4.09053963711891,18.48701298701299,14,1.7872624670124093,0.42417860074162317,3.831888266418588,22.473684210526315,14,1.678809949841205,0.3541115498916165,3.6658575497655876,25.366666666666667,13,1.5382489998992552,0.2502550872277316,3.4702398689065403,29.196202531645568,13,1.4619427655970145,0.19112923450225142,3.368163062239159,30.967532467532468,12,1.402378152810677,0.1474617243480328,3.2847527955046427,31.77848101265823,1.289444238763807,0.06304257903209365,3.1290467283613768,32
3.55,2,45534,2198,2.3097938235663893,0.472306550206856,5.06602473360569,8.01555352241537,1.0,2.037217444862367,0.018012585700151428,2.037217444862367,0.0,0.0014313974516303855,5.06602473360569,14,2.3009933607346578,0.22986127920601196,5.4076914830276275,4.936305732484076,14,2.372635165163632,0.3400998707657643,5.421438106760434,5.859872611464968,14,2.333110261964021,0.39444378608020486,5.241109975789747,6.726114649681529,1,2.3097938235663893,0.472306550206856,5.06602473360569,8.01555352241537,14,2.2350879682298155,0.5398467333284356,4.777949820581885,10.602564102564102,14,2.1696012726684843,0.5526683072414718,4.595000720809003,12.429487179487179,14,2.035137613738567,0.5344208269481515,4.2862127939241885,16.10967741935484,14,1.934434139655572,0.4944933083309069,4.094345386642569,18.766233766233768,14,1.7717793661902679,0.4094736335575696,3.8152379651393153,23.05921052631579,14,1.6499261513304957,0.32780169649701796,3.6331128335807126,26.30666666666667,13,1.5044608158842883,0.2194783636647091,3.4319344942136576,30.17721518987342,13,1.4336520588950628,0.1680965703951384,3.331985291644948,31.37012987012987,12,1.3595324026715758,0.11563473428609415,3.225378905249798,31.943037974683545,1.2316067908395953,0.022754360029640708,3.0448854370545275,32
3.55,3,45551,2198,2.3812204803914825,0.020537826970012257,5.9222444605236895,4.166971637694419,1.0,2.3728467442357135,0.006581600043729746,2.3728467442357135,0.0,0.0,5.9222444605236895,14,2.2998318586148283,0.010615711252607988,5.733656079658161,4.063694267515924,14,2.396709927346101,0.0164503632692193,5.967099273461424,4.095541401273885,14,2.361984734044812,0.015779896503623457,5.881291990356596,4.114649681528663,1,2.3812204803914825,0.020537826970012257,5.9222444605236895,4.166971637694419,14,2.3951553339981455,0.024223330008589075,5.951553339982479,4.237179487179487,14,2.3892236088911436,0.02824666805292656,5.9306890201484705,4.314102564102564,14,2.393346183097217,0.03326908451253676,5.933461830974236,4.47741935483871,14,2.3927764028703775,0.03611798564633547,5.927764028706439,4.616883116883117,14,2.3911659069912723,0.04132460080283749,5.915927866273924,4.934210526315789,14,2.3911175920532175,0.04441203973043431,5.9111759205373895,5.206666666666667,13,2.3901119031805003,0.04944048409260294,5.901119031812346,5.69620253164557,13,2.3895035622875755,0.05248218855611076,5.895035622884771,6.084415584415584,12,2.389027629964467,0.0566278841959323,5.887627248617268,6.632911392405063,2.3896604439015867,0.056942259562378084,5.8887377204104,8
3.55,4,45568,2198,2.3830943276194025,0.011168590830628183,5.940982932802565,4.092406221408966,1.0,2.376617331798705,0.0003735977961316625,2.376617331798705,0.0,4.2389889700237274e-05,5.940982932802565,14,2.3013180581902195,0.0031847133757823974,5.7485180754118765,4.019108280254777,14,2.3988041759547087,0.005979120226347391,5.98804175954725,4.038216560509555,14,2.3636264179627235,0.007571476914232564,5.89770882953546,4.057324840764331,1,2.3830943276194025,0.011168590830628183,5.940982932802565,4.092406221408966,14,2.397042374007156,0.01478812996381415,5.970423740072168,4.141025641025641,14,2.3913141053943754,0.017794185537096868,5.951593985180296,4.198717948717949,14,2.395266394529645,0.023126498914107143,5.953476237952951,4.296774193548387,14,2.3944231105054663,0.02603596063935043,5.947003835304639,4.37012987012987,14,2.392453374234587,0.03054009798201865,5.935323288613437,4.532894736842105,14,2.391979658729931,0.03397351304317409,5.928988877260066,4.7,13,2.3905181693367195,0.039170664961200266,5.917539425899998,5.031645569620253,13,2.389406655715259,0.04353014439477317,5.908221422695988,5.37012987012987,12,2.388063213048594,0.05110158799965012,5.893505650622008,6.10126582278481,2.3868665132700633,0.059254125347921516,5.8782850951532755,14
3.55,5,45585,2198,2.3035495516001228,0.47029106342027976,5.053437283869886,8.075022872827082,1.0,2.031769419558219,0.017324176683773666,2.031769419558219,0.0,0.0008334608844289048,5.053437283869886,14,2.3009413198645827,0.2471066215603251,5.381693367320969,5.031847133757962,14,2.3546829587462375,0.3641217109492199,5.340524830441764,6.1210191082802545,14,2.326346217372462,0.4087936746234036,5.202675031496049,6.898089171974522,1,2.3035495516001228,0.47029106342027976,5.053437283869886,8.075022872827082,14,2.230754146924947,0.5421512861257003,4.763658438123817,10.724358974358974,14,2.153197429834787,0.5637932158154011,4.537303750863866,12.807692307692308,14,1.9958221991538634,0.5279633218836425,4.1976105150591945,16.81290322580645,14,1.8841047571304643,0.47365945194996273,3.9997727149012166,19.616883116883116,14,1.7177562185327253,0.3724153407442935,3.7357675352153725,23.894736842105264,14,1.6190665170993668,0.30467952644417146,3.59064700308216,26.453333333333333,13,1.5118064878719475,0.22752596540118097,3.438227271578097,29.170886075949365,13,1.4431043755065251,0.17539252914444992,3.3446721450496373,30.72077922077922,12,1.3769506526011845,0.12497723896579038,3.2549107730542763,31.867088607594937,1.275810014158252,0.053703354000007586,3.1089700043956183,32
3.5525,0,45525,2198,2.3847935860604115,0.010071612445055547,5.946876546483447,4.068161024702653,1.0,2.3828797546660696,0.006881893454485953,2.3828797546660696,0.0,0.0003827664744090475,5.946876546483447,14,2.301742686640331,0.001061571125260801,5.7527643599129386,4.006369426751593,14,2.3991406060891975,0.006279632767017562,5.988432066072468,4.031847133757962,14,2.3651094888235527,0.009722714972232628,5.898189649600533,4.057324840764331,1,2.3847935860604115,0.010071612445055547,5.946876546483447,4.068161024702653,14,2.3991236056905714,0.015845692915842917,5.974040474852663,4.115384615384615,14,2.394950259552953,0.01907959816828024,5.958756251629964,4.141025641025641,14,2.4002125597862,0.026973627107784948,5.960070958803821,4.219354838709678,14,2.40030736925821,0.03385630061324184,5.949983972225661,4.292207792207792,14,2.400304264069008,0.048139637217241425,5.928551204346657,4.440789473684211,14,2.4016019796878285,0.06297611178158559,5.909540781547192,4.6,13,2.4034433967120976,0.09184466366584312,5.8708414962814786,4.89873417721519,13,2.40691442010762,0.11490847169255068,5.844923342730223,5.12987012987013,12,2.415563181442272,0.1576439478326476,5.80244203185671,5.620253164556962,2.362867652713599,0.5576994677621041,5.0706199301408414,16
3.5525,1,45542,2198,2.313536632696777,0.4498197720860045,5.109111923612934,7.794144556267154,1.0,2.0538486530383215,0.01700647265524605,2.0538486530383215,0.0,0.0011344642054905586,5.109111923612934,14,2.2942471956580848,0.21952652602824377,5.4063282001028465,4.8789808917197455,14,2.3642768490815596,0.32654927362518527,5.420868212266122,5.86624203821656,14,2.330574367853936,0.3981811547086881,5.229164187571808,6.764331210191083,1,2.313536632696777,0.4498197720860045,5.109111923612934,7.794144556267154,14,2.256379845107273,0.5480869300543287,4.818819217686689,10.282051282051283,14,2.188157180092678,0.5706383203862175,4.61443546965237,12.256410256410257,14,2.0404077768948743,0.5542428858964986,4.269655113392438,16.135483870967743,14,1.9391060863431906,0.5158451260068336,4.073997526847726,18.72077922077922,14,1.7752690694839675,0.42457887039615655,3.8013043681156833,22.986842105263158,14,1.6666724948565832,0.35301239701723924,3.637162641615599,25.773333333333333,13,1.5371834098814978,0.25841301620236123,3.4553390004002025,28.873417721518987,13,1.469485817946038,0.20776220692327957,3.362071234480175,30.318181818181817,12,1.4041056412779098,0.15726483986169096,3.2743668434022393,31.354430379746834,1.2909061429439692,0.06545836149279172,3.1290778151207355,32
3.5525,2,45559,2198,2.3830437656724346,0.010717621270671702,5.94153298227508,4.091491308325709,1.0,2.376979636307032,0.0006107389950005867,2.376979636307032,0.0,0.0019584006516977035,5.94153298227508,14,2.3015303724152756,0.0021231422505215963,5.750641217662407,4.012738853503185,14,2.3991226472922937,0.004386763538458466,5.991226472923047,4.025477707006369,14,2.363849970510776,0.006453714174010234,5.899944355015923,4.044585987261146,1,2.3830437656724346,0.010717621270671702,5.94153298227508,4.091491308325709,14,2.3972164855570792,0.013102864491926635,5.973386917154808,4.134615384615385,14,2.3916254827458077,0.015489345052403528,5.955829689285916,4.173076923076923,14,2.395746617112947,0.02018385756084298,5.9590907564411015,4.27741935483871,14,2.395049112888331,0.0234362998783364,5.952468332403323,4.363636363636363,14,2.393163348753017,0.02978148148525539,5.938236149654657,4.5394736842105265,14,2.392405680635406,0.03582856469261517,5.927271354549592,4.726666666666667,13,2.390361522992785,0.04542064196110705,5.907772844540302,5.063291139240507,13,2.3898891416717993,0.0474357759459562,5.903569190260564,5.35064935064935,12,2.3901788686715886,0.047980956164338784,5.903475737432463,5.981012658227848,2.3563690337225234,0.1674122665651394,5.639804184458598,17
3.5525,3,45576,2198,2.3828255031924885,0.012512712965165835,5.938294688533475,4.103385178408051,1.0,2.3765506503301537,0.002054624861273328,2.3765506503301537,0.0,0.0011660664355373832,5.938294688533475,14,2.3008132930625953,0.005708539013864215,5.743470424135694,4.025477707006369,14,2.39870504279405,0.006474786029621653,5.987050427940693,4.044585987261146,14,2.363450947421182,0.008448829621923337,5.895954124120069,4.063694267515924,1,2.3828255031924885,0.012512712965165835,5.938294688533475,4.103385178408051,14,2.396139364411266,0.01930317794315451,5.961393644113432,4.17948717948718,14,2.3905573510312,0.021577957352939166,5.944026441548593,4.211538461538462,14,2.3937635795991876,0.03035557564273077,5.938875585533872,4.329032258064516,14,2.391987934065107,0.03631710747475561,5.925494173950634,4.435064935064935,14,2.388424385620354,0.04724253157074863,5.900197166694761,4.671052631578948,14,2.3869193306473133,0.05748217189522073,5.881075068775452,4.913333333333333,13,2.384630203189034,0.07698850293227057,5.846092753574179,5.3924050632911396,13,2.3838299623559043,0.09733389222622532,5.813574067550424,5.87012987012987,12,2.3847915668591435,0.1417259081479435,5.749390054925945,6.9113924050632916,2.444260010994831,0.6825826007040954,5.086776126430935,20
3.5525,4,45593,2198,2.377197607840219,0.04065218972582097,5.882015735011818,4.343549862763037,1.0,2.356839379051169,0.0067218084107372985,2.356839379051169,0.0,0.0,5.882015735011818,14,2.298610014134525,0.016724933654032412,5.721437634855266,4.082802547770701,14,2.3955773188676384,0.022113405661368563,5.955773188677043,4.1528662420382165,14,2.359369533406169,0.02885589969652673,5.855139983970632,4.222929936305732,1,2.377197607840219,0.04065218972582097,5.882015735011818,4.343549862763037,14,2.3903139554143356,0.04843022292689704,5.903139554145494,4.493589743589744,14,2.383894988852411,0.05488976824559207,5.87740281976264,4.660256410256411,14,2.3871813517564564,0.06409324121485277,5.871813517568862,4.993548387096774,14,2.386475102666709,0.06762448666295394,5.864751026672342,5.214285714285714,14,2.3844796973984743,0.07475564876468137,5.849065770349164,5.677631578947368,14,2.3840149077513173,0.07992546123747185,5.840149077522086,6.06,13,2.3825393904932253,0.08730304752602551,5.825393904944024,6.7215189873417724,13,2.381767537863095,0.09116231067557148,5.81767537864438,7.103896103896104,12,2.3809465927934044,0.0966064126103877,5.807456863067929,7.5886075949367084,2.3808944017779874,0.09552440765578041,5.808949392961297,8
3.5525,5,45610,2198,2.375151440929768,0.050883024277835046,5.861554065907669,4.426806953339433,1.0,2.3487499219931887,0.00688049271686899,2.3487499219931887,0.0,0.0,5.861554065907669,14,2.2978408939118142,0.02057053476751538,5.713746432628264,4.114649681528663,14,2.392428523085617,0.03785738457118145,5.9242852308572695,4.254777070063694,14,2.3558001639782544,0.04670274683569561,5.819446289692093,4.3630573248407645,1,2.375151440929768,0.050883024277835046,5.861554065907669,4.426806953339433,14,2.386371288542265,0.06814355728677048,5.863712885425508,4.660256410256411,14,2.3797813604053712,0.0754579104803812,5.836266535292858,4.801282051282051,14,2.3825211066517964,0.08739446673783532,5.825211066522738,5.103225806451613,14,2.3810454503550007,0.0947727482211006,5.81045450355585,5.35064935064935,14,2.3787784006419685,0.10326213254698484,5.7920528027844425,5.756578947368421,14,2.3786782552446253,0.10660872377102606,5.7867825524550245,6.026666666666666,13,2.377917792485768,0.11041103756420505,5.779177924868111,6.4113924050632916,13,2.3776764751800132,0.11161762409223365,5.776764751811683,6.6688311688311686,12,2.377244249216632,0.11430315840620744,5.771655885432271,7.151898734177215,2.3716775427556116,0.14160870276766246,5.716780802737535,8
3.555,0,45550,2198,2.3798816910789724,0.027231773532383846,5.908856567398857,4.228728270814273,1.0,2.3642921384986835,0.0012491858985683964,2.3642921384986835,0.0,0.0007260793764429084,5.908856567398857,14,2.2991949159396614,0.013800424628390385,5.727286652906569,4.082802547770701,14,2.39547818570698,0.022609071464642798,5.9547818570704845,4.159235668789809,14,2.3601988041073687,0.024709546190604417,5.863432690982514,4.197452229299363,1,2.3798816910789724,0.027231773532383846,5.908856567398857,4.228728270814273,14,2.391519548382349,0.03947423267530307,5.919587521942917,4.384615384615385,14,2.3843799776744796,0.04914353250635865,5.887234645426661,4.480769230769231,14,2.3861462052895397,0.06361170676879818,5.869947953070651,4.690322580645161,14,2.3840309981198438,0.07419285786015697,5.848788208509374,4.863636363636363,14,2.3798244868770007,0.0934839463094222,5.809335297728366,5.197368421052632,14,2.376920633968161,0.11224398725044658,5.7739356040447305,5.473333333333334,13,2.3682712023867465,0.14690970820396476,5.70031344366092,6.0,13,2.360698423763268,0.1722136168609193,5.643425634116791,6.474025974025974,12,2.350546845936421,0.19993429750797886,5.576465668579083,7.272151898734177,2.250311603105094,0.3054775892852639,5.167562623834838,16
3.555,1,45567,2198,2.3817706227891104,0.017787114981927088,5.9277458844998865,4.148215919487649,1.0,2.374951635433991,0.006422136056727527,2.374951635433991,0.0,1.4913408094391873e-05,5.9277458844998865,14,2.3000441728398844,0.009554140127347193,5.735779221908691,4.057324840764331,14,2.3969924810898564,0.01503759455040654,5.96992481089903,4.10828025477707,14,2.362032816051317,0.01553948647108273,5.881772810421668,4.1210191082802545,1,2.3817706227891104,0.017787114981927088,5.9277458844998865,4.148215919487649,14,2.395306212263946,0.023468938679568112,5.953062122640512,4.243589743589744,14,2.3902259597834252,0.023234913591608366,5.9407125290711535,4.282051282051282,14,2.394616803233988,0.02691598382883072,5.946168032341724,4.425806451612903,14,2.393925133619362,0.029934953341908203,5.939910404035543,4.564935064935065,14,2.392483079549332,0.03380633194751914,5.930498200952049,4.848684210526316,14,2.3925739042291023,0.03592243167227276,5.927551113064347,5.086666666666667,13,2.3919699152851575,0.038751478490798276,5.921797570476695,5.512658227848101,13,2.3913597818763415,0.04162717194585593,5.91595869677207,5.928571428571429,12,2.390875970172048,0.046483636444792774,5.90746447076293,6.7025316455696204,2.392539918025604,0.046018988900619284,5.9123213117130815,9
3.555,2,45584,2198,2.381439512474414,0.019442666555368276,5.924434781352984,4.1628545288197625,1.0,2.3702620134921486,0.0008135015849252684,2.3702620134921486,0.0,0.0019384124745724517,5.924434781352984,14,2.300681115515052,0.006369426751564784,5.742148648660284,4.038216560509555,14,2.3975092187487586,0.012453906255969066,5.975092187487943,4.082802547770701,14,2.3621602045863512,0.014902543795928095,5.883046695771986,4.114649681528663,1,2.381439512474414,0.019442666555368276,5.924434781352984,4.1628545288197625,14,2.3956873121169036,0.02156343941485411,5.956873121169977,4.217948717948718,14,2.3892436632360576,0.02814639632833768,5.930889563597639,4.32051282051282,14,2.392981827045067,0.03509086477323514,5.929818270452813,4.496774193548387,14,2.3918870571217856,0.03912364743972283,5.92103217164488,4.64935064935065,14,2.389284792464751,0.04716786830095768,5.90246017871044,4.973684210526316,14,2.388233627709137,0.05371942033412935,5.890004938771649,5.253333333333333,13,2.38539538913589,0.06547814869499367,5.865271249797235,5.7974683544303796,13,2.3847926315713055,0.06753134335758176,5.8606845638918905,6.142857142857143,12,2.3853263951609476,0.06729760405762412,5.8623695818159325,6.7974683544303796,2.3533045995795474,0.1895511637835492,5.598934753273544,15
3.555,3,45601,2198,2.3809431096579483,0.021924680637641285,5.919470753188411,4.181610247026533,1.0,2.371650103886461,0.006436337685160936,2.371650103886461,0.0,0.0,5.919470753188411,14,2.3004688012899965,0.00743099787682559,5.740025506409753,4.044585987261146,14,2.396872276073588,0.015638619631746804,5.968722760736351,4.10828025477707,14,2.3612684848411147,0.019361142522019748,5.874129498319757,4.146496815286624,1,2.3809431096579483,0.021924680637641285,5.919470753188411,4.181610247026533,14,2.394498863440654,0.027505682795971164,5.944988634407678,4.262820512820513,14,2.38813102719478,0.033709576534631115,5.919763203185005,4.352564102564102,14,2.392202767254211,0.03898616372753217,5.922027672544227,4.490322580645161,14,2.391774462905725,0.04112768546963238,5.917744629059864,4.603896103896104,14,2.390616462397649,0.04407182377119972,5.910433420337322,4.848684210526316,14,2.390828323070069,0.04585838464661564,5.908283230705249,5.053333333333334,13,2.3898482075973635,0.050758962008928946,5.898482075980014,5.474683544303797,13,2.3890989787509356,0.05450510623983225,5.890989787517591,5.902597402597403,12,2.388170123159243,0.06103095453082941,5.878878876101863,6.7215189873417724,2.385386878006064,0.07306202651540605,5.85387415524205,8
3.555,4,45618,2198,2.3802316486059745,0.025481985897421625,5.912356142668806,4.212259835315645,1.0,2.3688602914038634,0.006529723893901727,2.3688602914038634,0.0,0.0,5.912356142668806,14,2.299086683454669,0.01434158705337049,5.7262043280566175,4.050955414012739,14,2.3963133947034674,0.018433026482316362,5.963133947035193,4.1210191082802545,14,2.3607901552229964,0.02175279061255594,5.869346202138657,4.165605095541402,1,2.3802316486059745,0.025481985897421625,5.912356142668806,4.212259835315645,14,2.393774957319242,0.03112521340290323,5.937749573193749,4.3076923076923075,14,2.387730109710633,0.03571416395521853,5.915754028343756,4.403846153846154,14,2.3915953316136154,0.04202334193017229,5.915953316138779,4.606451612903226,14,2.39095886317221,0.04520568413672103,5.909588631725444,4.7727272727272725,14,2.3895610765171806,0.04934875317287893,5.899879561533632,5.078947368421052,14,2.3894913192861758,0.052543403565231725,5.894913192867594,5.346666666666667,13,2.3888170568922957,0.05591471553337043,5.888170568930684,5.784810126582278,13,2.3882839361941044,0.05858031902331244,5.882839361950293,6.136363636363637,12,2.387658513537387,0.06362599571550574,5.873707290270209,6.658227848101266,2.387012048438278,0.06850569327547085,5.864771581182489,8
3.555,5,45635,2198,2.380856436666397,0.02235804559539541,5.9186040232729,4.182982616651418,1.0,2.3714359225850568,0.00665718879316204,2.3714359225850568,0.0,0.0,5.9186040232729,14,2.2990866834546684,0.01434158705337049,5.7262043280566175,4.050955414012739,14,2.3969503373786374,0.015248313106538652,5.969503373786785,4.095541401273885,14,2.3612997093631347,0.019205019911937387,5.874441743539931,4.140127388535032,1,2.380856436666397,0.02235804559539541,5.9186040232729,4.182982616651418,14,2.394785713939556,0.026071430301442346,5.947857139396727,4.269230769230769,14,2.3884656875677557,0.03203627466967905,5.923109806914874,4.378205128205129,14,2.3926668154701907,0.036665922647447585,5.926668154704304,4.554838709677419,14,2.3924565411968026,0.037717294014078064,5.924565411970889,4.662337662337662,14,2.3910571656136628,0.0418683076908678,5.914840452497853,4.940789473684211,14,2.390876491111759,0.0456175444377831,5.908764911122722,5.1866666666666665,13,2.389774312427342,0.05112843785848815,5.897743124280623,5.6645569620253164,13,2.3892356430711366,0.05382178463847285,5.892356430720132,6.025974025974026,12,2.389925797961444,0.05224001054745658,5.896454479082425,6.386075949367089,2.3865541639064016,0.0679296723052385,5.864490901308145,8
3.5575,0,45575,2198,2.3790275740778672,0.0315023585378101,5.900315397387953,4.264409881061299,1.0,2.3640937360545187,0.006612628498895977,2.3640937360545187,0.0,0.0,5.900315397387953,14,2.298529877457013,0.01712561704159265,5.7206362680801455,4.076433121019108,14,2.3954360419957608,0.022819790020774944,5.954360419958239,4.146496815286624,14,2.360121988025815,0.025093626598429918,5.862664530166891,4.178343949044586,1,2.3790275740778672,0.0315023585378101,5.900315397387953,4.264409881061299,14,2.3916166862769948,0.04191656861378712,5.9161668627718065,4.42948717948718,14,2.386072133223847,0.04400404638883668,5.899174263476364,4.512820512820513,14,2.3900275591040496,0.04986220447759165,5.900275591043737,4.748387096774193,14,2.389469389769744,0.05265305114860199,5.894693897701457,4.928571428571429,14,2.3880517687285345,0.056895292115520184,5.884786483648055,5.282894736842105,14,2.38818101131241,0.05909494343329315,5.8818101131310865,5.613333333333333,13,2.387992542935872,0.06003728531454304,5.879925429367864,6.113924050632911,13,2.3875990432742302,0.06200478362152299,5.875990432753292,6.538961038961039,12,2.3873549114357906,0.06580484743789883,5.869680007432629,7.2784810126582276,2.384396246254783,0.07801518527180651,5.843967837729248,8
3.5575,1,45592,2198,2.3827984651377485,0.01264790323885564,5.938024307986089,4.10704483074108,1.0,2.3789506391351685,0.006234859901221136,2.3789506391351685,0.0,1.4732007730734351e-05,5.938024307986089,14,2.2996715852598046,0.011417078027728435,5.73205334610792,4.050955414012739,14,2.3968722760735885,0.01563861963174686,5.968722760736351,4.10828025477707,14,2.3622732260838584,0.014337436308411238,5.884176910747029,4.10828025477707,1,2.3827984651377485,0.01264790323885564,5.938024307986089,4.10704483074108,14,2.396444031362893,0.017779843184999526,5.964440313629733,4.185897435897436,14,2.3915573802421477,0.0165778112982376,5.954026733658015,4.198717948717949,14,2.3962253496014285,0.01887325199202092,5.962253496015539,4.290322580645161,14,2.3957735939572253,0.021132030212770728,5.957735939573906,4.383116883116883,14,2.3947677012608004,0.02331562945630018,5.951945808967547,4.552631578947368,14,2.3952307312979233,0.023846343508386773,5.952307312982227,4.693333333333333,13,2.3950854615986326,0.024572692004154708,5.950854615990349,4.930379746835443,13,2.394745145480834,0.025920843484803266,5.947981598474879,5.188311688311688,12,2.3949085765107725,0.026607074638906655,5.947360829318571,5.563291139240507,2.3960965079755265,0.03410413942519952,5.939085060801017,11
3.5575,2,45609,2198,2.3804774728860636,0.024252864496998944,5.914814385469664,4.203568161024703,1.0,2.366762605473334,0.0013947521424493494,2.366762605473334,0.0,0.0007865675292708584,5.914814385469664,14,2.299459271034749,0.01247864915298924,5.729930203857389,4.057324840764331,14,2.3963133947034674,0.018433026482316428,5.963133947035193,4.1210191082802545,14,2.3609006862735384,0.02120013535984588,5.8704515126440775,4.165605095541402,1,2.3804774728860636,0.024252864496998944,5.914814385469664,4.203568161024703,14,2.3933946151352044,0.033026924323036416,5.933946151353455,4.326923076923077,14,2.386883731534211,0.03994605483725634,5.907290246579644,4.42948717948718,14,2.3897748593851174,0.05112570307256927,5.89774859385394,4.638709677419355,14,2.3881746740478533,0.059126629758430756,5.8817467404819865,4.798701298701299,14,2.3842637749359055,0.07451946334374906,5.848880242324139,5.151315789473684,14,2.3813636316072397,0.08804308836637936,5.8213444464685296,5.466666666666667,13,2.3762751903085357,0.105764451106662,5.782041299111347,6.044303797468355,13,2.371621382948392,0.12274104643565326,5.7449418877175,6.590909090909091,12,2.3625630884112763,0.1595905607131457,5.667021879958472,7.544303797468355,2.2606876204791604,0.3266640794806728,5.161722931976891,16
3.5575,3,45626,2198,2.3804176884102155,0.024551786876231708,5.914216540711193,4.207227813357731,1.0,2.3695208799897136,0.006390439508727574,2.3695208799897136,0.0,0.0,5.914216540711193,14,2.2996195443897727,0.011677282377868789,5.731532937407629,4.070063694267516,14,2.395916862060833,0.020415689695413512,5.959168620608962,4.146496815286624,14,2.3604535811774348,0.023435660840290532,5.865980461683152,4.191082802547771,1,2.3804176884102155,0.024551786876231708,5.914216540711193,4.207227813357731,14,2.3929425155486763,0.035287422255584414,5.929425155488313,4.358974358974359,14,2.387556881655248,0.03658030423214579,5.914021747789903,4.403846153846154,14,2.3912429050916284,0.04378547454014461,5.912429050918854,4.593548387096774,14,2.3901425685592796,0.04928715720135469,5.901425685596166,4.779220779220779,14,2.3884529992710775,0.05488913940337745,5.8887987890726246,5.0855263157894735,14,2.3882277631592457,0.05886118419988594,5.882277631598285,5.346666666666667,13,2.387289314153832,0.06355342922570711,5.872893141546019,5.7784810126582276,13,2.38672013618952,0.06639931904653384,5.867201361904,6.032467532467533,12,2.3861775421478653,0.06999667059044912,5.860448849483989,6.189873417721519,2.38480637027553,0.07661109579655268,5.847099281993996,8
3.5575,4,45643,2198,2.379416412481274,0.029558166520815783,5.9042037814219634,4.249771271729186,1.0,2.365550442127667,0.006448215931470031,2.365550442127667,0.0,0.0,5.9042037814219634,14,2.299327093487205,0.013139536890689823,5.728608428381979,4.070063694267516,14,2.3950605812087358,0.024697093955805927,5.95060581208813,4.178343949044586,14,2.359307084362129,0.029168144916691476,5.854515493530284,4.235668789808917,1,2.379416412481274,0.029558166520815783,5.9042037814219634,4.249771271729186,14,2.392438469550635,0.037807652245736144,5.924384695507982,4.378205128205129,14,2.386044766779926,0.04414087860845923,5.898900599037129,4.506410256410256,14,2.3896395699549307,0.05180215022318746,5.896395699552544,4.748387096774193,14,2.388979035895414,0.05510482052021258,5.8897903589582175,4.941558441558442,14,2.38763777615853,0.058965254965486553,5.880646557948094,5.302631578947368,14,2.3875967550758865,0.06201622461585463,5.875967550765934,5.633333333333334,13,2.386532773216217,0.0673361339125251,5.865327732171754,6.215189873417722,13,2.3858223003063945,0.07088849846039941,5.858223003075388,6.642857142857143,12,2.385443635723871,0.07418638312697373,5.852329514619216,7.082278481012659,2.3834624591851195,0.08268412062012409,5.834629967032613,8
3.5575,5,45660,2198,2.3808319426660227,0.022480515597251397,5.918359083269181,4.188472095150961,1.0,2.3711585450447625,0.006358186228484102,2.3711585450447625,0.0,0.0,5.918359083269181,14,2.300176350387428,0.008893252389646618,5.737100997384101,4.044585987261146,14,2.3960729846709308,0.01963507664499713,5.960729846709832,4.1210191082802545,14,2.3605666026749446,0.02287055335277825,5.867110676658194,4.178343949044586,1,2.3808319426660227,0.022480515597251397,5.918359083269181,4.188472095150961,14,2.3936884490406944,0.031557754795659455,5.9368844904082465,4.301282051282051,14,2.3876429439938214,0.036149992539315105,5.914882371175583,4.391025641025641,14,2.391421310889541,0.04289344555067737,5.914213108897835,4.561290322580645,14,2.390601484692508,0.04699257653543667,5.906014846928116,4.701298701298701,14,2.3885598626329294,0.054354822594343204,5.889867422690807,5.006578947368421,14,2.3887146539684285,0.05642673015449003,5.887146539689338,5.166666666666667,13,2.3882346128044722,0.05882693597353311,5.88234612805088,5.424050632911392,13,2.3877034648030695,0.061482675979837254,5.8770346480379185,5.6688311688311686,12,2.387079520697996,0.06621471826332208,5.868376724350007,6.0886075949367084,2.384406567619395,0.07796357844874624,5.8440710513753675,8
3.557946,0,45579,2198,2.3811378949360233,0.020950754247278262,5.921418605969142,4.177950594693504,1.0,2.3723698211138133,0.006337297876928485,2.3723698211138133,0.0,0.0,5.921418605969142,14,2.300468801289996,0.00743099787682559,5.740025506409753,4.044585987261146,14,2.3969503373786374,0.015248313106538637,5.969503373786785,4.095541401273885,14,2.361953509522792,0.01593601911370584,5.880979745136421,4.1210191082802545,1,2.3811378949360233,0.020950754247278262,5.921418605969142,4.177950594693504,14,2.3951501156703707,0.024249421647406105,5.9515011567048175,4.256410256410256,14,2.3891707499617607,0.028510962699749374,5.930160430854778,4.346153846153846,14,2.393293749165538,0.0335312541707644,5.9329374916576985,4.535483870967742,14,2.392657267673755,0.03671366162920009,5.926572676740588,4.701298701298701,14,2.3911979553753713,0.041164358882059,5.916248350115338,5.032894736842105,14,2.391284528218968,0.04357735890135138,5.912845282195392,5.32,13,2.3904802233171836,0.04759888340869361,5.904802233179918,5.867088607594937,13,2.3899449440686538,0.05027527964985479,5.899449440696853,6.383116883116883,12,2.3900325052716096,0.052906761870223175,5.895721120373688,7.075949367088608,2.3899163550278724,0.05467876659575577,5.892772737676047,8
3.557946,1,45596,2198,2.38072145865429,0.023032935655901404,5.917254243151874,4.192589204025618,1.0,2.3672235948642117,0.0005364960057717207,2.3672235948642117,0.0,7.962636511760287e-05,5.917254243151874,14,2.30025648706494,0.008492569002086385,5.737902364159222,4.050955414012739,14,2.3972898805718317,0.013550597140583648,5.972898805718704,4.089171974522293,14,2.362015958566827,0.015623773893531919,5.88160423557677,4.1210191082802545,1,2.38072145865429,0.023032935655901404,5.917254243151874,4.192589204025618,14,2.3941365835051367,0.02931708247352285,5.941365835052557,4.2756410256410255,14,2.388146144996856,0.03363398752426999,5.9199143812057375,4.346153846153846,14,2.391824802338783,0.040875988304612663,5.918248023390039,4.509677419354839,14,2.3909944906134495,0.045027546930881,5.9099449061373015,4.64935064935065,14,2.3886851148318287,0.05135263428161531,5.894683835657148,4.9605263157894735,14,2.387314733560247,0.05531013259037715,5.885321635015052,5.286666666666667,13,2.3851337984433623,0.06035773619638221,5.872297891813831,5.8354430379746836,13,2.3834624462863605,0.06438492233027265,5.862078732220493,6.35064935064935,12,2.380494905952191,0.07080458080691103,5.845030393670112,7.436708860759493,2.377357948868567,0.07488474364974351,5.831067756696802,16
3.557946,2,45613,2198,2.385328045785581,8.881784197001252e-16,5.963320114463954,4.0,1.0,2.3901004941437454,0.007954080596940472,2.3901004941437454,0.0,0.0,5.963320114463954,14,2.301955000865387,0.0,5.754887502163469,4.0,14,2.4000000000000004,0.0,6.0,4.0,14,2.3651407133456033,8.881784197001252e-16,5.912851783364006,4.0,1,2.385328045785581,8.881784197001252e-16,5.963320114463954,4.0,14,2.4000000000000004,0.0,6.0,4.0,14,2.3948729425019097,0.0,5.987182356254777,4.0,14,2.4,0.0,6.0,4.0,14,2.4000000000000004,0.0,6.0,4.0,14,2.3994308271523788,0.0,5.998577067880945,4.0,14,2.4000000000000004,0.0,6.0,4.0,13,2.4000000000000004,0.0,6.0,4.0,13,2.4000000000000004,0.0,6.0,4.0,12,2.4000000000000004,0.0,6.0,4.0,2.399999283311453,0.0,5.999998208278633,4
3.557946,3,45630,2198,2.3827033888484914,0.01312328468513235,5.937073545093532,4.1102470265324795,1.0,2.376678261374756,0.0030814055622398863,2.376678261374756,0.0,0.0007479881412162186,5.937073545093532,14,2.3006811155150517,0.006369426751564789,5.742148648660284,4.038216560509555,14,2.3978487619419533,0.010756190290014097,5.9784876194198615,4.076433121019108,14,2.3627178407329947,0.012114363062768804,5.888623057238332,4.095541401273885,1,2.3827033888484914,0.01312328468513235,5.937073545093532,4.1102470265324795,14,2.395966506067025,0.020167469664320023,5.959665060671083,4.1923076923076925,14,2.3900718017186,0.024005703915811066,5.939170948422785,4.256410256410256,14,2.393424738942716,0.032876305285286615,5.934247389428859,4.393548387096774,14,2.391967963704381,0.04016018147661706,5.919679637046026,4.512987012987013,14,2.3882758407462994,0.05577493202815801,5.88702720382351,4.776315789473684,14,2.385795458028868,0.07102270985266074,5.857954580293177,5.04,13,2.380348162423671,0.09825918787724446,5.803481624243311,5.525316455696203,13,2.3757967684308783,0.1199604393480156,5.759551262055171,6.0064935064935066,12,2.3663964362420185,0.15877813608091265,5.677823886483677,6.8354430379746836,2.1046514653212918,0.5845580003381636,4.384791662795984,20
3.557946,4,45647,2198,2.37703858467266,0.041447305563601926,5.880425503336249,4.3481244281793225,1.0,2.353906194844322,0.002893322516371379,2.353906194844322,0.0,0.02768837177405511,5.880425503336249,14,2.297416265461702,0.022693677018036998,5.709500148127202,4.127388535031847,14,2.39352521397025,0.03237393014810835,5.935252139703462,4.222929936305732,14,2.358078790571339,0.035309613870531505,5.84223255562255,4.273885350318471,1,2.37703858467266,0.041447305563601926,5.880425503336249,4.3481244281793225,14,2.3872351253820536,0.06254232180595913,5.874274330746196,4.602564102564102,14,2.380472990115657,0.06963264605600569,5.846733506205136,4.730769230769231,14,2.380318930263189,0.09342894520303402,5.810653907853422,5.122580645161291,14,2.3759680075583405,0.11300395235449605,5.770414090364107,5.467532467532467,14,2.3668349795823884,0.1477495859622203,5.6954630700126385,6.177631578947368,14,2.3585251160567546,0.17557374821644806,5.632952167817214,6.833333333333333,13,2.341445287163847,0.2182756031612368,5.5261998131677625,7.968354430379747,13,2.3256081554686068,0.25836972997495417,5.426465793709085,9.155844155844155,12,2.296089493989952,0.328479683191556,5.247504210187545,11.322784810126583,2.0964463675589764,0.4392312443425501,4.582269052383616,28
3.557946,5,45664,2198,2.38319148579592,0.010682799948049122,5.941954514567727,4.089661482159195,1.0,2.379524949542844,0.004571906192921268,2.379524949542844,0.0,0.0008561443530107597,5.941954514567727,14,2.300893429740108,0.005307855626303994,5.7442717909108145,4.031847133757962,14,2.3984857046171237,0.007571476914236286,5.984857046171454,4.050955414012739,14,2.363179312866623,0.009807002394681784,5.893237778574535,4.076433121019108,1,2.38319148579592,0.010682799948049122,5.941954514567727,4.089661482159195,14,2.3965889102942506,0.01705544852826588,5.965889102943228,4.166666666666667,14,2.3905763615098024,0.02148290495988994,5.9442165463346734,4.2243589743589745,14,2.394205814126186,0.028970929368123233,5.942058141263279,4.329032258064516,14,2.3930120830549244,0.03493958472418113,5.930120830551038,4.415584415584416,14,2.3893741293544015,0.04718564161340336,5.902656860965898,4.605263157894737,14,2.3869432759668388,0.05693335700647533,5.881958154407383,4.766666666666667,13,2.384829955780115,0.06624925863882437,5.862701001492051,4.981012658227848,13,2.3838230776002827,0.07321610108515089,5.84973354237298,5.136363636363637,12,2.381115636773902,0.08942267585357919,5.818655078154386,5.424050632911392,2.3011207126234337,0.4272358325690755,5.11194803270497,15
3.56,0,45600,2198,2.3791569576400886,0.030286913734363093,5.9024620234986775,4.255718206770357,1.0,2.3624268999363998,0.002403484228214271,2.3624268999363998,0.0,0.0015207344887764995,5.9024620234986775,14,2.2997517219373167,0.011016394640168202,5.73285471288304,4.057324840764331,14,2.3964125278641255,0.017937360679042183,5.964125278641751,4.114649681528663,14,2.3606771337254893,0.022317898100072793,5.868215987163614,4.171974522292993,1,2.3791569576400886,0.030286913734363093,5.9024620234986775,4.255718206770357,14,2.392351472372138,0.037258274963053395,5.924991268485765,4.378205128205129,14,2.385279747265786,0.04577511909359343,5.894536689524077,4.5256410256410255,14,2.3879724259222623,0.05858386769436296,5.882055263264111,4.806451612903226,14,2.386419369464159,0.06791918781165612,5.8641696419429135,5.032467532467533,14,2.383339430782544,0.08211034638953649,5.8351830573720544,5.4868421052631575,14,2.3823587771892933,0.09532572537863385,5.812908354905281,5.96,13,2.380906332782564,0.11953874328440728,5.772957717029798,6.8734177215189876,13,2.380744460534696,0.14397471985918817,5.735899071547958,7.779220779220779,12,2.3814786950128743,0.1913765554051927,5.6666319044243965,9.594936708860759,2.407914083527147,0.6584857764800445,5.0320565440978005,24
3.56,1,45617,2198,2.38166397503589,0.018320353748008972,5.926679406967713,4.155535224153706,1.0,2.3744225024815053,0.006251232824034503,2.3744225024815053,0.0,0.0,5.926679406967713,14,2.2997517219373167,0.011016394640168197,5.732854712883041,4.057324840764331,14,2.39677314291293,0.016134285435021132,5.967731429129793,4.114649681528663,14,2.3616337929617233,0.017534601918995855,5.877782579525814,4.140127388535032,1,2.38166397503589,0.018320353748008972,5.926679406967713,4.155535224153706,14,2.395261780524715,0.02369109737572248,5.952617805248203,4.243589743589744,14,2.3895618011085342,0.026555706965972918,5.934070942322378,4.314102564102564,14,2.393786284799944,0.031068575998939422,5.937862848001451,4.464516129032258,14,2.393274670531095,0.03362664734283893,5.93274670531348,4.584415584415584,14,2.391869711590715,0.037805577805872036,5.922965912267977,4.848684210526316,14,2.3917872585277555,0.04106370735806928,5.917872585282285,5.093333333333334,13,2.3909284775767263,0.04535761211191501,5.909284775773943,5.544303797468355,13,2.390193115896039,0.04903442051405403,5.901931158969016,5.9935064935064934,12,2.3895260688958095,0.055043350035621316,5.891250147186091,6.7594936708860756,2.3907114895276913,0.05311516151971496,5.897105981539655,8
3.56,2,45634,2198,2.384544865199612,0.003915902929754696,5.955488308604399,4.032479414455627,1.0,2.3866904189516114,0.007491825849753789,2.3866904189516114,0.0,0.0008868570975150713,5.955488308604399,14,2.3015303724152756,0.0021231422505215963,5.750641217662407,4.012738853503185,14,2.399023514131635,0.0048824293417327625,5.9902351413164885,4.031847133757962,14,2.36388119503279,0.006297591563918685,5.900256600236097,4.050955414012739,1,2.384544865199612,0.003915902929754696,5.955488308604399,4.032479414455627,14,2.398521187003578,0.007394064981907089,5.985211870036085,4.07051282051282,14,2.3931603872140554,0.008562776439012655,5.970056803376622,4.089743589743589,14,2.397828221350112,0.01019050398408108,5.979284797399159,4.122580645161291,14,2.3974261783453357,0.011889729145879656,5.975730852144519,4.1558441558441555,14,2.3959601900419245,0.015717654426984577,5.966323993464333,4.217105263157895,14,2.3956413761045767,0.019939457544137416,5.959194253945236,4.273333333333333,13,2.3936559175627554,0.029156502328141827,5.940405040414674,4.405063291139241,13,2.3915821111799627,0.03906341105766464,5.92036016136341,4.545454545454546,12,2.38718896826929,0.06068910121407408,5.8769387688521135,4.841772151898734,2.311006059541475,0.419617328631511,5.148089155906421,13
3.56,3,45651,2198,2.381034873661915,0.021465860617816558,5.920388393228064,4.178408051235133,1.0,2.3720569030769663,0.006502576309566953,2.3720569030769663,0.0,0.0,5.920388393228064,14,2.2991668201321804,0.013940903665810257,5.727005694831738,4.057324840764331,14,2.396454671575345,0.01772664212291006,5.964546715753996,4.127388535031847,14,2.3613958733761464,0.018724199846860527,5.875403383670076,4.146496815286624,1,2.381034873661915,0.021465860617816558,5.920388393228064,4.178408051235133,14,2.394685667699866,0.026571661499894168,5.946856676999823,4.269230769230769,14,2.3890842129774557,0.028943647621290085,5.929295061011707,4.339743589743589,14,2.3933750664783107,0.033124667607052176,5.933750664785198,4.483870967741935,14,2.3928905829844003,0.03554708507623859,5.928905829846642,4.6103896103896105,14,2.3915207567974743,0.03955035177205603,5.9194763643356,4.855263157894737,14,2.391743036132472,0.04128481933458374,5.917430361329304,5.06,13,2.391172945228866,0.04413527385160125,5.911729452294763,5.4113924050632916,13,2.3906296471898782,0.046851764045590535,5.906296471906309,5.740259740259741,12,2.3900014389455895,0.05183567931357699,5.8972500783936095,6.3734177215189876,2.390082594999478,0.05643117846365442,5.890559719803213,8
3.56,4,45668,2198,2.379564481311012,0.03001287128418614,5.903891896351254,4.249771271729186,1.0,2.3625541202864997,0.001662269576664961,2.3625541202864997,0.0,0.017653175928559056,5.903891896351254,14,2.301105743965164,0.0042462845010431925,5.746394933161345,4.025477707006369,14,2.3976083519094167,0.011958240452694792,5.9760835190945,4.076433121019108,14,2.3616025684397086,0.017690724529087383,5.87747033430564,4.13375796178344,1,2.379564481311012,0.03001287128418614,5.903891896351254,4.249771271729186,14,2.392370991620971,0.03948038566082673,5.921706900561189,4.358974358974359,14,2.385492686548894,0.04770102009741117,5.89218018622612,4.487179487179487,14,2.387125031344747,0.05870641399415842,5.87975295737063,4.716129032258064,14,2.3856090533270287,0.06426896095694565,5.867619191882153,4.876623376623376,14,2.3824491098903646,0.07467076604811017,5.844116625653744,5.243421052631579,14,2.3806200779764004,0.08360338298079534,5.826145120469808,5.626666666666667,13,2.375753712202732,0.1000617532530728,5.78929165062722,6.424050632911392,13,2.370890838277126,0.11356595311290395,5.756878166023459,7.162337662337662,12,2.3598920079220975,0.13532859006555814,5.696737134706906,8.50632911392405,2.2691959201701604,0.33600551025500014,5.1689815350429,20
3.56,5,45685,2198,2.3841560468763263,0.005859994546132482,5.95160012537162,4.049405306495883,1.0,2.3853929637511153,0.00792152267078035,2.3853929637511153,0.0,0.0,5.95160012537162,14,2.3013180581902195,0.003184713375782392,5.7485180754118765,4.019108280254777,14,2.398924380970977,0.005378095145007037,5.989243809709931,4.038216560509555,14,2.3640566655743322,0.0054202388562279175,5.902011305651488,4.044585987261146,1,2.3841560468763263,0.005859994546132482,5.95160012537162,4.049405306495883,14,2.3980584125837674,0.009707937080886552,5.980584125838088,4.096153846153846,14,2.392372642742011,0.012501498799142302,5.962179358656317,4.121794871794871,14,2.39655075997719,0.01724620011354959,5.965507599772649,4.174193548387096,14,2.395748886456778,0.021255567715453148,5.957488864568766,4.2272727272727275,14,2.3935109827414562,0.02959922205366468,5.939378623773141,4.328947368421052,14,2.3923628206934455,0.03818589653156291,5.923628206936268,4.42,13,2.3897495044163026,0.05125247791695382,5.897495044165326,4.531645569620253,13,2.388113677737979,0.05943161130838339,5.8811367773823715,4.597402597402597,12,2.388873872695465,0.05567694339069835,5.888669266652613,4.613924050632911,2.3719257096896547,0.14036786809744495,5.719262472077969,8
3.562057,0,45620,2198,2.3831522223894295,0.018278430799766716,5.930462909773924,4.1376944190301925,1.0,2.376298278540784,0.006855191052023812,2.376298278540784,0.0,0.0013037010206352786,5.930462909773924,14,2.301025607287652,0.004646967888603419,5.745593566386225,4.019108280254777,14,2.397926823247002,0.01036588376480588,5.979268232470297,4.063694267515924,14,2.3624318391409105,0.013544371023169648,5.885763041317522,4.101910828025478,1,2.3831522223894295,0.018278430799766716,5.930462909773924,4.1376944190301925,14,2.3968309087088717,0.028107326861099898,5.9499162814805295,4.2243589743589745,14,2.390606248240358,0.03585254347581794,5.92273680538717,4.32051282051282,14,2.394000623000756,0.05446651658392336,5.903301782626005,4.503225806451613,14,2.3919074083204155,0.06903609358916987,5.8762143804172835,4.64935064935065,14,2.383754965606633,0.09447129106177372,5.81768047742392,4.967105263157895,14,2.374921227246076,0.11204090514990822,5.769241710390326,5.26,13,2.364296469825996,0.15010385187904182,5.685585396746426,5.791139240506329,13,2.3544163794174904,0.18987753826634035,5.601224641144214,6.357142857142857,12,2.3311343372248623,0.2678751911978648,5.426023056265358,7.594936708860759,2.0701394891486737,0.5038732653046321,4.419538824914736,20
3.562057,1,45637,2198,2.383171848900502,0.010780984425140427,5.941758145613545,4.089204025617566,1.0,2.380470488596616,0.006278717251996376,2.380470488596616,0.0,0.0,5.941758145613545,14,2.3011057439651634,0.004246284501043199,5.746394933161345,4.025477707006369,14,2.398365499600856,0.00817250199557664,5.983654996008774,4.050955414012739,14,2.3631649458290975,0.009878837582324149,5.893094108199258,4.070063694267516,1,2.383171848900502,0.010780984425140427,5.941758145613545,4.089204025617566,14,2.397699403729938,0.011502981349957983,5.976994037299909,4.121794871794871,14,2.3921099759530238,0.013814832743929908,5.9595526907666665,4.173076923076923,14,2.3968018422503627,0.01599078874742522,5.968018422504768,4.264516129032258,14,2.396454580750987,0.017727096244051804,5.96454580751139,4.35064935064935,14,2.395493493258796,0.019686669466415455,5.959203728947365,4.519736842105263,14,2.3957744164617196,0.02112791768940768,5.957744164620185,4.693333333333333,13,2.395170588382711,0.02414705808334498,5.9517058838317585,5.075949367088608,13,2.3947826002617387,0.02608699868720507,5.947826002623539,5.422077922077922,12,2.395057575210291,0.027343543024853385,5.946628623488448,5.867088607594937,2.3970153705391177,0.028864903360514838,5.949241071307021,8
3.562057,2,45654,2198,2.3798540262023433,0.02737009791553048,5.908579918632563,4.228728270814273,1.0,2.365067414970739,0.0027257458628569156,2.365067414970739,0.0,0.0029159299822663102,5.908579918632563,14,2.299246956809693,0.013540220278250036,5.727807061606859,4.063694267515924,14,2.3953369088351026,0.023315455824049224,5.953369088351681,4.1528662420382165,14,2.3599608845217914,0.025899144118469098,5.861053495126776,4.203821656050955,1,2.3798540262023433,0.02737009791553048,5.908579918632563,4.228728270814273,14,2.391471538212094,0.04264230893836552,5.914715382122687,4.403846153846154,14,2.3842768192643495,0.05098573280927078,5.88421344894697,4.5256410256410255,14,2.385063063819995,0.07028025022603694,5.857237284210932,4.8,14,2.3817768721080115,0.0855048598523564,5.8261848904914935,5.01948051948052,14,2.3746173427902835,0.11164419058569855,5.7690770710971595,5.447368421052632,14,2.3679618850188353,0.13408248224415606,5.718780989180852,5.86,13,2.353626687815092,0.17654411712914833,5.619250543844007,6.746835443037975,13,2.339741518548253,0.2171386236166444,5.523645860945663,7.64935064935065,12,2.3102264434847672,0.29076290767319224,5.339421747202128,9.379746835443038,2.031744204623644,0.4496065066130006,4.404950751639609,25
3.562057,3,45671,2198,2.3798520406336303,0.02738002575909444,5.908560062945435,4.229185727355901,1.0,2.3640285460402284,0.001007534770091143,2.3640285460402284,0.0,0.01469962468151176,5.908560062945435,14,2.2981853856844134,0.01884807590455402,5.717191350354204,4.095541401273885,14,2.3948201711762,0.025899144118486664,5.94820171176277,4.178343949044586,14,2.359816638502267,0.026620374216072933,5.859611034931559,4.210191082802548,1,2.3798520406336303,0.02738002575909444,5.908560062945435,4.229185727355901,14,2.392227004252395,0.038864978736916335,5.9222700425256125,4.384615384615385,14,2.3856655602400134,0.04603691130813097,5.89510853363784,4.467948717948718,14,2.3879615863890082,0.06019206805295009,5.879615863893094,4.696774193548387,14,2.3855657564783526,0.07024249554716813,5.858550647875131,4.896103896103896,14,2.3805955873681004,0.08613786252647061,5.822282174630544,5.296052631578948,14,2.377368347202606,0.09840970788965576,5.795806306172031,5.68,13,2.371862993369151,0.11638973234124471,5.75507288491101,6.322784810126582,13,2.368168966281785,0.12294210469860854,5.736009258656549,6.863636363636363,12,2.364891707600863,0.13026662819696433,5.716829326706711,7.810126582278481,2.2853167198964806,0.21297772490805844,5.393825212379114,20
3.562057,4,45688,2198,2.3802786546644343,0.029647640031330594,5.906225176614091,4.237877401646844,1.0,2.3644383378868845,0.003247112068747345,2.3644383378868845,0.0,0.004204901421841058,5.906225176614091,14,2.300256487064929,0.012738853503129578,5.731532937407629,4.070063694267516,14,2.3967309992017,0.01952971736693106,5.962532921953852,4.1210191082802545,14,2.3619872244917417,0.025671186320753554,5.866461281748223,4.178343949044586,1,2.3802786546644343,0.029647640031330594,5.906225176614091,4.237877401646844,14,2.392870409047736,0.040295874072409685,5.921732211510725,4.391025641025641,14,2.3863386906009985,0.051035611957131626,5.889293308566801,4.532051282051282,14,2.388670862396464,0.0683193596633791,5.869198116496092,4.806451612903226,14,2.386664019422764,0.07893609855539055,5.848255900723824,5.0064935064935066,14,2.382272599643428,0.09872735575120017,5.807590465481769,5.4144736842105265,14,2.3782796542532,0.11710249585428341,5.770045391851574,5.82,13,2.3673978675100886,0.152954806493348,5.689062459035197,6.632911392405063,13,2.357052023412476,0.18488504211092607,5.6153024953648,7.376623376623376,12,2.3396613083688957,0.24396186182858176,5.483210478179367,8.987341772151899,2.1825853519679033,0.6081478699549878,4.544241574987276,23
3.562057,5,45705,2198,2.3797850810037375,0.02714629691619503,5.908743257135051,4.229185727355901,1.0,2.3666608797789457,0.0052726282082085725,2.3666608797789457,0.0,0.0012845067129958214,5.908743257135051,14,2.3006811155150517,0.006369426751564784,5.742148648660284,4.038216560509555,14,2.397947895102612,0.01026052448673981,5.979478951026419,4.070063694267516,14,2.3623981241719276,0.013712945868063394,5.885425891627725,4.10828025477707,1,2.3797850810037375,0.02714629691619503,5.908743257135051,4.229185727355901,14,2.392715652261576,0.03543737551601351,5.928633067379917,4.326923076923077,14,2.3861170785541526,0.04178749026246719,5.9026114609916815,4.423076923076923,14,2.387395317970974,0.05329408369952962,5.888547169378141,4.645161290322581,14,2.3841617185341146,0.06018407355624849,5.870128186000914,4.837662337662338,14,2.377540256405559,0.0727522140052842,5.83472232000597,5.25,14,2.3735994560385816,0.08297283668984072,5.809539385061694,5.586666666666667,13,2.3666993326696706,0.10293905878880598,5.762339743490967,6.272151898734177,13,2.3619717660667314,0.11663323221141768,5.7299795668497016,6.779220779220779,12,2.360578274361319,0.12858513353509352,5.7085679856006575,7.3924050632911396,2.277748993014102,0.36931374153542773,5.140401870232113,24
3.5625,0,45625,2198,2.3794824559069614,0.028728424440384287,5.905613503106829,4.2429094236047575,1.0,2.364564277683722,0.0038647940683173903,2.364564277683722,0.0,0.002345598553576728,5.905613503106829,14,2.299619544389773,0.011677282377868772,5.731532937407629,4.070063694267516,14,2.39547818570698,0.022609071464642798,5.9547818570704845,4.159235668789809,14,2.3596099434387083,0.027653849533850656,5.857544084295994,4.2165605095541405,1,2.3794824559069614,0.028728424440384287,5.905613503106829,4.2429094236047575,14,2.3908762444435703,0.0401799422897068,5.916920697674365,4.416666666666667,14,2.3833611347136343,0.053216667601281194,5.878577835382166,4.596153846153846,14,2.3844481082663846,0.07417218985815831,5.849861985878725,4.929032258064516,14,2.3817363945776684,0.09190476665646577,5.816483836459472,5.220779220779221,14,2.3763077025243393,0.12809406779517973,5.7486281546180775,5.769736842105263,14,2.373214474624245,0.16306867886302312,5.688433168266078,6.253333333333333,13,2.3677617907033772,0.22189215011096403,5.586566251591996,7.075949367088608,13,2.360269819573629,0.26563305668212656,5.502224963910883,7.805194805194805,12,2.343499682303383,0.34587173931433796,5.33994159678695,9.379746835443038,1.9146673500068734,0.4736812697914763,4.076146470329968,29
3.5625,1,45642,2198,2.3810559308824577,0.021498578595804077,5.92039195931244,4.178865507776761,1.0,2.3718020044465162,0.0060753678692343025,2.3718020044465162,0.0,0.0006072333105298638,5.92039195931244,14,2.300176350387428,0.008893252389646613,5.737100997384101,4.044585987261146,14,2.397509218748759,0.012453906255969061,5.975092187487943,4.082802547770701,14,2.3616650174837437,0.01737847930891345,5.878094824745989,4.13375796178344,1,2.3810559308824577,0.021498578595804077,5.92039195931244,4.178865507776761,14,2.3934648974906345,0.03052057205754965,5.937881385640262,4.294871794871795,14,2.3870421259969796,0.03713372424615026,5.911904728623226,4.391025641025641,14,2.389255790819675,0.04966701325533616,5.898638957166184,4.6,14,2.387095668724917,0.05929848509682201,5.878791444167059,4.7727272727272725,14,2.3818431293117057,0.08025378552654767,5.83422714498944,5.1644736842105265,14,2.3777499266320032,0.10077846205262814,5.793207123501065,5.546666666666667,13,2.3681613655452733,0.13814464110961466,5.7131864521987605,6.253164556962025,13,2.35890318248745,0.17099253255245875,5.6407691573899355,6.935064935064935,12,2.341049409272447,0.23195458230521004,5.504691649723301,8.234177215189874,2.208065343568382,0.6645687615253486,4.523310216632932,20
3.5625,2,45659,2198,2.3823872040090412,0.014704208882345873,5.933911696699085,4.123513266239708,1.0,2.377311790944935,0.006245187108835027,2.377311790944935,0.0,0.0,5.933911696699085,14,2.2996715852598046,0.01141707802772843,5.732053346107921,4.050955414012739,14,2.397211819266783,0.013940903665791905,5.972118192668269,4.101910828025478,14,2.362383757134401,0.013784781055701183,5.885282221252449,4.10828025477707,1,2.3823872040090412,0.014704208882345873,5.933911696699085,4.123513266239708,14,2.395764462396379,0.021177688017474352,5.957644623964737,4.217948717948718,14,2.3906640787755076,0.02104431863130886,5.945093718991807,4.243589743589744,14,2.3950864681089223,0.024567659454345425,5.950864681090788,4.361290322580645,14,2.394568504823262,0.027157475882342515,5.94568504823464,4.467532467532467,14,2.3932998997752017,0.030654636883913088,5.937267794112133,4.684210526315789,14,2.393347144457047,0.03326427771218955,5.933471444574332,4.8933333333333335,13,2.393374925515389,0.03312537241973468,5.93374925515887,5.151898734177215,13,2.393093657727456,0.03453171135848879,5.930936577280906,5.467532467532467,12,2.392957150498906,0.0376126162604338,5.925973951856613,6.082278481012659,2.3928937854384222,0.04435783622758649,5.915697709254675,8
3.5625,3,45676,2198,2.3284215508635167,0.36577057436258986,5.272398015614908,7.042086001829826,1.0,2.11752796333872,0.014281261821261894,2.11752796333872,0.0,0.0007045773907974587,5.272398015614908,14,2.299695530321926,0.17690244825569248,5.483885153421277,4.751592356687898,14,2.3807154796715513,0.2512092457145028,5.574974830607124,5.401273885350318,14,2.337557171969874,0.2860983919083896,5.414745342062101,6.019108280254777,1,2.3284215508635167,0.36577057436258986,5.272398015614908,7.042086001829826,14,2.2780441094184627,0.453580254388326,5.014739891963666,9.147435897435898,14,2.226949845305044,0.49247078006014133,4.828668443172398,10.679487179487179,14,2.1191685684495667,0.524394780071952,4.5113292510159875,13.845161290322581,14,2.046820526673384,0.527220322118484,4.326220833505734,15.980519480519481,14,1.9227503121720897,0.4927222973642041,4.067792334383917,19.467105263157894,14,1.8337213789426077,0.45047590949572974,3.9085895831129247,21.946666666666665,13,1.7146432941533347,0.37270695615347815,3.727547801153119,25.360759493670887,13,1.6359754497775671,0.3171174165616709,3.6142624996014105,27.77922077922078,12,1.554422784391917,0.25422912908014983,3.5047132673595676,30.227848101265824,1.4389557043277785,0.16965906009852816,3.342900670671654,32
3.5625,4,45693,2198,2.382550862358348,0.013885917135826068,5.935548280192133,4.118023787740165,1.0,2.3779173218376055,0.006163349601254714,2.3779173218376055,0.0,2.421473704779035e-05,5.935548280192133,14,2.300388664612484,0.00783168126438581,5.739224139634634,4.038216560509555,14,2.3980681001188797,0.009659499405399468,5.9806810011891,4.070063694267516,14,2.363020699809571,0.01060006767992339,5.891651648004041,4.082802547770701,1,2.382550862358348,0.013885917135826068,5.935548280192133,4.118023787740165,14,2.3962125968608214,0.018937015695337775,5.9621259686090475,4.1923076923076925,14,2.390769070619536,0.02051935941122327,5.946143637432006,4.2243589743589745,14,2.3949957544117226,0.02502122794041978,5.949957544118676,4.335483870967742,14,2.394513584278403,0.0274320786067688,5.945135842785854,4.422077922077922,14,2.393087488777463,0.03171669187277777,5.935143684134489,4.625,14,2.392917101556314,0.03541449221598914,5.9291710155668005,4.846666666666667,13,2.3916509408058424,0.03948886243613508,5.919894058360403,5.2594936708860756,13,2.3904055189575675,0.042734712375428814,5.911911728830775,5.707792207792208,12,2.3889366891630663,0.04852589552356557,5.899552879622318,6.677215189873418,2.3910893991184707,0.05052962929469906,5.901929053854128,12
3.5625,5,45710,2198,2.3800840126230964,0.026220165811789084,5.910879782840058,4.2209515096065875,1.0,2.3681724670590483,0.006367589871708155,2.3681724670590483,0.0,0.0,5.910879782840058,14,2.2998318586148288,0.010615711252607976,5.733656079658162,4.063694267515924,14,2.3968722760735885,0.01563861963174687,5.968722760736351,4.10828025477707,14,2.36198473404481,0.015779896503618853,5.881291990356596,4.1210191082802545,1,2.3800840126230964,0.026220165811789084,5.910879782840058,4.2209515096065875,14,2.3934943046584114,0.03252847670703808,5.93494304658547,4.314102564102564,14,2.3875741912964497,0.036493756026173975,5.914194844201865,4.391025641025641,14,2.391011602674063,0.04494198662799425,5.9101160267431645,4.587096774193548,14,2.390250529430356,0.04874735284610437,5.902505294306733,4.733766233766234,14,2.3881359952903143,0.0564741593072286,5.885628749264942,5.072368421052632,14,2.3875471077868404,0.062264461061779956,5.875471077874431,5.3933333333333335,13,2.3860834459794193,0.06958277009700864,5.860834459803035,6.044303797468355,13,2.385795244394073,0.07102377802231184,5.857952443951714,6.538961038961039,12,2.3859008573013414,0.07321246731309351,5.854933442283712,7.1455696202531644,2.3834208919967006,0.0828919565622197,5.8342142951484215,8
3.564407,0,45644,2198,2.380681612634094,0.029712438825532993,5.907135373346937,4.232387923147301,1.0,2.3659340068152175,0.00513309579407222,2.3659340068152175,0.0,0.0012708937999583473,5.907135373346937,14,2.3006009788375286,0.011016394640168214,5.734977855133572,4.050955414012739,14,2.3980439152045427,0.018132513941646264,5.967911017098888,4.101910828025478,14,2.363244252357581,0.021596668002468993,5.87571562889025,4.140127388535032,1,2.380681612634094,0.029712438825532993,5.907135373346937,4.232387923147301,14,2.3921258869742994,0.03961590659309726,5.920890857546103,4.371794871794871,14,2.3863215673730336,0.05029501325762252,5.890361398546152,4.493589743589744,14,2.3856932429632316,0.07194586280259326,5.856314313204189,4.8,14,2.3808876622105966,0.08988212775759098,5.817395963890106,5.064935064935065,14,2.370647004797134,0.12843662863873587,5.733962569034732,5.657894736842105,14,2.3626042548484647,0.16099040081824,5.665025035893802,6.16,13,2.3450805963225156,0.2215720705393149,5.530343384997316,7.234177215189874,13,2.32537916281597,0.2716727320081779,5.405938809027656,8.207792207792208,12,2.288824010726041,0.34675226747134774,5.20193162560808,9.873417721518987,1.6844271721406732,0.36526442251904445,3.663171296573116,26
3.564407,1,45661,2198,2.3784133248836437,0.053472778456453415,5.86582414452443,4.410338517840805,1.0,2.3479297685593026,0.002666851249218323,2.3479297685593026,0.0,0.010187896378199425,5.86582414452443,14,2.3003886646124396,0.02481681926855859,5.713746432628264,4.114649681528663,14,2.3942402179504363,0.03835305037445574,5.9280709693144065,4.24203821656051,14,2.357223276242033,0.04280925559712539,5.828844307209394,4.337579617834395,1,2.3784133248836437,0.053472778456453415,5.86582414452443,4.410338517840805,14,2.390056076018357,0.08322984155007454,5.85029542772078,4.705128205128205,14,2.3816339443914636,0.0956913613717002,5.810547818921109,4.910256410256411,14,2.382912504957601,0.12961662341660776,5.76285632726909,5.335483870967742,14,2.3808002933919226,0.15464633399787164,5.720031232482999,5.6688311688311686,14,2.375863330902707,0.1978639585259571,5.64286238946783,6.355263157894737,14,2.3717768006466455,0.2383370607410769,5.571936410504999,7.06,13,2.3563622269705955,0.30043553643080506,5.440252262780281,8.455696202531646,13,2.3367570796960115,0.3530809054621472,5.312271341046808,9.831168831168831,12,2.2844012767646786,0.41506924937952006,5.088399317842417,12.126582278481013,2.0260980824568406,0.3597550922402535,4.525612567781721,26
3.564407,2,45678,2198,2.3825951335530524,0.013664561162308696,5.93599099213917,4.116193961573651,1.0,2.3781026719397866,0.006177125140198662,2.3781026719397866,0.0,0.0,5.93599099213917,14,2.3013180581902195,0.0031847133757823974,5.7485180754118765,4.019108280254777,14,2.398146161423929,0.009269192880191245,5.981461614239535,4.057324840764331,14,2.3625423701914525,0.012991715770459577,5.886868351822942,4.101910828025478,1,2.3825951335530524,0.013664561162308696,5.93599099213917,4.116193961573651,14,2.3973416007896318,0.013291996051472457,5.97341600789687,4.128205128205129,14,2.3910638928813968,0.019045248101954914,5.949091860050562,4.211538461538462,14,2.3954463604793914,0.022768197602150674,5.954463604795252,4.309677419354839,14,2.394927630584189,0.025361847077894902,5.94927630584363,4.402597402597403,14,2.393831573734789,0.027996267086335097,5.9425845337074685,4.559210526315789,14,2.3938895514024123,0.030552242985825262,5.938895514027292,4.733333333333333,13,2.39273481537199,0.03632592313669298,5.927348153724934,5.1645569620253164,13,2.3920108289214768,0.039945855388119136,5.920108289221513,5.558441558441558,12,2.3929971972731727,0.037887656404630966,5.925661508575986,6.113924050632911,2.3920645827366678,0.04747535055699714,5.9089484310061735,8
3.564407,3,45695,2198,2.3832673555544357,0.010303451155486197,5.942713212152861,4.084629460201281,1.0,2.3808374383029918,0.0062535890697454355,2.3808374383029918,0.0,0.0,5.942713212152861,14,2.30022839125746,0.008633048039506264,5.737621406084392,4.025477707006369,14,2.398266366440197,0.008668167798850893,5.9826636644022155,4.057324840764331,14,2.36313372130708,0.010034960192411131,5.892781862979085,4.070063694267516,1,2.3832673555544357,0.010303451155486197,5.942713212152861,4.084629460201281,14,2.3971280773246177,0.014359613376487532,5.9712807732468125,4.147435897435898,14,2.39197666319239,0.014481396547139177,5.9582195631602675,4.160256410256411,14,2.3965877997929423,0.017061001034618876,5.965877997930427,4.232258064516129,14,2.3961538923094974,0.019230538451633673,5.961538923096292,4.305194805194805,14,2.3951000847284294,0.021653712118476914,5.955269643643356,4.440789473684211,14,2.39523710288611,0.023814485567738353,5.952371028863667,4.593333333333334,13,2.394752436943595,0.026237815279522018,5.947524369439704,4.867088607594937,13,2.394231150341394,0.028844248289639787,5.942311503419025,5.175324675324675,12,2.393839397578115,0.03328196243556536,5.9346755502919395,5.829113924050633,2.3956817958791583,0.0356583527055081,5.935716960639633,8
3.564407,4,45712,2198,2.383372834260112,0.00977605762710836,5.94376799920962,4.082342177493138,1.0,2.381168315079653,0.00610185899300902,2.381168315079653,0.0,0.0003393722227729896,5.94376799920962,14,2.3004688012899956,0.007430997876825584,5.740025506409753,4.044585987261146,14,2.397947895102612,0.010260524486739817,5.979478951026419,4.070063694267516,14,2.3632273948731304,0.009566592362145656,5.893718598639607,4.076433121019108,1,2.383372834260112,0.00977605762710836,5.94376799920962,4.082342177493138,14,2.397099649667132,0.01450175166389544,5.9709964966719875,4.153846153846154,14,2.3916179908243262,0.01627475838739847,5.9546328394797206,4.17948717948718,14,2.395501576734595,0.022492116326205697,5.955015767347179,4.283870967741936,14,2.3943769548210567,0.02811522589359358,5.943769548212251,4.3896103896103895,14,2.391734908136346,0.038479595078437456,5.921617877723207,4.598684210526316,14,2.3901092474569143,0.04813842139202528,5.9030654865542465,4.8,13,2.385017127823119,0.06693980799819027,5.862133107560512,5.215189873417722,13,2.3787789383454445,0.08372949176441666,5.821353108216986,5.662337662337662,12,2.367350440015135,0.11669581213086888,5.743332381841534,6.525316455696203,2.3913591711844218,0.725741453701815,4.8897857474083315,18
3.564407,5,45729,2198,2.3834835882574854,0.009222287640264663,5.944875539183317,4.075022872827081,1.0,2.38170551402298,0.006258830582754389,2.38170551402298,0.0,0.0,5.944875539183317,14,2.3012379215127075,0.0035853967633426237,5.747716708636756,4.012738853503185,14,2.397926823247002,0.010365883764805885,5.979268232470297,4.063694267515924,14,2.363023190256536,0.010587615445116593,5.8916765524736645,4.076433121019108,1,2.3834835882574854,0.009222287640264663,5.944875539183317,4.075022872827081,14,2.3979759803479945,0.010120098259732969,5.979759803480386,4.102564102564102,14,2.3922321948220135,0.013203738399038946,5.960774879456477,4.153846153846154,14,2.3969760866796435,0.015119566601113021,5.969760866797439,4.232258064516129,14,2.396941574438044,0.01529212780895695,5.969415744381674,4.285714285714286,14,2.396375466875039,0.015276801385598773,5.968023465109197,4.381578947368421,14,2.397055177041826,0.014724114789566088,5.970551770420214,4.453333333333333,13,2.3970209862549714,0.014895068723411993,5.970209862552309,4.60126582278481,13,2.396894777863383,0.015526110680855722,5.968947778637173,4.7727272727272725,12,2.396988793688386,0.01663194655383806,5.967524064390207,5.1265822784810124,2.397640825228252,0.027654702570103495,5.952620009215474,8
3.565,0,45650,2198,2.380591993433639,0.025951275104156877,5.912553070927863,4.208142726440988,1.0,2.367742079396403,0.0045347517087641325,2.367742079396403,0.0,0.003565349963770314,5.912553070927863,14,2.299803762807337,0.015002474791071065,5.727005694831738,4.057324840764331,14,2.3963102816447615,0.02043125498894158,5.960128821628491,4.1210191082802545,14,2.3613477913696284,0.02247402071015976,5.869658447358831,4.165605095541402,1,2.380591993433639,0.025951275104156877,5.912553070927863,4.208142726440988,14,2.393048771189656,0.039011459972403316,5.924104738015535,4.365384615384615,14,2.3879402879340264,0.03840758396455795,5.912239343888231,4.410256410256411,14,2.3908989118948893,0.04801293289814594,5.905227880390004,4.632258064516129,14,2.3888833493898347,0.05548211173994711,5.888985205864666,4.837662337662338,14,2.38487819483232,0.06858671686643025,5.859315411781154,5.243421052631579,14,2.382581275046213,0.08010557602126546,5.836294823583633,5.62,13,2.37775735262512,0.10120326575635591,5.792588482928266,6.3164556962025316,13,2.3723871177988927,0.12420498735730531,5.744660313461273,7.0519480519480515,12,2.3585024851348786,0.16426400641389216,5.649860203216359,8.39240506329114,2.3063936218639225,0.8001393443462619,4.565775038140414,22
3.565,1,45667,2198,2.33241264961817,0.3197761354018879,5.351367420942593,6.67612076852699,1.0,2.1483226861970626,0.012959529700042023,2.1483226861970626,0.0,0.007383509888743782,5.351367420942593,14,2.29178371238012,0.13153584794431794,5.5321555090338235,4.554140127388535,14,2.3750852418146344,0.20412936414370958,5.63151905832102,5.197452229299363,14,2.338712479284614,0.2520971418713443,5.468635485404518,5.789808917197452,1,2.33241264961817,0.3197761354018879,5.351367420942593,6.67612076852699,14,2.303340613152482,0.42502241723586437,5.120817907027408,8.416666666666666,14,2.261198143862527,0.48539752703157274,4.9248990691089585,9.935897435897436,14,2.1666208633694763,0.5571627351486694,4.580808055700686,13.006451612903225,14,2.0841380656160817,0.5662124066374207,4.361026554084073,15.305194805194805,14,1.9393809460456695,0.518169056005329,4.07119878110618,18.93421052631579,14,1.8403545102083307,0.46783656653862854,3.8991314257128837,21.466666666666665,13,1.7070241031183682,0.3800876474658697,3.6974287865971163,24.78481012658228,13,1.6274073382456908,0.325355201607839,3.5804855432024687,26.7987012987013,12,1.5348807351499427,0.25485003460534816,3.454926785966834,29.075949367088608,1.3928585675171794,0.1395186336394012,3.2728684683338463,32
3.565,2,45684,2198,2.377113336349749,0.041142549218524296,5.881069517046587,4.3426349496797805,1.0,2.3568526611050866,0.007374757144085794,2.3568526611050866,0.0,0.0003821460276884382,5.881069517046587,14,2.297628579686758,0.021632105892776206,5.711623290377732,4.1210191082802545,14,2.3936454189865177,0.031772905066767956,5.936454189866142,4.222929936305732,14,2.3582398940753557,0.0345040963504831,5.843843590662665,4.261146496815287,1,2.377113336349749,0.041142549218524296,5.881069517046587,4.3426349496797805,14,2.3895202197439502,0.050914077173487816,5.897429433599642,4.487179487179487,14,2.3829352200493066,0.05685731987240304,5.872052070314664,4.583333333333333,14,2.3855358296648554,0.06793899137158067,5.861931087104767,4.819354838709677,14,2.383674194116703,0.07595395591350909,5.845254551421493,5.012987012987013,14,2.3799805598434745,0.08901103568022861,5.816434846088343,5.348684210526316,14,2.376969755150257,0.0991982379594299,5.793627030936497,5.633333333333334,13,2.369937408976495,0.11907797784428498,5.746226555674809,6.151898734177215,13,2.3614410675528474,0.13722288701919336,5.6977683383533275,6.7272727272727275,12,2.347747950574436,0.1558790453668663,5.63555130838579,7.6645569620253164,2.2900578562501805,0.3403866775752631,5.2145646242625565,16
3.565,3,45701,2198,2.3820205679734743,0.016537389060132586,5.930245336343488,4.139524245196706,1.0,2.375845373798154,0.006245398767931174,2.375845373798154,0.0,1.9262049754215345e-05,5.930245336343488,14,2.300176350387428,0.008893252389646618,5.737100997384101,4.044585987261146,14,2.3977285569256854,0.011357215371354444,5.977285569257181,4.076433121019108,14,2.361905427516288,0.016176429146246552,5.8804989250713495,4.114649681528663,1,2.3820205679734743,0.016537389060132586,5.930245336343488,4.139524245196706,14,2.3951872475773044,0.024063762112793218,5.9518724757740715,4.237179487179487,14,2.389574345889365,0.026492983061874167,5.934196390130603,4.294871794871795,14,2.393899758037122,0.030501209813219514,5.938997580372974,4.406451612903226,14,2.3932845254620845,0.03357737268808024,5.932845254623091,4.51948051948052,14,2.391896033311811,0.037673969200712976,5.9232291294784565,4.7368421052631575,14,2.3918839331552157,0.04058033422117182,5.918839331556281,4.953333333333333,13,2.3910277714305215,0.04486114284357576,5.91027771431094,5.322784810126582,13,2.3906127867303564,0.04693606634356948,5.906127867310539,5.6103896103896105,12,2.3901355406872073,0.051169517662220984,5.898584575224684,6.0886075949367084,2.3891423000683587,0.057210721420836386,5.887039668039642,9
3.565,4,45718,2198,2.3839367743558117,0.006956357148678052,5.949407400166514,4.059011893870083,1.0,2.3834025240685928,0.0060659400033124585,2.3834025240685928,0.0,9.8294984650136e-06,5.949407400166514,14,2.3015303724152756,0.0021231422505215963,5.750641217662407,4.012738853503185,14,2.3994621904854885,0.002689047572503524,5.994621904854965,4.019108280254777,14,2.364486913185943,0.0032690007982278534,5.9063137817675155,4.025477707006369,1,2.3839367743558117,0.006956357148678052,5.949407400166514,4.059011893870083,14,2.39846402226429,0.007679888678327738,5.984640222643233,4.076923076923077,14,2.393010170490312,0.009313860057692884,5.968554636139243,4.102564102564102,14,2.3977277437251625,0.01136128137372325,5.9772774372523205,4.161290322580645,14,2.3975120424714405,0.012439787642197117,5.975120424715306,4.207792207792208,14,2.3965857818105736,0.01422522670809554,5.970126614464289,4.322368421052632,14,2.396861360436594,0.01569319781576477,5.968613604367836,4.44,13,2.3969283124323795,0.015358437836351714,5.969283124326421,4.6075949367088604,13,2.3970336471923335,0.014831764036160116,5.970336471926594,4.753246753246753,12,2.397411662463524,0.014563775032502507,5.9716834936100565,5.050632911392405,2.3983613247137114,0.02434628881421741,5.959383878562953,12
3.565,5,45735,2198,2.3837653805732413,0.007813326061509675,5.94769346234084,4.06587374199451,1.0,2.3831105082308244,0.00672187215748073,2.3831105082308244,0.0,0.0005249358108696087,5.94769346234084,14,2.3013180581902195,0.003184713375782392,5.7485180754118765,4.019108280254777,14,2.399023514131635,0.0048824293417327625,5.9902351413164885,4.031847133757962,14,2.3638331130262826,0.006538001596454819,5.8997757801710256,4.050955414012739,1,2.3837653805732413,0.007813326061509675,5.94769346234084,4.06587374199451,14,2.397426697649636,0.012866511751468477,5.974266976496887,4.121794871794871,14,2.391391552287716,0.01740695107046947,5.952368454113588,4.173076923076923,14,2.3946337379002887,0.026831310497756784,5.9463373790040865,4.27741935483871,14,2.393041683733377,0.03479158133206767,5.93041683733534,4.363636363636363,14,2.3889012123614513,0.05264807395302508,5.893280919974089,4.559210526315789,14,2.3857367713117736,0.07131614343892426,5.857367713121045,4.766666666666667,13,2.378069381479012,0.10965309260148888,5.780693814795296,5.19620253164557,13,2.3685876971763746,0.14729314269892638,5.700529528892545,5.642857142857143,12,2.3479826705309645,0.20132220308576593,5.567973371698761,6.3734177215189876,2.112744751680265,0.541419380106563,4.469732809040817,16
3.566168,0,45661,2198,2.381082088816296,0.03553439108897675,5.899403635407276,4.2703568161024705,1.0,2.3627858590327224,0.005040674783020765,2.3627858590327224,0.0,0.0012825463913226137,5.899403635407276,14,2.2989826017146053,0.01486199575365118,5.725163510656038,4.089171974522293,14,2.3955773188676384,0.022113405661368494,5.955773188677043,4.1528662420382165,14,2.359706107451728,0.026548539028439715,5.859442460086661,4.210191082802548,1,2.381082088816296,0.03553439108897675,5.899403635407276,4.2703568161024705,14,2.393458723971456,0.05443012819574233,5.902001617635028,4.4743589743589745,14,2.386407992344299,0.06930865564615821,5.862056997391512,4.660256410256411,14,2.389041467272851,0.10343203607464752,5.8174556140701545,5.04516129032258,14,2.3875097313656095,0.13155479411140128,5.771442137246921,5.337662337662338,14,2.382962557504888,0.1866911303640434,5.677369698216153,5.967105263157895,14,2.378893997999817,0.2399430510386004,5.587320418441642,6.6066666666666665,13,2.360505070490021,0.32894488669802263,5.407845346178018,7.8544303797468356,13,2.3361209450064067,0.40230166765348313,5.236849861035791,9.045454545454545,12,2.273649053016824,0.5003158819640994,4.93364880959591,11.253164556962025,1.7568216954615326,0.42408646902964797,3.7559245351093593,28
3.566168,1,45678,2198,2.382712134322326,0.013079557315960234,5.937160999831875,4.1102470265324795,1.0,2.3785888968340254,0.006207494835458587,2.3785888968340254,0.0,0.0,5.937160999831875,14,2.3013180581902195,0.0031847133757823974,5.7485180754118765,4.019108280254777,14,2.398146161423929,0.009269192880191245,5.981461614239535,4.057324840764331,14,2.36263853420447,0.012510895705391897,5.887829991953087,4.095541401273885,1,2.382712134322326,0.013079557315960234,5.937160999831875,4.1102470265324795,14,2.397447983687679,0.01276008156125537,5.974479836877313,4.121794871794871,14,2.3912511084377206,0.018109170320373968,5.950964015613742,4.198717948717949,14,2.3956663013672537,0.02166849316289472,5.956663013673792,4.290322580645161,14,2.3951761360827706,0.02411931958505943,5.951761360829338,4.376623376623376,14,2.394068106875259,0.026813601384078595,5.944949865112029,4.526315789473684,14,2.394161453208683,0.029192733954609296,5.941614532089791,4.6866666666666665,13,2.393059666627606,0.03470166685883247,5.930596666280765,5.0886075949367084,13,2.392365545557739,0.03817227220710805,5.9236554555836864,5.454545454545454,12,2.393346997805025,0.03585698318724955,5.929582019731689,5.949367088607595,2.392569736126737,0.0460718596850036,5.912316550789337,8
3.566168,2,45695,2198,2.3832673555544357,0.010303451155486197,5.942713212152861,4.084629460201281,1.0,2.3808374383029918,0.0062535890697454355,2.3808374383029918,0.0,0.0,5.942713212152861,14,2.30022839125746,0.008633048039506264,5.737621406084392,4.025477707006369,14,2.398266366440197,0.008668167798850893,5.9826636644022155,4.057324840764331,14,2.36313372130708,0.010034960192411131,5.892781862979085,4.070063694267516,1,2.3832673555544357,0.010303451155486197,5.942713212152861,4.084629460201281,14,2.3971280773246177,0.014359613376487532,5.9712807732468125,4.147435897435898,14,2.39197666319239,0.014481396547139177,5.9582195631602675,4.160256410256411,14,2.3965877997929423,0.017061001034618876,5.965877997930427,4.232258064516129,14,2.3961538923094974,0.019230538451633673,5.961538923096292,4.305194805194805,14,2.3951000847284294,0.021653712118476914,5.955269643643356,4.440789473684211,14,2.39523710288611,0.023814485567738353,5.952371028863667,4.593333333333334,13,2.394752436943595,0.026237815279522018,5.947524369439704,4.867088607594937,13,2.394231150341394,0.028844248289639787,5.942311503419025,5.175324675324675,12,2.393839397578115,0.03328196243556536,5.9346755502919395,5.829113924050633,2.3956817958791583,0.0356583527055081,5.935716960639633,8
3.566168,3,45712,2198,2.3832687346091928,0.01029655588168837,5.942727002700452,4.087831655992681,1.0,2.380411178071344,0.005533961651939123,2.380411178071344,0.0,0.0016167932659131652,5.942727002700452,14,2.301105743965164,0.0042462845010431925,5.746394933161346,4.025477707006369,14,2.39870504279405,0.0064747860296216755,5.987050427940693,4.044585987261146,14,2.3637057244912483,0.00717494427160947,5.898501894820707,4.057324840764331,1,2.3832687346091928,0.01029655588168837,5.942727002700452,4.087831655992681,14,2.3965370275112603,0.017314862443219906,5.96537027511332,4.166666666666667,14,2.391348373048943,0.01762284726431507,5.951936661725887,4.17948717948718,14,2.395125052468408,0.02437473765714023,5.95125052468531,4.283870967741936,14,2.3940138398095576,0.029930800951125935,5.940138398097205,4.376623376623376,14,2.391157407306103,0.04136709922967221,5.915842869420747,4.592105263157895,14,2.3891535718301173,0.051454635866321353,5.89570197577581,4.8133333333333335,13,2.3841089767499035,0.06962063454029471,5.855841490064315,5.215189873417722,13,2.3790824342810297,0.08999026977555485,5.812720681039241,5.662337662337662,12,2.368904613523462,0.1341098108247879,5.721096817571472,6.6265822784810124,2.1809799270155295,0.6793283747616075,4.433457255396412,20
3.566168,4,45729,2198,2.383940482265534,0.0069378176000736615,5.949444479263725,4.057182067703568,1.0,2.383465243963065,0.006145753762625079,2.383465243963065,0.0,0.0,5.949444479263725,14,2.301450235737763,0.0025238256380818226,5.749839850887287,4.006369426751593,14,2.3985848377777823,0.007075811110962018,5.985848377778011,4.044585987261146,14,2.363612050925196,0.007643312101870352,5.897565159160185,4.057324840764331,1,2.383940482265534,0.0069378176000736615,5.949444479263725,4.057182067703568,14,2.398475997595427,0.007620012022642403,5.984759975954605,4.076923076923077,14,2.3928601700436034,0.010063862291199425,5.967054631672212,4.115384615384615,14,2.3976778641265275,0.011610679366862173,5.976778641266025,4.174193548387096,14,2.397720383514947,0.011398082424668285,5.977203835150364,4.207792207792208,14,2.397216801106965,0.011070130226271556,5.976436807428004,4.276315789473684,14,2.3978740430793954,0.01062978460206212,5.978740430795395,4.333333333333333,13,2.3978926936917313,0.010536531540013506,5.978926936919307,4.462025316455696,13,2.3978298439083767,0.010850780456374878,5.9782984390863785,4.603896103896104,12,2.3980557151447726,0.011322181226240811,5.97815601602257,4.886075949367089,2.3986477764393674,0.022564694984464673,5.962772398621722,8
3.566168,5,45746,2198,2.3831360213915618,0.010960121969832636,5.941399870524156,4.092406221408966,1.0,2.3802423592906914,0.006137351801714696,2.3802423592906914,0.0,0.0,5.941399870524156,14,2.300893429740108,0.005307855626303999,5.7442717909108145,4.031847133757962,14,2.3988041759547087,0.005979120226347362,5.98804175954725,4.038216560509555,14,2.364135972102859,0.0050237062136094,5.902804370936734,4.038216560509555,1,2.3831360213915618,0.010960121969832636,5.941399870524156,4.092406221408966,14,2.397402794279528,0.01298602860199062,5.974027942795835,4.128205128205129,14,2.3920600511574994,0.014064456721590339,5.959053442811364,4.160256410256411,14,2.396644962067584,0.01677518966139259,5.966449620676871,4.2387096774193544,14,2.3967028445004503,0.016485777496980776,5.967028445005654,4.266233766233766,14,2.3956719187971194,0.018794541775215567,5.9609879843299725,4.375,14,2.395870874260079,0.02064562869820329,5.958708742602891,4.486666666666666,13,2.3953397241084393,0.02330137945575829,5.953397241087461,4.708860759493671,13,2.3949512247507023,0.025243876243791753,5.949512247511067,4.935064935064935,12,2.394417214010526,0.028645170760094683,5.943075278886171,5.405063291139241,2.3956429344331385,0.03559762945912315,5.9357108918941615,8
3.567,0,45670,2198,2.3379610405686013,0.31628787399746394,5.3704707904253075,6.595608417200366,1.0,2.156410702212105,0.013703976736636958,2.156410702212105,0.0,0.0005427728485526492,5.3704707904253075,14,2.3019747951825686,0.16975240845370665,5.500308375275863,4.649681528662421,14,2.379621901845676,0.24237705524009906,5.585489171754042,5.350318471337579,14,2.3379774577936474,0.2781773130695407,5.427677674879806,5.955414012738854,1,2.3379610405686013,0.31628787399746394,5.3704707904253075,6.595608417200366,14,2.308244689770637,0.4112441968334439,5.153745429176425,8.33974358974359,14,2.26574303852822,0.46204356143051445,4.971292254174778,9.826923076923077,14,2.1817102962494244,0.5236557019289516,4.668792187730133,12.658064516129032,14,2.113888823887325,0.5403755485734391,4.474158736858152,14.681818181818182,14,1.995723368990031,0.5296281947793101,4.194866130306113,18.013157894736842,14,1.9077149788418197,0.4960304520165817,4.025241769079677,20.46,13,1.7897626886284699,0.42749990426076906,3.833156865180021,23.81645569620253,13,1.713829495178111,0.37721886074035677,3.718745446834742,26.07792207792208,12,1.6214003182537375,0.3114107198629667,3.5863847158398934,28.860759493670887,1.3844173204895853,0.13494070087096688,3.258632249917513,32
3.567,1,45687,2198,2.3357619019444726,0.2824572063777559,5.415718945294548,6.3810612991765785,1.0,2.1736665464579965,0.01229828056696288,2.1736665464579965,0.0,0.007396530972106552,5.415718945294548,14,2.2893483249095037,0.09275737128524966,5.584234755345885,4.503184713375796,14,2.375719790986516,0.16238088183734406,5.695728154710276,5.012738853503185,14,2.336971565262648,0.20714910045101723,5.531705262480094,5.535031847133758,1,2.3357619019444726,0.2824572063777559,5.415718945294548,6.3810612991765785,14,2.316346801861417,0.37678941310799025,5.225682884991558,7.884615384615385,14,2.2819311583590376,0.4353138989695033,5.051857047443339,9.198717948717949,14,2.213523009077505,0.5217726342392908,4.7511485713348245,11.838709677419354,14,2.154484735172217,0.5520183192346162,4.558184359078618,13.642857142857142,14,2.0477122208330143,0.5518714547312397,4.291473369985677,16.644736842105264,14,1.974508131794638,0.5242450609902735,4.149902738001185,18.706666666666667,13,1.8719011606674902,0.4712173885306202,3.9729268188727964,21.810126582278482,13,1.8085785935754413,0.429052755098221,3.877867351291272,23.88961038961039,12,1.7320134127683326,0.3762382063969131,3.7656762223254634,26.968354430379748,1.5075352649223328,0.2219187432159755,3.4359600474818683,32
3.567,2,45704,2198,2.384128077501626,0.005999841419628134,5.951320431624624,4.051235132662397,1.0,2.384152172362217,0.0060399995206122815,2.384152172362217,0.0,0.0,5.951320431624624,14,2.301955000865387,0.0,5.754887502163469,4.0,14,2.3997806618230735,0.0010966908846146279,5.997806618230761,4.006369426751593,14,2.3643114426444014,0.004146353505918627,5.9045590763521245,4.031847133757962,1,2.384128077501626,0.005999841419628134,5.951320431624624,4.051235132662397,14,2.39897601484286,0.005119925785551825,5.9897601484288225,4.051282051282051,14,2.3931930849846195,0.00839928758615772,5.970383781082313,4.102564102564102,14,2.3980120276419603,0.009939861789753342,5.98012027642027,4.15483870967742,14,2.3979234089294614,0.010382955352150561,5.979234089295427,4.188311688311688,14,2.3971525067671555,0.011391601925337426,5.975793864029882,4.269736842105263,14,2.397435763733557,0.01282118133113741,5.974357637337187,4.373333333333333,13,2.396920044134575,0.015399779325355935,5.969200441348402,4.613924050632911,13,2.3966324970556157,0.016837514719506914,5.966324970559778,4.837662337662338,12,2.3970462526854477,0.016253115803620603,5.9682359580081865,5.1075949367088604,2.398940323476158,0.02079566994385562,5.966157303774612,8
3.567,3,45721,2198,2.3292019735731,0.3182845652658353,5.345578086033998,6.711802378774016,1.0,2.1464134972931572,0.013637104799262657,2.1464134972931572,0.0,0.009240129703116492,5.345578086033998,14,2.2880182479441196,0.13337803211999974,5.5199785716803005,4.643312101910828,14,2.368295097506095,0.20941766530418315,5.6066112458089625,5.267515923566879,14,2.329187073232286,0.2548259396517001,5.4407287736031655,5.89171974522293,1,2.3292019735731,0.3182845652658353,5.345578086033998,6.711802378774016,14,2.294354803057801,0.3935132803760861,5.145617087080373,8.455128205128204,14,2.256674382988084,0.4445785296159415,4.974818163046298,9.83974358974359,14,2.1781265820729208,0.513558633739333,4.674978504573301,12.748387096774193,14,2.1111852300307343,0.5354015627616435,4.474860730934371,14.883116883116884,14,1.9871856265144787,0.5232576264066854,4.183077626676169,18.539473684210527,14,1.8970903236991907,0.4862742617556419,4.013314416614514,21.1,13,1.7781585524624302,0.4193594208254281,3.8163572499179326,24.60126582278481,13,1.7049209494953799,0.37091083148951687,3.705936126504174,26.72077922077922,12,1.6241434765665692,0.31202796926865534,3.592316737513439,29.20886075949367,1.44660364459239,0.17951010506707465,3.3472439538803624,32
3.567,4,45738,2198,2.3835968811170365,0.008655823342520585,5.946008467778812,4.070905763952425,1.0,2.382125386734671,0.0062033327052435205,2.382125386734671,0.0,0.0,5.946008467778812,14,2.3008132930625953,0.00570853901386422,5.743470424135694,4.025477707006369,14,2.3985848377777823,0.007075811110961973,5.985848377778011,4.044585987261146,14,2.3636264179627235,0.007571476914232558,5.8977088295354605,4.057324840764331,1,2.3835968811170365,0.008655823342520585,5.946008467778812,4.070905763952425,14,2.3979267621892353,0.010366189053529356,5.979267621892793,4.102564102564102,14,2.3924564673311814,0.012082375853235417,5.963017604548102,4.141025641025641,14,2.397176209394429,0.014118953027242856,5.971762093945206,4.212903225806452,14,2.397004750221484,0.014976248891814292,5.970047502215987,4.266233766233766,14,2.396050499289243,0.016901639314559926,5.964773789251266,4.3881578947368425,14,2.3963148680805895,0.018425659595573986,5.963148680808112,4.513333333333334,13,2.3958604809977304,0.020697595009194183,5.9586048099805335,4.746835443037975,13,2.3955717343555505,0.02214132821943552,5.955717343559724,4.974025974025974,12,2.395591448111042,0.023607157972202305,5.953567883319302,5.405063291139241,2.3974352307903746,0.027308850974208987,5.952624800514623,8
3.567,5,45755,2198,2.3810582944776657,0.021348756539068845,5.920622601385563,4.176578225068618,1.0,2.3712891515786274,0.005066851707338013,2.3712891515786274,0.0,0.001267542944301061,5.920622601385563,14,2.2999640361623723,0.009954823514907419,5.734977855133572,4.050955414012739,14,2.396532732880394,0.017336335597701823,5.965327328804431,4.114649681528663,14,2.3612684848411147,0.019361142522019772,5.874129498319757,4.146496815286624,1,2.3810582944776657,0.021348756539068845,5.920622601385563,4.176578225068618,14,2.3940129906118215,0.029935046940043383,5.9401299061194885,4.294871794871795,14,2.3878470219825076,0.032046550532826075,5.921547729157032,4.365384615384615,14,2.3903643531061944,0.03889860893762204,5.917562969359052,4.561290322580645,14,2.3884881376053637,0.04432410590120384,5.904734185161603,4.740259740259741,14,2.3852376984234422,0.054837823316494325,5.880837511083863,5.125,14,2.383960894117986,0.06438733926996316,5.863321226390019,5.506666666666667,13,2.3816975190016536,0.08206759398967813,5.831142406519616,6.265822784810126,13,2.3803651487967854,0.10137446896518745,5.798851168544183,7.077922077922078,12,2.37923556282348,0.13688867459763532,5.742755895162245,8.525316455696203,2.492899762891073,0.9028696035806645,4.877945001856686,24
3.5675,0,45675,2198,2.382679451961706,0.013242969119058064,5.936834176225679,4.110704483074108,1.0,2.3789902439437953,0.007094289089206808,2.3789902439437953,0.0,0.0006150137955406267,5.936834176225679,14,2.30025648706494,0.008492569002086385,5.737902364159222,4.050955414012739,14,2.3978487619419533,0.010756190290014097,5.9784876194198615,4.076433121019108,14,2.3630519243315877,0.01044394506983642,5.891963893224216,4.082802547770701,1,2.382679451961706,0.013242969119058064,5.936834176225679,4.110704483074108,14,2.3955463037233,0.02226848138287324,5.955463037233939,4.217948717948718,14,2.3895431003705947,0.026649210655817913,5.933883934942762,4.262820512820513,14,2.3919766915035816,0.0401165424809213,5.919766915037571,4.406451612903226,14,2.38983501060246,0.05082494698614735,5.898350106026928,4.538961038961039,14,2.384930678417721,0.07250074367089593,5.8535755805379575,4.828947368421052,14,2.3817561179797084,0.09121941009842091,5.817561179801639,5.053333333333334,13,2.374997127679988,0.1228866182263846,5.753162891860393,5.468354430379747,13,2.3670988831304047,0.15079793122239676,5.691550310992415,5.922077922077922,12,2.3487441892013114,0.20224475671987147,5.568493337923472,6.867088607594937,2.094319777359012,0.5626218202543152,4.391866713016056,16
3.5675,1,45692,2198,2.3829017273050677,0.012269596482975525,5.938849923538207,4.102470265324794,1.0,2.379250179164234,0.006183682914918639,2.379250179164234,0.0,1.882048572381211e-05,5.938849923538207,14,2.3012379215127075,0.0035853967633426237,5.747716708636756,4.012738853503185,14,2.3984646327615144,0.007676836192302344,5.984646327615331,4.044585987261146,14,2.3631961703511126,0.009722714972232606,5.893406353419432,4.076433121019108,1,2.3829017273050677,0.012269596482975525,5.938849923538207,4.102470265324794,14,2.3975636772926316,0.01218161353651047,5.975636772926812,4.115384615384615,14,2.391030005326818,0.01692058175830944,5.952194140679582,4.1923076923076925,14,2.395134953276158,0.01990023041972771,5.957987037560802,4.290322580645161,14,2.394828767396393,0.021229770428668675,5.95522726284798,4.37012987012987,14,2.393386188358916,0.02405266795296888,5.947386468967835,4.5394736842105265,14,2.3932594479464977,0.02643960741190663,5.9434892087483835,4.72,13,2.392101429300981,0.030810919506427677,5.934037193992809,5.094936708860759,13,2.391443365002295,0.033543781925116097,5.928292739618062,5.441558441558442,12,2.3917060511689954,0.033345113158180825,5.929247458185215,5.974683544303797,2.393971921115951,0.041818222356203805,5.922202469255572,12
3.5675,2,45709,2198,2.382933463229979,0.01197291277773506,5.939374288908344,4.0969807868252515,1.0,2.3795672561467742,0.0063625676390610736,2.3795672561467742,0.0,1.0461298441975008e-05,5.939374288908344,14,2.300388664612484,0.007831681264385817,5.739224139634633,4.038216560509555,14,2.3977074850700757,0.011462574649420479,5.977074850701058,4.070063694267516,14,2.3628620867525214,0.011393132965169573,5.890065517433549,4.082802547770701,1,2.382933463229979,0.01197291277773506,5.939374288908344,4.0969807868252515,14,2.397030445968185,0.014847770158650948,5.9703044596824855,4.147435897435898,14,2.3915665379850677,0.0165320225836555,5.954118311087188,4.1923076923076925,14,2.3961075076462266,0.019462461768031195,5.961075076463518,4.290322580645161,14,2.3957397805309566,0.02130109734413314,5.9573978053111905,4.376623376623376,14,2.3943748139649905,0.02403590764767403,5.9498831734409645,4.559210526315789,14,2.3943963342911614,0.025891948387275113,5.94715291314699,4.733333333333333,13,2.3933415528388258,0.02879648004506391,5.940159162029468,5.120253164556962,13,2.392988884115112,0.02908349548496811,5.938846967060327,5.435064935064935,12,2.3937664042255324,0.02753515922851987,5.943113271721052,5.860759493670886,2.395180733606875,0.037073442337408835,5.932341670511074,12
3.5675,3,45726,2198,2.383538305848975,0.008948699682815947,5.945422715098215,4.074565416285453,1.0,2.383022816523653,0.008089550807278646,2.383022816523653,0.0,0.0007388682221688926,5.945422715098215,14,2.3008132930625957,0.005708539013864215,5.743470424135694,4.025477707006369,14,2.398266366440197,0.00866816779885092,5.9826636644022155,4.057324840764331,14,2.3631961703511126,0.009722714972232628,5.893406353419433,4.076433121019108,1,2.383538305848975,0.008948699682815947,5.945422715098215,4.074565416285453,14,2.397452012438287,0.012739937808194223,5.974520124383427,4.128205128205129,14,2.3917428286248272,0.015650569384913455,5.9558812174847,4.173076923076923,14,2.395758845069321,0.02120577465263195,5.957588450694354,4.264516129032258,14,2.3947877991067634,0.026061004465169107,5.947877991069156,4.35064935064935,14,2.3916533382666545,0.03457294958469799,5.927273921289588,4.519736842105263,14,2.3896314017583675,0.0422454807433015,5.910710283280966,4.693333333333333,13,2.385526522671437,0.05791651403511007,5.876941535625927,5.050632911392405,13,2.3826731945508834,0.07501993721364782,5.844153080556737,5.441558441558442,12,2.3793926100949583,0.11248813302418716,5.779749325701113,6.2974683544303796,2.466678916602886,0.7893562578487661,4.982662904734066,18
3.5675,4,45743,2198,2.3805638479096674,0.023961745237956824,5.915467001917235,4.20128087831656,1.0,2.3700320524190817,0.006408752753647247,2.3700320524190817,0.0,1.4999544818285938e-05,5.915467001917235,14,2.2995394077122606,0.01207796576542902,5.73073157063251,4.063694267515924,14,2.3960159952214917,0.019920023892139302,5.96015995221552,4.140127388535032,14,2.3609006862735358,0.021200135359841287,5.8704515126440775,4.171974522292993,1,2.3805638479096674,0.023961745237956824,5.915467001917235,4.20128087831656,14,2.3943994426864177,0.0278165724290245,5.944273748072507,4.2756410256410255,14,2.3881161729426217,0.03344363283684315,5.9201249831012905,4.378205128205129,14,2.3918988850983154,0.039655820171739214,5.9202634824881795,4.561290322580645,14,2.3910469351953996,0.04364399455697045,5.912151346153044,4.733766233766234,14,2.3891992859119076,0.04974327574048863,5.898383301169035,5.065789473684211,14,2.3889132658816297,0.053850329638039346,5.891507670247015,5.38,13,2.387558781925668,0.05899116758875672,5.880410203431034,5.962025316455696,13,2.3866837474455456,0.06215934267857521,5.873470354596,6.461038961038961,12,2.385788498691985,0.06740940142352966,5.863357144594665,7.379746835443038,2.3856508266003864,0.06883487919234454,5.860874747712449,10
3.5675,5,45760,2198,2.3829127066873843,0.012076695490695923,5.939166723482417,4.101097895699908,1.0,2.3786148555138054,0.004913610201398076,2.3786148555138054,0.0,0.0003087826145726742,5.939166723482417,14,2.300893429740108,0.005307855626303983,5.744271790910815,4.031847133757962,14,2.397629423765027,0.011852881174628724,5.976294237650623,4.082802547770701,14,2.36254237019145,0.012991715770454989,5.886868351822942,4.10828025477707,1,2.3829127066873843,0.012076695490695923,5.939166723482417,4.101097895699908,14,2.39634821237744,0.018258938112283348,5.963482123775175,4.17948717948718,14,2.3900892113203303,0.023918655907177896,5.93934504444006,4.25,14,2.3927541120363363,0.03368274358537653,5.931361164712776,4.387096774193548,14,2.390651856592138,0.04200105316640567,5.913628061730738,4.51948051948052,14,2.3858984987096026,0.059857288397321746,5.874960314178023,4.776315789473684,14,2.3823791634699263,0.07815098089737854,5.838721437328747,5.026666666666666,13,2.3737145987969566,0.1141116144798095,5.7631190752726775,5.531645569620253,13,2.3651102243951336,0.14111457414159093,5.701103699775447,5.987012987012987,12,2.351186407734012,0.1922916074311266,5.58952860818834,6.89873417721519,2.2779273141879224,0.4935144133185574,4.95454666549197,12
3.569946,0,45699,2198,2.378327232934937,0.035163446510555266,5.893072912571511,4.295059469350412,1.0,2.3616915844600057,0.0074373657190026695,2.3616915844600057,0.0,0.0007958477435574687,5.893072912571511,14,2.2976285796867697,0.017385821391732992,5.7179927171293246,4.101910828025478,14,2.3936423059278344,0.02860375698451823,5.941200129342808,4.1847133757961785,14,2.3585571201894657,0.030370195079372168,5.850837507854606,4.24203821656051,1,2.378327232934937,0.035163446510555266,5.893072912571511,4.295059469350412,14,2.3909759749866937,0.046151945882239684,5.908212018643375,4.42948717948718,14,2.383481644809688,0.05546883011379466,5.875500866853529,4.5576923076923075,14,2.3849910889539676,0.06638308033333118,5.862903101884922,4.754838709677419,14,2.3823741052491956,0.07437278860034703,5.844376080222468,4.941558441558442,14,2.378073033062721,0.08685687582588993,5.814897268917967,5.2631578947368425,14,2.3755966378880498,0.09724273513881772,5.793127492011897,5.553333333333334,13,2.3692203804974556,0.11777321431752308,5.746391129767354,6.094936708860759,13,2.3617382960156537,0.13719953535536397,5.698546437006088,6.64935064935065,12,2.3481100307647362,0.17072454517296004,5.614188259152401,7.582278481012659,2.257992985802407,0.41392183493384316,5.0240997121052535,19
3.569946,1,45716,2198,2.383423774461393,0.00952135662071768,5.944277401222407,4.078225068618481,1.0,2.3814571358403374,0.006243625585624576,2.3814571358403374,0.0,5.4595167525324565e-06,5.944277401222407,14,2.3004688012899965,0.00743099787682559,5.740025506409753,4.044585987261146,14,2.397947895102612,0.01026052448673981,5.979478951026419,4.070063694267516,14,2.3632273948731304,0.009566592362145646,5.893718598639607,4.076433121019108,1,2.383423774461393,0.00952135662071768,5.944277401222407,4.078225068618481,14,2.397435250687622,0.012823746561521663,5.974352506876771,4.128205128205129,14,2.3923281816182134,0.012723804418057002,5.9617347474184506,4.147435897435898,14,2.397037408499525,0.014812957501741615,5.9703740849962,4.219354838709678,14,2.3966491884122147,0.016754057938083326,5.966491884123411,4.292207792207792,14,2.3956592450778507,0.01885791037138703,5.9608612471375455,4.434210526315789,14,2.3956979110278827,0.02006140529499756,5.959152669627209,4.573333333333333,13,2.3947993647355896,0.021349221619654867,5.954974579409492,4.8544303797468356,13,2.3941128357347083,0.02302002038509586,5.950752058759125,5.162337662337662,12,2.39358930821961,0.026095393060464413,5.944830180958327,5.784810126582278,2.396971161395884,0.02878814022171472,5.949245693157137,12
3.569946,2,45733,2198,2.3799481592215184,0.026899432819666145,5.909521248824298,4.225068618481244,1.0,2.3677459693452696,0.006562449692584335,2.3677459693452696,0.0,0.0006805800179572879,5.909521248824298,14,2.2995394077122606,0.012077965765428997,5.730731570632509,4.063694267515924,14,2.396851204217979,0.015743978909812915,5.968512042180227,4.101910828025478,14,2.3614895469422015,0.018255832016604228,5.876340119330598,4.140127388535032,1,2.3799481592215184,0.026899432819666145,5.909521248824298,4.225068618481244,14,2.391632957417321,0.04055316163025253,5.918252651097924,4.384615384615385,14,2.3848141996104895,0.04930752116184715,5.888074217283456,4.480769230769231,14,2.3851502356138474,0.07212551703099053,5.854687313488133,4.774193548387097,14,2.3810998576623192,0.09044557106581322,5.817081287557077,5.032467532467533,14,2.3720620933485623,0.12662605169547664,5.74021615582819,5.559210526315789,14,2.3625212197387553,0.1589783890111463,5.667835465830168,6.093333333333334,13,2.3423450905741987,0.21306254457525484,5.536268909572613,7.063291139240507,13,2.3229654936552224,0.2614773976695368,5.415197637633751,8.025974025974026,12,2.286472399949119,0.34928221701174755,5.192257674355177,10.075949367088608,1.6288095296560379,0.31465873298583524,3.6000357246613417,32
3.569946,3,45750,2198,2.382575013072472,0.013765163565213935,5.93578978733336,4.115279048490393,1.0,2.3780124814155217,0.006160944136962657,2.3780124814155217,0.0,2.235213711669196e-05,5.93578978733336,14,2.3011057439651634,0.004246284501043187,5.746394933161346,4.025477707006369,14,2.3980470282632704,0.009764858683465548,5.980470282632977,4.063694267515924,14,2.362989475287553,0.010756190290010351,5.891339402783868,4.082802547770701,1,2.382575013072472,0.013765163565213935,5.93578978733336,4.115279048490393,14,2.396407994448793,0.0179600277555537,5.964079944488652,4.166666666666667,14,2.3907552765427544,0.020588329795185142,5.946005696664111,4.205128205128205,14,2.3950403000879197,0.024798499559508882,5.950403000880536,4.309677419354839,14,2.3943986431506166,0.028006784245718258,5.943986431507964,4.415584415584416,14,2.3930314529702055,0.031996870909064876,5.934583326061914,4.625,14,2.3931541792973756,0.034229103510776474,5.931541792977274,4.8133333333333335,13,2.392216486028166,0.038917569855557096,5.9221648602870784,5.253164556962025,13,2.391457526213882,0.04271236892568188,5.914575262146182,5.701298701298701,12,2.3903220409925274,0.04862351473663312,5.9028698303763685,6.60126582278481,2.392135763780491,0.04776917411595072,5.9086856482773005,12
3.569946,4,45767,2198,2.384414257769484,0.004568940080382868,5.954182234303139,4.0356816102470265,1.0,2.385384857611597,0.006186606483902943,2.385384857611597,0.0,0.0,5.954182234303139,14,2.301105743965164,0.0042462845010431925,5.746394933161345,4.025477707006369,14,2.3991226472922937,0.004386763538458489,5.991226472923047,4.025477707006369,14,2.3642633606378936,0.004386763538454755,5.904078256287053,4.031847133757962,1,2.384414257769484,0.004568940080382868,5.954182234303139,4.0356816102470265,14,2.398749956881418,0.006250215592726427,5.987499568814455,4.064102564102564,14,2.393724203980468,0.0057436926070055455,5.975694971040664,4.07051282051282,14,2.398674420378109,0.0066278981091405665,5.98674420378156,4.109677419354838,14,2.3985072826026035,0.007463586986553318,5.985072826026678,4.14935064935065,14,2.397778460685924,0.008261832331630662,5.982053403217361,4.223684210526316,14,2.3981804847768533,0.009097576114852082,5.981804847769854,4.306666666666667,13,2.3980310794874318,0.00984460256152779,5.980310794876287,4.455696202531645,13,2.397857494642035,0.010712526788027647,5.978574946423046,4.623376623376624,12,2.3979284287850025,0.012229815530199271,5.976476348667207,4.987341772151899,2.399962544446795,0.013479271829419659,5.979687453372858,8
3.569946,5,45784,2198,2.3429341593210395,0.2816063297044618,5.434925903745907,6.2900274473924975,1.0,2.1812122754495538,0.012069856585318273,2.1812122754495538,0.0,0.017174118720781277,5.434925903745907,14,2.2914954122226026,0.08626821922096439,5.59933620172506,4.414012738853503,14,2.3771677577438837,0.15195633467506062,5.714984892347118,4.89171974522293,14,2.3404279131930203,0.2028935550530414,5.546729450402988,5.439490445859873,1,2.3429341593210395,0.2816063297044618,5.434925903745907,6.2900274473924975,14,2.330449713757262,0.38885305873853865,5.242844696285347,7.6923076923076925,14,2.2929893148140432,0.4419069275043772,5.069612895778543,9.025641025641026,14,2.223269956366362,0.5264282477032961,4.76853251936096,11.612903225806452,14,2.1682441057073905,0.5574409988601228,4.5844487659782915,13.337662337662337,14,2.067459991464899,0.5704587441277933,4.312961862470558,16.282894736842106,14,1.9863551492574603,0.5474524878686263,4.144709141340712,18.366666666666667,13,1.8827762988626868,0.49701298074830397,3.9614212760342613,21.10126582278481,13,1.8249083988454489,0.46219988879163126,3.868971163926176,22.81168831168831,12,1.7602775664633314,0.4168214524257358,3.775461737519725,25.0126582278481,1.5583273986861101,0.25781773709010825,3.5090918910801125,32
3.57,0,45700,2198,2.3256395556787095,0.33812882710079245,5.306905648545586,6.890210430009149,1.0,2.130897272096743,0.0135583544641824,2.130897272096743,0.0,0.0016510241830818484,5.306905648545586,14,2.2934062402479722,0.1276694931061355,5.542011360960728,4.585987261146497,14,2.3731174243396618,0.2239440287577828,5.596877517712479,5.3312101910828025,14,2.331595003162964,0.28095304156784723,5.40755794555564,6.044585987261146,1,2.3256395556787095,0.33812882710079245,5.306905648545586,6.890210430009149,14,2.290576541983877,0.427531863250878,5.085143560083376,8.679487179487179,14,2.23723303648958,0.47230999646679667,4.884617596523755,10.282051282051283,14,2.1354888381854864,0.5232750024275863,4.553809591822335,13.567741935483872,14,2.05393992645762,0.5237713239641293,4.349192830197857,15.928571428571429,14,1.9091143739953815,0.4835270895506522,4.047495300662476,20.013157894736842,14,1.806102099323697,0.43052141951742895,3.8694731190330987,22.68,13,1.6906608896402395,0.3588600976593939,3.6883620776115085,25.740506329113924,13,1.623564727687089,0.3117868718095951,3.591231511503329,27.506493506493506,12,1.5419214934963772,0.25327722607050007,3.474887894635192,29.49367088607595,1.3824295124046044,0.12905842519188138,3.262486143223689,32
3.57,1,45717,2198,2.334260621057224,0.3041916859054773,5.379364023784843,6.572735590118938,1.0,2.1594985464783325,0.01292156160732549,2.1594985464783325,0.0,0.0014292347505645354,5.379364023784843,14,2.283771963443102,0.11639289411582703,5.534840567434016,4.598726114649682,14,2.3697852079746813,0.19397419893504492,5.633501721534135,5.159235668789809,14,2.3369770809951507,0.2341853593647404,5.491164663440767,5.67515923566879,1,2.334260621057224,0.3041916859054773,5.379364023784843,6.572735590118938,14,2.305371273801055,0.3971903494526318,5.16764266032369,8.301282051282051,14,2.2723464158841047,0.4566801137741544,4.99584586904903,9.596153846153847,14,2.185517577504456,0.526068595438707,4.674691050603079,12.612903225806452,14,2.107809910150349,0.5369758239196103,4.464061039496459,14.915584415584416,14,1.9671498838294272,0.493957043472695,4.176939144364526,18.644736842105264,14,1.8715328799592605,0.4426504751631298,4.014856487153456,21.30666666666667,13,1.749646885668336,0.374422165497741,3.8124839659242284,24.67721518987342,13,1.6840780154986095,0.3344986029415938,3.7084471343341323,26.623376623376622,12,1.5914243686472507,0.2781179330905745,3.5613840219822652,29.272151898734176,1.3926384425232166,0.1370629481380794,3.2760016841009216,32
3.57,2,45734,2198,2.3801831561405136,0.025724448224718234,5.911871218014208,4.2154620311070445,1.0,2.3676474762312485,0.004831648375943358,2.3676474762312485,0.0,0.0010327629931597485,5.911871218014208,14,2.300893429740108,0.005307855626303983,5.7442717909108145,4.031847133757962,14,2.397169675555564,0.014151622221924003,5.971696755556024,4.089171974522293,14,2.360660276240997,0.02240218552251739,5.868047412318716,4.178343949044586,1,2.3801831561405136,0.025724448224718234,5.911871218014208,4.2154620311070445,14,2.392036619487177,0.03981690256307869,5.920366194873325,4.358974358974359,14,2.3835790267435812,0.05646957878997911,5.8742431986739865,4.576923076923077,14,2.382983428992085,0.07995818630626203,5.83752129302082,4.858064516129033,14,2.3786437019860847,0.09746905547487755,5.800405671752894,5.071428571428571,14,2.369256668858211,0.13555594583951527,5.719807753386253,5.565789473684211,14,2.3614277340723393,0.17323779375364545,5.64371264455038,6.113333333333333,13,2.343974771493469,0.23870902411611947,5.501873392559492,7.2405063291139244,13,2.3252046401690647,0.2994186187631911,5.363883672277874,8.38961038961039,12,2.2888364845563443,0.38812985513734605,5.139896428684842,10.39873417721519,2.0183703153213135,0.6264802181685898,4.106205461050399,20
3.57,3,45751,2198,2.3346346160891955,0.26484085526954154,5.439325257318678,6.294602012808783,1.0,2.183326249577472,0.012660244416667568,2.183326249577472,0.0,0.0006480096036028012,5.439325257318678,14,2.290594114452281,0.11625241507840713,5.552106663513094,4.573248407643312,14,2.369704753166295,0.1697416401954481,5.669649422622566,5.114649681528663,14,2.3351831448782945,0.20075476922982977,5.536825708350991,5.515923566878981,1,2.3346346160891955,0.26484085526954154,5.439325257318678,6.294602012808783,14,2.3119570876820923,0.3488267377190974,5.256652612626586,7.794871794871795,14,2.2793418094990616,0.4051019369411108,5.090701618335988,9.006410256410257,14,2.2057482914089,0.497234090670138,4.768519592517043,11.787096774193548,14,2.1321207832979967,0.5297336398056232,4.535701498536557,14.123376623376624,14,2.0011078010693835,0.5337219577287006,4.202186566080407,17.92105263157895,14,1.909034431650842,0.5008822908212696,4.021262642895202,20.34,13,1.7695826468186369,0.41926947223923894,3.7950524086877326,23.664556962025316,13,1.6874020445626485,0.366792654350013,3.668316129881603,25.753246753246753,12,1.5906791975554841,0.2953675747523105,3.533646631760246,28.050632911392405,1.3816581941951693,0.12662066895237345,3.264214482059363,32
3.57,4,45768,2198,2.3814893715888847,0.01919337098302507,5.924933372497676,4.159194876486734,1.0,2.3739822163640927,0.006681445608371876,2.3739822163640927,0.0,0.00017927379031434864,5.924933372497676,14,2.300388664612484,0.00783168126438581,5.739224139634633,4.038216560509555,14,2.397629423765027,0.011852881174628706,5.976294237650623,4.082802547770701,14,2.361888570031792,0.016260716568686554,5.880330350226451,4.127388535031847,1,2.3814893715888847,0.01919337098302507,5.924933372497676,4.159194876486734,14,2.394348096095542,0.02825951952149417,5.943480960956615,4.2756410256410255,14,2.3885252868726807,0.030904575210784612,5.924956354365527,4.352564102564102,14,2.3916527220805706,0.03800910733757336,5.922118144195068,4.535483870967742,14,2.3902132029465237,0.04326963321891689,5.910628557537933,4.681818181818182,14,2.3859468586130728,0.053574083112381654,5.884506021864107,5.026315789473684,14,2.383262133516691,0.06429972279761699,5.861705749595302,5.38,13,2.377489351473043,0.08281342966649104,5.819503234182872,6.031645569620253,13,2.3732613389559285,0.09768094390473028,5.786631931532726,6.5,12,2.3658681685478014,0.11770627145418106,5.73811101418823,7.405063291139241,2.3409436775289048,0.1922181083516552,5.564032031294778,20
3.57,5,45785,2198,2.384362079040173,0.004829833726931215,5.953660447010035,4.039341262580055,1.0,2.3851246221506934,0.006100738911133018,2.3851246221506934,0.0,0.0,5.953660447010035,14,2.301742686640331,0.0010615711252607953,5.7527643599129386,4.006369426751593,14,2.399780661823074,0.0010966908846146279,5.997806618230761,4.006369426751593,14,2.3646143017209775,0.002632058123073214,5.907587667117835,4.019108280254777,1,2.384362079040173,0.004829833726931215,5.953660447010035,4.039341262580055,14,2.399063776327096,0.004681118364390287,5.990637763271154,4.044871794871795,14,2.3936747280190045,0.005991072414322305,5.97520021142603,4.07051282051282,14,2.398529884689561,0.007350576551880249,5.985298846896081,4.109677419354838,14,2.3984231943083887,0.007884028457664363,5.984231943084475,4.136363636363637,14,2.397626181725882,0.009023227131895207,5.98053061361686,4.203947368421052,14,2.3980191220248614,0.009904389874904596,5.9801912202497975,4.273333333333333,13,2.397733973453512,0.011330132731217135,5.9773397345369546,4.424050632911392,13,2.397565360608778,0.012173196954479753,5.975653606090225,4.564935064935065,12,2.397459195224888,0.013710575372077188,5.973082125004103,4.8734177215189876,2.3993195944167924,0.016912977026278142,5.972929520502563,8
3.570279,0,45702,2198,2.3788948071841203,0.032904473321518656,5.897880307978023,4.274931381518756,1.0,2.362099611050864,0.004912479766091637,2.362099611050864,0.0,0.05048088327091921,5.897880307978023,14,2.2982655223619255,0.018447392516993788,5.7179927171293246,4.101910828025478,14,2.394817058117494,0.027897372625111837,5.945196586356068,4.178343949044586,14,2.3595762284697117,0.032917965779995305,5.849563622504286,4.24203821656051,1,2.3788948071841203,0.032904473321518656,5.897880307978023,4.274931381518756,14,2.389481252492872,0.04926821973249309,5.89980080163344,4.506410256410256,14,2.3821514508230903,0.06340164394462977,5.860276161140782,4.673076923076923,14,2.381307254632818,0.09172285872936814,5.815683848487992,5.064516129032258,14,2.3768554034919545,0.11503573617429326,5.769584904468445,5.3896103896103895,14,2.368266556450824,0.15844010049680915,5.683006240381845,6.046052631578948,14,2.362035545821189,0.20043310733997147,5.604439203543015,6.66,13,2.349714734584191,0.2739661495728679,5.463337612101175,7.746835443037975,13,2.3402449037943636,0.3316651009456582,5.353114608067421,8.727272727272727,12,2.3175477196459364,0.4329964399854779,5.144374639136624,10.512658227848101,1.7268438210142596,0.39039370488010583,3.7315189952154904,24
3.570279,1,45719,2198,2.3362264993555604,0.27197406508826766,5.4326051507564985,6.289112534309241,1.0,2.1806524371102367,0.012683961346062004,2.1806524371102367,0.0,0.00734501834177363,5.4326051507564985,14,2.286423815883858,0.09464106291033032,5.574097945344151,4.445859872611465,14,2.3725140057551215,0.16170562806499356,5.688726572290314,5.019108280254777,14,2.331029320031445,0.20709929151176257,5.516924362810967,5.56687898089172,1,2.3362264993555604,0.27197406508826766,5.4326051507564985,6.289112534309241,14,2.3156429412294446,0.35982367195475445,5.2493718451414795,7.705128205128205,14,2.282878491290776,0.43189043216563977,5.05936057997848,9.102564102564102,14,2.2112712032941073,0.5275518532159836,4.736850228411294,11.896774193548387,14,2.141308171933944,0.5583359896318466,4.51576644538709,14.058441558441558,14,1.9961312672019644,0.538237170199454,4.1829724127057295,17.914473684210527,14,1.8833210627283816,0.48742511249268927,3.977164988081919,20.82,13,1.7420289143048246,0.4042794000355562,3.748653185708729,24.645569620253166,13,1.650841842414889,0.34098606946358007,3.615625501841852,26.90909090909091,12,1.5349783783580813,0.2562967599873023,3.4530008059142503,29.575949367088608,1.3503878451349358,0.11029444214511752,3.210527949619663,32
3.570279,2,45736,2198,2.383457498892829,0.009352734463538835,5.944614645536768,4.076852698993596,1.0,2.3815807630415797,0.006224841378122492,2.3815807630415797,0.0,1.1660616295509394e-05,5.944614645536768,14,2.3015303724152756,0.0021231422505215963,5.750641217662407,4.012738853503185,14,2.399242852308562,0.003785738457118146,5.992428523085727,4.025477707006369,14,2.364104747580842,0.005179828823696366,5.9024921257165595,4.038216560509555,1,2.383457498892829,0.009352734463538835,5.944614645536768,4.076852698993596,14,2.3977897825462398,0.011051087268487395,5.977897825462867,4.108974358974359,14,2.392467297672921,0.012028224144557788,5.963125907965467,4.134615384615385,14,2.397089956622389,0.014550216887440574,5.970899566224811,4.212903225806452,14,2.396789811005658,0.016050944970907262,5.967898110057782,4.279220779220779,14,2.395898324840539,0.017662511558002136,5.963252044764343,4.4144736842105265,14,2.3962344860281033,0.018021378973053306,5.963554146610679,4.533333333333333,13,2.395668850548481,0.01841460244813316,5.961550222699003,4.7405063291139244,13,2.3954119691611875,0.018601721815574613,5.960627340179605,4.941558441558442,12,2.3952250657912697,0.019205414731119693,5.959254542381494,5.367088607594937,2.3972250363804064,0.02920798475229791,5.949250613822569,12
3.570279,3,45753,2198,2.378562639682831,0.04122634433221221,5.884567082708761,4.326623970722781,1.0,2.357145366301934,0.005530888697383395,2.357145366301934,0.0,0.013845919553607733,5.884567082708761,14,2.2995394077122606,0.012077965765429015,5.73073157063251,4.063694267515924,14,2.396193189687199,0.01903405156365678,5.961931896872511,4.1210191082802545,14,2.3592902268776474,0.0292524323391544,5.854346918685386,4.2165605095541405,1,2.378562639682831,0.04122634433221221,5.884567082708761,4.326623970722781,14,2.3909289961806977,0.05761688950113935,5.890897156200034,4.512820512820513,14,2.382148265068811,0.07656080267034379,5.840529458666513,4.756410256410256,14,2.382489313584918,0.1068788464227558,5.795905014328161,5.161290322580645,14,2.3786549300928965,0.1284505030737159,5.753961570621666,5.461038961038961,14,2.3691554800484256,0.17272092008099407,5.663807319999572,6.1381578947368425,14,2.3581836059174885,0.21295576185930823,5.57602537200476,6.84,13,2.336240293166297,0.29251865208190764,5.40182275479288,8.215189873417721,13,2.3145725264690062,0.36393291182649185,5.2405319484327775,9.46103896103896,12,2.2693344039797134,0.4718985032283434,4.965488255106767,11.70253164556962,1.5066408590233094,0.22926330060041877,3.422707196657645,32
3.570279,4,45770,2198,2.3837528870294413,0.007875793780519207,5.947568526902826,4.0631290027447395,1.0,2.382778315563913,0.006251508004638759,2.382778315563913,0.0,0.0,5.947568526902826,14,2.3013180581902195,0.003184713375782386,5.7485180754118765,4.019108280254777,14,2.39934198546922,0.0032900726538438833,5.993419854692285,4.019108280254777,14,2.3639124195548105,0.006141468953836313,5.900568845456271,4.044585987261146,1,2.3837528870294413,0.007875793780519207,5.947568526902826,4.0631290027447395,14,2.3983137504559466,0.008431247720026137,5.983137504559828,4.083333333333333,14,2.3928374277235513,0.01017757389144164,5.9668272084717175,4.121794871794871,14,2.3976721566989254,0.011639216504853554,5.976721566990032,4.180645161290323,14,2.397514583718669,0.012427081406001112,5.975145837187671,4.2272727272727275,14,2.3968006071704404,0.0131510999087814,5.972274868062927,4.315789473684211,14,2.397109364413288,0.014453177932330571,5.971093644134723,4.426666666666667,13,2.3967534134811124,0.016232932592613582,5.96753413481386,4.632911392405063,13,2.39657203820758,0.017139808959850934,5.965720382079174,4.779220779220779,12,2.396397454608916,0.01897986021987059,5.962523846192486,5.094936708860759,2.3982398564994916,0.024142254850465505,5.95938625897303,8
3.570279,5,45787,2198,2.382738973437666,0.012554843404307398,5.938015168487705,4.10704483074108,1.0,2.3789803878259064,0.006290534051374551,2.3789803878259064,0.0,0.0009707931729041641,5.938015168487705,14,2.3006811155150517,0.006369426751564795,5.742148648660284,4.038216560509555,14,2.3981672332795383,0.009163833602125188,5.981672332795657,4.063694267515924,14,2.363323558886147,0.009085772297077965,5.894680238769751,4.070063694267516,1,2.382738973437666,0.012554843404307398,5.938015168487705,4.10704483074108,14,2.395834208559689,0.01915791895755034,5.960848642962897,4.1923076923076925,14,2.390562702532417,0.020989808312961006,5.944922043861604,4.230769230769231,14,2.39407237325424,0.027431234616151486,5.944034081211373,4.354838709677419,14,2.3927664391044514,0.03221658419970297,5.933591221461573,4.454545454545454,14,2.389416924470121,0.0392102905911092,5.914726875288637,4.625,14,2.388290630186234,0.04529484933323294,5.9027843014657355,4.766666666666667,13,2.386156540363925,0.0550325925092074,5.882842462145999,5.050632911392405,13,2.3846638602479486,0.06364966271539237,5.866185156546782,5.363636363636363,12,2.3834453841451455,0.06936627149990737,5.854564053113003,5.810126582278481,2.3760940635696155,0.10985349771249098,5.775454912355302,15
3.5725,0,45725,2198,2.3839404822655337,0.006937817600073674,5.949444479263725,4.057182067703568,1.0,2.383466018588199,0.006147044804515998,2.383466018588199,0.0,5.8502835078717715e-06,5.949444479263725,14,2.301157784835195,0.0039860801509028505,5.746915341861635,4.006369426751593,14,2.3985848377777823,0.007075811110962001,5.985848377778011,4.044585987261146,14,2.3636120509251963,0.0076433121018703466,5.897565159160185,4.057324840764331,1,2.3839404822655337,0.006937817600073674,5.949444479263725,4.057182067703568,14,2.398457376181616,0.00771311909169794,5.984573761816493,4.076923076923077,14,2.3928601700436034,0.010063862291199408,5.967054631672212,4.115384615384615,14,2.397677864126527,0.011610679366862121,5.976778641266025,4.174193548387096,14,2.397427906569903,0.012860467149809165,5.974279065700045,4.233766233766234,14,2.39661245430417,0.014091864240057893,5.970393339400337,4.342105263157895,14,2.3970352360008382,0.014823819994540759,5.970352360010284,4.44,13,2.3966555289023304,0.016722355486485797,5.966555289026097,4.6455696202531644,13,2.396451374246427,0.017743128765484416,5.964513742467841,4.824675324675325,12,2.396294438772489,0.019459951451867907,5.961546169753422,5.189873417721519,2.3985473677694955,0.022398951402843537,5.962769992319473,9
3.5725,1,45742,2198,2.3815297878170183,0.01899128984235192,5.925337534779019,4.160567246111619,1.0,2.3741491197802476,0.006690176447733359,2.3741491197802476,0.0,0.005459986646863108,5.925337534779019,14,2.3013180581902195,0.0031847133757823974,5.7485180754118765,4.019108280254777,14,2.3984857046171237,0.007571476914236298,5.984857046171454,4.050955414012739,14,2.3623981241719276,0.013712945868063394,5.885425891627725,4.10828025477707,1,2.3815297878170183,0.01899128984235192,5.925337534779019,4.160567246111619,14,2.3942814624364948,0.028592687816789225,5.942814624366052,4.256410256410256,14,2.3875230036032833,0.036749694492041206,5.913682967270149,4.378205128205129,14,2.389155806806014,0.053527862895285196,5.892597722672107,4.587096774193548,14,2.3861364887214367,0.06657884853779009,5.865472948996906,4.740259740259741,14,2.378800498674106,0.09662618670757799,5.802061966623897,5.092105263157895,14,2.3728438598153736,0.12447434163137042,5.745398137091378,5.466666666666667,13,2.3592965504794665,0.17522593465913733,5.635402474209959,6.2215189873417724,13,2.3441324018458,0.2249791113399762,5.522862337604536,7.0064935064935066,12,2.3079951725840773,0.31653010656204084,5.295192771617132,8.683544303797468,1.6284728452266246,0.3159390873426515,3.597273482052584,28
3.5725,2,45759,2198,2.3386029050453803,0.2891808755811278,5.41273594924176,6.381518755718207,1.0,2.172547159329989,0.012421299388807901,2.172547159329989,0.0,0.0008506634694565709,5.41273594924176,14,2.288603149749266,0.12620723859331448,5.532197016483194,4.624203821656051,14,2.3685628055116386,0.20850056238864004,5.608656170196135,5.305732484076433,14,2.3323300246539724,0.2433829977472308,5.465750565014086,5.802547770700637,1,2.3386029050453803,0.2891808755811278,5.41273594924176,6.381518755718207,14,2.3178134073036443,0.3935369853633664,5.204228040214061,7.9743589743589745,14,2.281724177374015,0.4559271089254811,5.020419780046816,9.288461538461538,14,2.1999274394511987,0.5280644473250882,4.707721927640364,11.980645161290322,14,2.129459663650713,0.5481644580923195,4.5014024719883015,14.045454545454545,14,2.0064231128038874,0.5309992770214649,4.21955886647752,17.460526315789473,14,1.911124741386598,0.48881991632918376,4.044581978972719,20.04,13,1.7664669409455114,0.4067111046263395,3.806100695424269,23.829113924050635,13,1.6747416045579704,0.3458593016403686,3.6680650589343724,26.266233766233768,12,1.5594936898211285,0.2652505682916366,3.5008583721153648,28.974683544303797,1.3733922519600676,0.1255363090210193,3.24517616636864,32
3.5725,3,45776,2198,2.381596484447024,0.018657806692336843,5.926004501079056,4.155992680695334,1.0,2.374498401756044,0.0068276688740363705,2.374498401756044,0.0,0.0005540610451417764,5.926004501079056,14,2.301105743965164,0.0042462845010431925,5.746394933161346,4.025477707006369,14,2.398146161423929,0.009269192880191263,5.981461614239535,4.057324840764331,14,2.3625904521979626,0.01275130573792803,5.8873491718880135,4.095541401273885,1,2.381596484447024,0.018657806692336843,5.926004501079056,4.155992680695334,14,2.3945541685167964,0.027229157415278704,5.945541685169073,4.256410256410256,14,2.3881169491890217,0.03377996656345867,5.919622423127369,4.339743589743589,14,2.389974360909814,0.050128195449330594,5.899743609100538,4.554838709677419,14,2.386815573952473,0.06307392900231268,5.872428041377713,4.746753246753247,14,2.3796665981321534,0.09011058794403697,5.814000613414328,5.157894736842105,14,2.3725298675538813,0.11515694041062123,5.758589258268771,5.586666666666667,13,2.356920519055444,0.15864578006480326,5.654332627541406,6.322784810126582,13,2.3419010666319475,0.18857899002141096,5.571884181547752,7.0064935064935066,12,2.313449887421513,0.2180455914167758,5.456556331428618,8.08860759493671,1.8635478288378182,0.41645089519892586,4.034193229296156,24
3.5725,4,45793,2198,2.3840050758180347,0.006614849837570587,5.950090414788733,4.056267154620311,1.0,2.3836752425372114,0.006065127702864126,2.3836752425372114,0.0,0.0,5.950090414788733,14,2.301105743965164,0.004246284501043187,5.746394933161346,4.025477707006369,14,2.39870504279405,0.0064747860296216755,5.987050427940693,4.044585987261146,14,2.3637057244912483,0.007174944271609464,5.898501894820707,4.057324840764331,1,2.3840050758180347,0.006614849837570587,5.950090414788733,4.056267154620311,14,2.398339017952432,0.008304910237600379,5.9833901795246796,4.083333333333333,14,2.3930152651899235,0.009288386559617874,5.968605583135384,4.108974358974359,14,2.3978697058710923,0.010651470644092345,5.978697058711592,4.15483870967742,14,2.397666720995675,0.011666395021064875,5.976667209957589,4.194805194805195,14,2.3970224934043323,0.012041668739513728,5.974493730401557,4.25,14,2.3974789456401586,0.012605271798304998,5.974789456402938,4.3133333333333335,13,2.3972444593987583,0.013777703004912257,5.972444593989528,4.449367088607595,13,2.3970358259085054,0.01482087045577046,5.970358259087607,4.590909090909091,12,2.3968297263453464,0.01652420813737548,5.967288003657304,4.8544303797468356,2.3984298640871886,0.022199123780755947,5.962775974546838,8
3.5725,5,45810,2198,2.378142024084174,0.03593010850616699,5.891459897451187,4.300548947849954,1.0,2.360416988073316,0.006388381821402431,2.360416988073316,0.0,0.0030357516804545384,5.891459897451187,14,2.2996715852598046,0.011417078027728435,5.73205334610792,4.050955414012739,14,2.3957755851889555,0.02112207405481996,5.957755851890158,4.140127388535032,14,2.359338308884149,0.029012022306609115,5.854827738750459,4.229299363057325,1,2.378142024084174,0.03593010850616699,5.891459897451187,4.300548947849954,14,2.3891446639794407,0.05427668010137388,5.89144663979654,4.493589743589744,14,2.3815128560460734,0.06633896183903354,5.854273697356635,4.673076923076923,14,2.381300155745058,0.09251321390851064,5.81448056849988,5.0,14,2.3773819444254545,0.11172417298111584,5.775868601591962,5.259740259740259,14,2.3685220790199386,0.1456691347075885,5.702801495488463,5.815789473684211,14,2.3620988335887305,0.17347901321515286,5.645028564149095,6.34,13,2.3471774486224213,0.21787876698529698,5.541125471078106,7.348101265822785,13,2.331619757270765,0.2496120368870351,5.45463133784636,8.344155844155845,12,2.299774088369909,0.28633115415052174,5.319938489698989,10.291139240506329,2.0824968532455914,0.3336228264903527,4.7058078933784495,28
3.57439,0,45743,2198,2.3824587710661915,0.013764723761556363,5.935499842023146,4.115279048490393,1.0,2.3780168841625007,0.006361578922071161,2.3780168841625007,0.0,1.2668130257076783e-05,5.935499842023146,14,2.3006811155150517,0.006369426751564801,5.742148648660284,4.038216560509555,14,2.3973890137324902,0.013054931337309431,5.973890137325261,4.082802547770701,14,2.3626073096824523,0.012667018315478853,5.887517746732912,4.095541401273885,1,2.3824587710661915,0.013764723761556363,5.935499842023146,4.115279048490393,14,2.3967944938155554,0.015043167746611545,5.969421482918971,4.153846153846154,14,2.3910109636217682,0.018355718643840755,5.949993831088661,4.211538461538462,14,2.3952498956542265,0.022097469007154136,5.954978535624834,4.329032258064516,14,2.3945904486670875,0.024993525727450682,5.948985833076542,4.4480519480519485,14,2.3932466426576617,0.028456295911425997,5.940432162777013,4.677631578947368,14,2.393379673310989,0.030400883840779987,5.937847857516302,4.88,13,2.3925196075211668,0.03367591412697961,5.930785147612448,5.272151898734177,13,2.3918877270182146,0.035848232210719734,5.925946969229456,5.642857142857143,12,2.391381831037366,0.039677514412349894,5.91893830597489,6.3924050632911396,2.393239529521398,0.04284304103283976,5.918834262254236,12
3.57439,1,45760,2198,2.381457758364931,0.025547446675262805,5.915323225899434,4.204025617566331,1.0,2.3704166309286996,0.0071455676148766455,2.3704166309286996,0.0,0.0025886755720771664,5.915323225899434,14,2.301318058190208,0.007430997876825584,5.742148648660284,4.038216560509555,14,2.3986839709384182,0.012949572059243323,5.977285569257181,4.076433121019108,14,2.3625280031539084,0.01849624204914037,5.878575644811061,4.13375796178344,1,2.381457758364931,0.025547446675262805,5.915323225899434,4.204025617566331,14,2.394924819939625,0.036895584740187976,5.931968672738781,4.326923076923077,14,2.3859391185838743,0.04345326201943809,5.899667903430532,4.467948717948718,14,2.3866889698409213,0.06086064497556905,5.875431457138949,4.7290322580645165,14,2.383501916751533,0.07493374684108253,5.846354171617207,4.941558441558442,14,2.374820752457009,0.10518960423610216,5.779267474788367,5.434210526315789,14,2.366463710711574,0.13562499915953855,5.712721778039627,5.953333333333333,13,2.34915683833273,0.1914659242785157,5.585693209414052,6.955696202531645,13,2.3303499180649956,0.2371698125880284,5.4701200762804465,7.915584415584416,12,2.294861268512111,0.31375706957414745,5.266517566919054,9.60759493670886,1.7255892419395094,0.3494895197197714,3.789738825269116,28
3.57439,2,45777,2198,2.3785433185811478,0.032372569794559214,5.897799441761032,4.2813357731015556,1.0,2.3630552981548547,0.006559202417403551,2.3630552981548547,0.0,0.0014292804177559507,5.897799441761032,14,2.2986901508120376,0.01632425026647219,5.722239001630387,4.089171974522293,14,2.395994923365882,0.020025383170205364,5.959949233659397,4.13375796178344,14,2.361186687865625,0.019770127399449642,5.873311528564888,4.1528662420382165,1,2.3785433185811478,0.032372569794559214,5.897799441761032,4.2813357731015556,14,2.389786143772721,0.04876753089353719,5.901314063091496,4.467948717948718,14,2.3834409750392997,0.05739918571667359,5.872503659023241,4.564102564102564,14,2.382918609599517,0.08403618651581947,5.831242244225064,4.890322580645162,14,2.378533717348713,0.104032047280045,5.790286222451713,5.1558441558441555,14,2.3678738840826496,0.1402441785029159,5.709318442452249,5.743421052631579,14,2.3591501657314837,0.16894079015609378,5.6444642290945675,6.286666666666667,13,2.3428830890040797,0.2123974793819596,5.538611503437261,7.158227848101266,13,2.3261292142720698,0.2544157460881992,5.433699416547875,8.045454545454545,12,2.288155853197973,0.3335461815079839,5.220070360732957,9.930379746835444,1.7245589839341595,0.40042124780165356,3.7107655881329182,27
3.57439,3,45794,2198,2.337908354354069,0.25501868727615384,5.462242854970942,6.170173833485819,1.0,2.1922112168957693,0.01219012484565473,2.1922112168957693,0.0,0.009691540011794723,5.462242854970942,14,2.2896366250671427,0.09131587049712807,5.587117756922165,4.43312101910828,14,2.376699389913623,0.14474403369897657,5.724632424235592,4.910828025477707,14,2.339877172743048,0.19189695473047277,5.56184749976191,5.401273885350318,1,2.337908354354069,0.25501868727615384,5.462242854970942,6.170173833485819,14,2.316154007708917,0.341204156518553,5.278578784494463,7.602564102564102,14,2.2815533709986866,0.40418372618054177,5.097607838225906,8.897435897435898,14,2.2062861398717515,0.49195596241431466,4.777781406057906,11.619354838709677,14,2.1450005827434087,0.5297347596106966,4.567899317442476,13.62987012987013,14,2.032734461615476,0.5341004806695907,4.2806854330343045,16.92105263157895,14,1.9485250198799047,0.4999210494280781,4.121430975557643,19.24,13,1.8487826170179675,0.4510987805441195,3.9453083717287383,22.29746835443038,13,1.7890824053215482,0.4168597401804224,3.847416403033237,24.272727272727273,12,1.7131679115819107,0.3672518399754716,3.732042018991569,26.917721518987342,1.5237686487367095,0.23300560833315576,3.4599132093420395,32
3.57439,4,45811,2198,2.379333782589804,0.0355353000744414,5.89503150636285,4.287282708142726,1.0,2.3622747554452452,0.007103588166841614,2.3622747554452452,0.0,0.0006116349900731483,5.89503150636285,14,2.3011057439651306,0.016985138004172767,5.727286652906569,4.082802547770701,14,2.3967309992016776,0.02589914411848667,5.952978781826464,4.159235668789809,14,2.361330933885111,0.029577129794125967,5.858961640021588,4.2165605095541405,1,2.379333782589804,0.0355353000744414,5.89503150636285,4.287282708142726,14,2.390839712357219,0.05718458456923178,5.891322404039199,4.506410256410256,14,2.3830577322738353,0.07414047928923513,5.846433611750737,4.6923076923076925,14,2.38108592410641,0.10642798710076672,5.793072829614875,5.096774193548387,14,2.3749948828977514,0.13251821423827007,5.738709885886973,5.454545454545454,14,2.363912491529257,0.18914454865489075,5.626064405840804,6.197368421052632,14,2.3567450881362895,0.24187012664165058,5.529057530378247,6.833333333333333,13,2.3435746165093643,0.3347022477795835,5.356883169604034,8.113924050632912,13,2.334367066307327,0.4132702811002868,5.216012244117888,9.25974025974026,12,2.2988998492573054,0.5179263913949478,4.970360036050841,11.49367088607595,1.7215647814743409,0.43461013933934467,3.651996744676835,24
3.57439,5,45828,2198,2.379202587809433,0.02986763138757664,5.9032050224422195,4.2516010978956995,1.0,2.3655971629535397,0.007191923294420964,2.3655971629535397,0.0,0.00041573744770344274,5.9032050224422195,14,2.3000441728398844,0.009554140127347175,5.735779221908691,4.057324840764331,14,2.39611512838215,0.019424358088865022,5.961151283822077,4.13375796178344,14,2.3602156615918606,0.024625258768159818,5.863601265827413,4.191082802547771,1,2.379202587809433,0.02986763138757664,5.9032050224422195,4.2516010978956995,14,2.3924793920304546,0.03488945694406192,5.928864294660043,4.333333333333333,14,2.3855293069536665,0.04342441530747097,5.898686644422963,4.455128205128205,14,2.3876898109955897,0.05563100493201549,5.885778020090949,4.683870967741935,14,2.3854217523421206,0.06471690431719583,5.866479024379507,4.876623376623376,14,2.3813521918977494,0.07450511436940281,5.841622808190269,5.157894736842105,14,2.380004855742948,0.07760041903873743,5.833611510799263,5.306666666666667,13,2.3758985595646354,0.08104761545329131,5.818174975731651,5.575949367088608,13,2.373574338270566,0.08288917960630986,5.80960207626695,5.798701298701299,12,2.370594043128679,0.09038609150697581,5.790905970561234,6.120253164556962,2.305700865143559,0.3444023282472104,5.247648670488082,16
3.575,0,45750,2198,2.3832615711774543,0.010332373040388684,5.942655368383055,4.08508691674291,1.0,2.3807838965007866,0.006202915245941783,2.3807838965007866,0.0,1.7136637911151155e-05,5.942655368383055,14,2.301742686640331,0.0010615711252607953,5.7527643599129386,4.006369426751593,14,2.3988041759547087,0.005979120226347396,5.98804175954725,4.038216560509555,14,2.363643275447213,0.00748718949178338,5.897877404380359,4.057324840764331,1,2.3832615711774543,0.010332373040388684,5.942655368383055,4.08508691674291,14,2.397559648542023,0.012201757289571664,5.9755964854206995,4.108974358974359,14,2.3917674057704734,0.0155276836567363,5.956126988941082,4.153846153846154,14,2.3962449581033387,0.01877520948263748,5.96244958103439,4.232258064516129,14,2.395771964877213,0.02114017561303698,5.957719648773476,4.311688311688312,14,2.3946257356429737,0.024025457545698396,5.950526152788885,4.4605263157894735,14,2.3948708835436863,0.02564558227985876,5.948708835439427,4.593333333333334,13,2.3940699422449416,0.029650288772609373,5.94069942245344,4.930379746835443,13,2.393480816982979,0.032595915081456255,5.934808169835262,5.266233766233766,12,2.3927028676737896,0.03757417145633956,5.925395911999963,6.006329113924051,2.3948968802687816,0.03885617592900914,5.92895793677844,12
3.575,1,45767,2198,2.3850234497802156,0.0015229800267948768,5.960274154410349,4.011893870082342,1.0,2.3877311641983776,0.006035837390397199,2.3877311641983776,0.0,0.0,5.960274154410349,14,2.3015303724152756,0.0021231422505215906,5.750641217662407,4.012738853503185,14,2.3995613236461466,0.0021933817692292557,5.995613236461523,4.012738853503185,14,2.3647897722625193,0.001754705415382435,5.909342372533225,4.012738853503185,1,2.3850234497802156,0.0015229800267948768,5.960274154410349,4.011893870082342,14,2.3994999827525674,0.0025000862370905663,5.994999827525782,4.0256410256410255,14,2.394454292354183,0.0020932507385596675,5.982995854777621,4.0256410256410255,14,2.399532148368744,0.002339258156167301,5.99532148368761,4.038709677419355,14,2.3994807939487317,0.0025960302561924744,5.99480793948754,4.0519480519480515,14,2.398847424160294,0.0029170149601976127,5.9927430379604365,4.078947368421052,14,2.399367125139775,0.0031643743008181483,5.99367125139821,4.1066666666666665,13,2.399343092769178,0.003284536153671929,5.993430927692438,4.151898734177215,13,2.3992850231019562,0.003574884489616827,5.9928502310204665,4.207792207792208,12,2.3993120060080826,0.004080857613019986,5.992158728600676,4.329113924050633,2.400168940867078,0.004796795531825104,5.993227158869956,6
3.575,2,45784,2198,2.347378632496075,0.2367237502183214,5.513360955912707,5.954254345837145,1.0,2.21203469903703,0.011150527786580282,2.21203469903703,0.0,0.022777558282492796,5.513360955912707,14,2.290594114452381,0.07803585456901838,5.609431504277423,4.401273885350318,14,2.380566302734547,0.1322003334584695,5.753115256648663,4.808917197452229,14,2.3403717842014844,0.1644710629943294,5.6042228660122175,5.229299363057325,1,2.347378632496075,0.2367237502183214,5.513360955912707,5.954254345837145,14,2.335068152134255,0.3278587912066602,5.3458821935256475,7.256410256410256,14,2.3087784764229786,0.3844911927257168,5.195209401968871,8.346153846153847,14,2.2487064162699992,0.48026827765010716,4.901363624199837,10.806451612903226,14,2.2034879434610946,0.5312627632272162,4.711825713811912,12.487012987012987,14,2.117627628667141,0.5702381811533916,4.438711799937765,15.348684210526315,14,2.0519864800146115,0.5668285563003569,4.279723365585992,17.3,13,1.968818483828086,0.540958895708704,4.110607866007158,19.696202531645568,13,1.918403513400305,0.5144219952221546,4.024375790667531,21.318181818181817,12,1.8621274601249604,0.48080661988830703,3.934108720479941,23.40506329113924,1.6915141373093348,0.35311746081719697,3.699109152047541,32
3.575,3,45801,2198,2.382301209721926,0.017211017182130833,5.929936498531621,4.1408966148215915,1.0,2.375924005913885,0.0065823441687277605,2.375924005913885,0.0,0.0006853806121723334,5.929936498531621,14,2.301955000865365,0.008492569002086392,5.742148648660284,4.038216560509555,14,2.398464632761503,0.010861549568080142,5.979869257551637,4.063694267515924,14,2.363020699809557,0.015071118640826447,5.884945071562652,4.10828025477707,1,2.382301209721926,0.017211017182130833,5.929936498531621,4.1408966148215915,14,2.3962375788873684,0.024140865100104963,5.954382649568263,4.217948717948718,14,2.3890691386878085,0.02773514870851292,5.931070123656753,4.3076923076923075,14,2.3919983800544387,0.034794959002019454,5.927803511633067,4.464516129032258,14,2.39005217949616,0.03823107637356706,5.91778383418005,4.577922077922078,14,2.385405550969843,0.046731467186698225,5.893416676644558,4.842105263157895,14,2.3822443600211187,0.05532222931595565,5.872627556078864,5.1,13,2.374170770121734,0.07044344905617606,5.829761751720069,5.6265822784810124,13,2.3667881036553537,0.08617437784181005,5.787708692375669,6.1103896103896105,12,2.357214720434134,0.11507256915004238,5.720427947360272,7.012658227848101,2.3470132231374863,0.21357817443379545,5.547165796193021,19
3.575,4,45818,2198,2.3834119918800956,0.009280131410070645,5.944609782585134,4.080512351326624,1.0,2.3815301164248064,0.006143672317920974,2.3815301164248064,0.0,6.936104645155935e-06,5.944609782585134,14,2.3013180581902195,0.0031847133757823974,5.7485180754118765,4.019108280254777,14,2.398825247810318,0.005873760948281322,5.988252478103373,4.044585987261146,14,2.3637538064977557,0.006934534239073325,5.898982714885778,4.057324840764331,1,2.3834119918800956,0.009280131410070645,5.944609782585134,4.080512351326624,14,2.3976859060595643,0.010755761979576964,5.978081122179544,4.108974358974359,14,2.39210711792066,0.011821502078665596,5.962535541683655,4.134615384615385,14,2.396619389761898,0.012984653061296265,5.972071494812801,4.180645161290323,14,2.396184617779487,0.013876498027224536,5.96964679740788,4.2272727272727275,14,2.394968542053539,0.015501828226992344,5.964168612793356,4.309210526315789,14,2.395025019641527,0.01707498977816416,5.96195006443657,4.3933333333333335,13,2.394146015975741,0.019634487161986035,5.955913309196372,4.575949367088608,13,2.393570568961173,0.021747135265141052,5.9513057195052195,4.7727272727272725,12,2.392750420958617,0.025500096421654392,5.943625907764059,5.215189873417722,2.3965070833736513,0.03252300475506331,5.942483201301533,11
3.575,5,45835,2198,2.3801806048725576,0.03322689860160136,5.900611164278993,4.262580054894785,1.0,2.364033037175034,0.006314285772395447,2.364033037175034,0.0,0.05842438156382623,5.900611164278993,14,2.299194915939661,0.013800424628390363,5.727286652906569,4.082802547770701,14,2.3950785400056622,0.021422586595490165,5.9555624701209195,4.146496815286624,14,2.3600570485348116,0.024793833613058164,5.862951870917442,4.197452229299363,1,2.3801806048725576,0.03322689860160136,5.900611164278993,4.262580054894785,14,2.391975812323709,0.051882347856037785,5.9021160090252165,4.467948717948718,14,2.3855450558100526,0.061179138752785,5.8720939313959555,4.602564102564102,14,2.3871366265117184,0.08775725642393992,5.836205681643387,4.941935483870968,14,2.3840383894691577,0.10897665940956425,5.796630984558547,5.220779220779221,14,2.376083463567602,0.1551810748168031,5.7074370466938,5.8618421052631575,14,2.3675775682972886,0.19167605717293282,5.631429834983823,6.426666666666667,13,2.3470772203059878,0.2550761091843107,5.4850788869885045,7.537974683544304,13,2.3227179109891636,0.30248007307721286,5.353074667857089,8.551948051948052,12,2.278964401471803,0.36723257635090006,5.146562139153156,10.379746835443038,1.5401328050804692,0.24901203925085547,3.4768139538248897,30
3.5775,0,45775,2198,2.3798607100968456,0.02969502702514972,5.905109234704391,4.247941445562671,1.0,2.3663680951391712,0.007207335429025029,2.3663680951391712,0.0,6.072869806397313e-05,5.905109234704391,14,2.3000441728398844,0.00955414012734718,5.735779221908691,4.057324840764331,14,2.396433599719735,0.01783200140097611,5.964335997197873,4.1210191082802545,14,2.360979992802063,0.020803602717222786,5.871244577929323,4.165605095541402,1,2.3798607100968456,0.02969502702514972,5.905109234704391,4.247941445562671,14,2.3929193764843073,0.036988691809234316,5.926815403496916,4.365384615384615,14,2.385570334801893,0.042786062396806025,5.899746743409527,4.4743589743589745,14,2.387792389307956,0.05288588598762289,5.890152144288455,4.709677419354839,14,2.386234365923509,0.05801903839668083,5.87855735721375,4.85064935064935,14,2.3825166755015466,0.06719693181701532,5.855496291028342,5.2105263157894735,14,2.380780172602371,0.0745518115986113,5.84012271410801,5.566666666666666,13,2.3772287554146834,0.08733513364538088,5.8120691880686355,6.170886075949367,13,2.373475422885476,0.09943648452420621,5.78453383042738,6.792207792207792,12,2.3660707932760685,0.12183944804299622,5.732417811125676,7.924050632911392,2.300788240301397,0.37580019476527493,5.1882703086055795,16
3.5775,1,45792,2198,2.3828471378345544,0.01240453975483083,5.938511034954142,4.105672461116194,1.0,2.3790676817373275,0.006105446259451772,2.3790676817373275,0.0,2.597670743973146e-05,5.938511034954142,14,2.3002564870649405,0.008492569002086385,5.737902364159223,4.050955414012739,14,2.397310952427442,0.01344523786251763,5.973109524274826,4.095541401273885,14,2.3624149816564177,0.013628658445614216,5.885594466472623,4.10828025477707,1,2.3828471378345544,0.01240453975483083,5.938511034954142,4.105672461116194,14,2.396457323528241,0.01771338235825912,5.964573235283213,4.185897435897436,14,2.3907388390853885,0.020670517081958096,5.945841322090536,4.2243589743589745,14,2.3949720281520994,0.025139859238573432,5.949720281522388,4.32258064516129,14,2.3943616795999616,0.028191601998992608,5.943616796001416,4.415584415584416,14,2.3928462693767174,0.03261103665419619,5.9331991184604975,4.605263157894737,14,2.3925248719075505,0.03543780838041832,5.928155467198247,4.793333333333333,13,2.3912341000103727,0.03987451461476817,5.918273478103779,5.1645569620253164,13,2.3898181454378604,0.04324733112490955,5.909674366907287,5.584415584415584,12,2.3882866813937205,0.04940082826650571,5.896615461084542,6.3734177215189876,2.390166380018378,0.05349408611264206,5.895174820876981,12
3.5775,2,45809,2198,2.3850234497802156,0.0015229800267948842,5.960274154410349,4.011893870082342,1.0,2.3877311641983776,0.006035837390398084,2.3877311641983776,0.0,0.0,5.960274154410349,14,2.301742686640331,0.0010615711252607953,5.7527643599129386,4.006369426751593,14,2.3997806618230735,0.0010966908846146279,5.997806618230761,4.006369426751593,14,2.3647897722625193,0.001754705415382435,5.909342372533225,4.012738853503185,1,2.3850234497802156,0.0015229800267948842,5.960274154410349,4.011893870082342,14,2.3996249870644255,0.0018750646778179247,5.996249870644336,4.019230769230769,14,2.394454292354183,0.0020932507385596675,5.982995854777621,4.0256410256410255,14,2.399532148368744,0.002339258156167267,5.99532148368761,4.038709677419355,14,2.3994807939487317,0.0025960302561924284,5.99480793948754,4.0519480519480515,14,2.398896345415194,0.0026724086857165276,5.993232250509408,4.072368421052632,14,2.399406679818539,0.0029666009070169665,5.994066798185822,4.1,13,2.399370463903796,0.0031476804806022654,5.993704639038586,4.1455696202531644,13,2.399396738242276,0.003016308788114198,5.993967382423519,4.175324675324675,12,2.3994972351597528,0.0029821651787453746,5.994269840131263,4.2405063291139244,2.400168940867077,0.004796795531823328,5.993227158869956,6
3.5775,3,45826,2198,2.3778806621670427,0.04442097045523099,5.87807019973476,4.359560841720037,1.0,2.354608366174948,0.005633810468407018,2.354608366174948,0.0,0.001581566068041236,5.87807019973476,14,2.2994072301646953,0.02123142250521597,5.7166709416539145,4.114649681528663,14,2.3956944108251785,0.0298800358382089,5.944415973305633,4.191082802547771,14,2.3601507221008307,0.034516548585289894,5.848601982374142,4.248407643312102,1,2.3778806621670427,0.04442097045523099,5.87807019973476,4.359560841720037,14,2.389966204513432,0.06367978174875837,5.879395838660441,4.602564102564102,14,2.383083595093996,0.0755585872160152,5.844371106910969,4.7756410256410255,14,2.383683784860312,0.09869238260086602,5.811170888249481,5.15483870967742,14,2.379862285210934,0.11244637689418435,5.7809861476860585,5.441558441558442,14,2.37099924501573,0.14169895823744802,5.71494967518315,6.092105263157895,14,2.3640588944883296,0.16824982573611671,5.657772497616647,6.706666666666667,13,2.3488767645399635,0.22026678820613185,5.5417917290407095,7.8924050632911396,13,2.331370469107031,0.2672161141683285,5.427602001515086,9.051948051948052,12,2.2974782358435837,0.34787430439351574,5.221884133018684,11.30379746835443,1.5933767465474824,0.2881269493428036,3.5512514423545003,32
3.5775,4,45843,2198,2.3794226324151166,0.029596068891949934,5.904162477699868,4.251143641354071,1.0,2.366021593398098,0.0072610038635851585,2.366021593398098,0.0,0.07219893659900782,5.904162477699868,14,2.30025648706494,0.008492569002086397,5.737902364159222,4.050955414012739,14,2.3975092187487586,0.012453906255969033,5.975092187487943,4.082802547770701,14,2.3620471830888445,0.015467651283444937,5.881916480796943,4.1210191082802545,1,2.3794226324151166,0.029596068891949934,5.904162477699868,4.251143641354071,14,2.390879572516956,0.04478742969170887,5.910017786754827,4.423076923076923,14,2.3838771955947733,0.05423078080653905,5.8783468177771265,4.532051282051282,14,2.383113948729752,0.08334719947508529,5.832764072611751,4.877419354838709,14,2.3780780087338718,0.10716769844334714,5.784443474169658,5.181818181818182,14,2.365698018260457,0.15298350707835895,5.684769785033602,5.855263157894737,14,2.354488188041267,0.19539873668546826,5.593122365074964,6.506666666666667,13,2.3359427645748494,0.2655243487399119,5.441570388327255,7.5,13,2.3207120472828993,0.31994236929044345,5.321866564271582,8.37012987012987,12,2.2907970569788225,0.39636561662782366,5.13244421750532,9.949367088607595,1.5481031441636475,0.2456831595413691,3.5017331210970646,28
3.5775,5,45860,2198,2.376173039216515,0.044183962040733556,5.8741566549801885,4.374656907593779,1.0,2.353884526263613,0.007036440452561762,2.353884526263613,0.0,0.006814048964407958,5.8741566549801885,14,2.2994592710347486,0.012478649152989225,5.729930203857389,4.057324840764331,14,2.395655380172687,0.021723099136160277,5.956553801727478,4.140127388535032,14,2.3593863908906587,0.028771612274077568,5.855308558815532,4.222929936305732,1,2.376173039216515,0.044183962040733556,5.8741566549801885,4.374656907593779,14,2.386929258789154,0.06165575997465826,5.874839507010897,4.589743589743589,14,2.3785587248453086,0.07578375928785341,5.832721173181493,4.788461538461538,14,2.37600026111505,0.10033870561501426,5.789492594365104,5.187096774193549,14,2.3688642610880706,0.11857737260373705,5.744294593814571,5.525974025974026,14,2.3548964218006594,0.15346273015488335,5.657046959269322,6.217105263157895,14,2.3448444036774805,0.1875948304493367,5.580718763519695,6.88,13,2.332310218820771,0.25065250569830283,5.454796788504471,8.044303797468354,13,2.3238756691922364,0.30651777021191784,5.349912517662714,9.058441558441558,12,2.298052559680287,0.3986082055413752,5.147219090888654,11.208860759493671,1.8865139329867606,0.42187460731674875,4.083472921491778,28
3.578501,0,45785,2198,2.3846371502389863,0.0034544777328888066,5.956411158998135,4.029734675205855,1.0,2.38617291238834,0.006014081315144702,2.38617291238834,0.0,2.223897067026424e-06,5.956411158998135,14,2.301955000865387,0.0,5.754887502163469,4.0,14,2.4000000000000004,0.0,6.0,4.0,14,2.364965242804061,0.0008773527076916615,5.911097077948615,4.006369426751593,1,2.3846371502389863,0.0034544777328888066,5.956411158998135,4.029734675205855,14,2.3994122212683315,0.0029388936582521044,5.99412221268345,4.032051282051282,14,2.3940628504936097,0.004050460041353337,5.979081436171996,4.051282051282051,14,2.3990049680359666,0.004975159819925475,5.990049680360028,4.083870967741936,14,2.398978234188041,0.005108829059493818,5.989782341880862,4.103896103896104,14,2.3982282027924393,0.006013121799224618,5.986550824282259,4.1644736842105265,14,2.3986255481334147,0.006872259332255582,5.986255481335152,4.233333333333333,13,2.3983646364458857,0.008176817769476668,5.9836463644604985,4.379746835443038,13,2.398307300254369,0.008463498726732462,5.983073002545824,4.4935064935064934,12,2.3984408528722363,0.009163168880970416,5.9823573788591355,4.7405063291139244,2.400152184473627,0.011537926453555336,5.983073571503734,9
3.578501,1,45802,2198,2.3739873105391385,0.05473309420544337,5.852868635039681,4.469807868252516,1.0,2.3447535451384547,0.006010151870971192,2.3447535451384547,0.0,0.12805871506058475,5.852868635039681,14,2.299407230164717,0.012738853503129578,5.7294097951571,4.076433121019108,14,2.394501699838615,0.027491500806375548,5.945016998386973,4.191082802547771,14,2.3580307085648147,0.039059434733821556,5.836487619311305,4.305732484076433,1,2.3739873105391385,0.05473309420544337,5.852868635039681,4.469807868252516,14,2.3836402417124836,0.07740566486085478,5.842992106989927,4.75,14,2.3750192850646497,0.09944871432100442,5.788375141180119,5.038461538461538,14,2.369682691532778,0.13761649384430408,5.7177819880654885,5.619354838709677,14,2.3611315029382123,0.1679789980798843,5.650860260225703,6.103896103896104,14,2.3424026329987875,0.22602522992757612,5.516968737605604,7.072368421052632,14,2.325080222686566,0.27079875208036724,5.4065024285958625,7.96,13,2.2946456302661598,0.3361214330373899,5.232431926109313,9.455696202531646,13,2.263345289733257,0.38603323924325805,5.079313365468256,10.974025974025974,12,2.204760214191372,0.4456119884181284,4.843482552851238,13.639240506329115,1.5509863103977712,0.28086414272925353,3.4561695619005475,28
3.578501,2,45819,2198,2.3750621517274837,0.05739234328902203,5.851566864385178,4.482616651418115,1.0,2.34456772841504,0.006568304434948177,2.34456772841504,0.0,0.001437781602667556,5.851566864385178,14,2.2968834045265982,0.02535798169353871,5.704171538776189,4.10828025477707,14,2.3931044964133146,0.03447751793280409,5.931044964134079,4.210191082802548,14,2.357014090731536,0.037460851928540734,5.836343948936029,4.292993630573249,1,2.3750621517274837,0.05739234328902203,5.851566864385178,4.482616651418115,14,2.3844800640501194,0.08138777755392487,5.839118493794411,4.794871794871795,14,2.3748240731466703,0.09710848182788419,5.791397460124851,5.019230769230769,14,2.369046670200484,0.13951185322245,5.713348895667536,5.683870967741935,14,2.3590243606820134,0.170900043125051,5.641210837017457,6.298701298701299,14,2.3426777345753846,0.232198884734279,5.508396009337041,7.434210526315789,14,2.327575806166009,0.2875320127995096,5.387641496215759,8.526666666666667,13,2.2843774081653176,0.36252062979437827,5.167162575721726,10.49367088607595,13,2.2318825267906477,0.4072436879610576,4.968840785035033,12.428571428571429,12,2.1398456921449593,0.4538259159748789,4.66887535640008,15.746835443037975,1.6293711266807576,0.26548956824371217,3.675193464336325,32
3.578501,3,45836,2198,2.3847541510082593,0.0028694738865403394,5.957581166690841,4.023787740164685,1.0,2.386659911907712,0.006045742052293783,2.386659911907712,0.0,7.733434079005672e-07,5.957581166690841,14,2.3015303724152756,0.0021231422505215963,5.750641217662407,4.012738853503185,14,2.3994621904854885,0.002689047572503513,5.994621904854965,4.019108280254777,14,2.3646623837274845,0.00239164809053708,5.908068487182906,4.019108280254777,1,2.3847541510082593,0.0028694738865403394,5.957581166690841,4.023787740164685,14,2.399162212644615,0.004188936776797376,5.991622126446341,4.044871794871795,14,2.3941649636457347,0.0035398942807469977,5.980102567693218,4.044871794871795,14,2.3991562569371303,0.004218715314145562,5.991562569371606,4.070967741935484,14,2.3990375861809237,0.004812069095100107,5.990375861809659,4.097402597402597,14,2.398274316852909,0.005470799274546196,5.987479593220452,4.151315789473684,14,2.3986718832824008,0.00591575527995199,5.9878060752860724,4.206666666666667,13,2.3985022941445093,0.006233383268172092,5.986905660459015,4.30379746835443,13,2.3983546700226195,0.006767008210201306,5.985736162741247,4.415584415584416,12,2.3983681565347585,0.007729952510110323,5.98432546257173,4.658227848101266,2.400067175709876,0.009140424277720882,5.986457302858108,8
3.578501,4,45853,2198,2.3663781977487246,0.09474924018200905,5.773821634098799,4.788197621225984,1.0,2.3160355781141906,0.010844874124452389,2.3160355781141906,0.0,0.00039637819278785455,5.773821634098799,14,2.2954773416287195,0.03238829618280406,5.690110909797594,4.159235668789809,14,2.3881619645633525,0.05919017718213346,5.881619645635182,4.382165605095541,14,2.351783689454236,0.0667851194553091,5.779281544452627,4.528662420382165,1,2.3663781977487246,0.09474924018200905,5.773821634098799,4.788197621225984,14,2.3748686181219085,0.12565690938714613,5.748686181224052,5.147435897435898,14,2.3658810258058462,0.14495958347634266,5.697263189300102,5.378205128205129,14,2.3629595872585067,0.18455690241187506,5.630563614528453,5.832258064516129,14,2.358220674496477,0.2077737609165782,5.5838910448663235,6.136363636363637,14,2.3515023897902614,0.23784181530735324,5.5219932515146235,6.559210526315789,14,2.348162820148983,0.2561795859212396,5.486137671490598,6.84,13,2.3423483582096987,0.2837624008808725,5.430227294202937,7.322784810126582,13,2.3379551301653683,0.3045839343948067,5.38801192382121,7.62987012987013,12,2.330984353366126,0.33799896846774913,5.3204624307136905,8.10126582278481,2.207103838465705,0.5004047615604126,4.767152453823643,12
3.578501,5,45870,2198,2.344997729907144,0.2404684472184998,5.50179165394011,6.000457456541628,1.0,2.207309773986724,0.010988520684466369,2.207309773986724,0.0,0.009357354647951123,5.50179165394011,14,2.2908345244848722,0.0938189424105105,5.586357897596416,4.496815286624204,14,2.3745481518555738,0.15429817382630534,5.704923118899475,5.0,14,2.335615307292638,0.19022653673752665,5.553698463125305,5.445859872611465,1,2.344997729907144,0.2404684472184998,5.50179165394011,6.000457456541628,14,2.328804774331261,0.34060557610173997,5.311103571675544,7.423076923076923,14,2.2979067343934103,0.40555552421750113,5.136433549657274,8.653846153846153,14,2.240847373573778,0.5040944421320173,4.845976770736421,11.083870967741936,14,2.187089516477784,0.5467363349624419,4.647619288750796,12.915584415584416,14,2.0830387927581175,0.5731212792883844,4.347915062962716,16.05921052631579,14,2.0021989438830587,0.5560786725342348,4.171379350906294,18.286666666666665,13,1.8916185634738252,0.5003562667365818,3.9785120085796892,21.272151898734176,13,1.8184285406518894,0.45157755539885763,3.8687050185314367,23.40909090909091,12,1.7479433074409167,0.3993612346879094,3.7708164165704283,25.70253164556962,1.6073358419143668,0.2909500617701317,3.5819145121307194,32
3.58,0,45800,2198,2.3766072299014276,0.04474875269062494,5.874394945717633,4.372369624885636,1.0,2.3543625271778295,0.007674248151294863,2.3543625271778295,0.0,0.00037246199577503685,5.874394945717633,14,2.2997517219373167,0.011016394640168202,5.73285471288304,4.057324840764331,14,2.395994923365882,0.020025383170205358,5.959949233659397,4.13375796178344,14,2.3593383088841517,0.029012022306613698,5.854827738750458,4.222929936305732,1,2.3766072299014276,0.04474875269062494,5.874394945717633,4.372369624885636,14,2.387408660084527,0.06229241803559674,5.87508302315792,4.564102564102564,14,2.3817561475593627,0.06568400504023192,5.855864361338062,4.621794871794871,14,2.384320091332882,0.0768512179512819,5.8455234014052815,4.806451612903226,14,2.382663440902574,0.08445778085485947,5.829971930974145,4.98051948051948,14,2.379628462747843,0.09360991204129995,5.808656288807657,5.256578947368421,14,2.378603251181485,0.0981049483238118,5.799350705467994,5.42,13,2.375993900311021,0.10447735607937908,5.783268716658485,5.60126582278481,13,2.373057162596758,0.11206439036141645,5.764546320949771,5.798701298701299,12,2.3674860666722846,0.12609126780786992,5.729578264968906,6.234177215189874,2.2754367219872154,0.48307121411244136,4.963984983799376,12
3.58,1,45817,2198,2.383624592684032,0.008517265507541588,5.946285583448769,4.070905763952425,1.0,2.382203790792996,0.0061492623558140344,2.382203790792996,0.0,5.236259577839004e-05,5.946285583448769,14,2.301742686640331,0.001061571125260801,5.7527643599129386,4.006369426751593,14,2.3991226472922937,0.004386763538458489,5.991226472923047,4.025477707006369,14,2.36388119503279,0.006297591563918685,5.900256600236097,4.050955414012739,1,2.383624592684032,0.008517265507541588,5.946285583448769,4.070905763952425,14,2.3973335432884144,0.01333228355759478,5.973335432884644,4.115384615384615,14,2.3917113369473455,0.015808027772380127,5.955566300709795,4.153846153846154,14,2.3958574530718555,0.020712734640107238,5.958574530719478,4.212903225806452,14,2.3952378157244256,0.0238109213771249,5.952378157245376,4.259740259740259,14,2.3935680192206594,0.029314039657496144,5.939948988565402,4.381578947368421,14,2.393338966739797,0.03330516629955689,5.933389667400156,4.506666666666667,13,2.3923675915511664,0.03816204224206964,5.923675915514811,4.727848101265823,13,2.39146012676439,0.042699366175224684,5.914601267648137,4.98051948051948,12,2.3899379186428056,0.05023562737665713,5.899491355542028,5.531645569620253,2.388195197636759,0.05695942272924448,5.885048859998031,13
3.58,2,45834,2198,2.3784256686554843,0.03401786425418097,5.8950373752574405,4.286367795059469,1.0,2.362502997198115,0.007480078491898125,2.362502997198115,0.0,0.0007747899751766536,5.8950373752574405,14,2.299327093487205,0.013139536890689805,5.728608428381979,4.070063694267516,14,2.394699966159932,0.026500169199827017,5.946999661600089,4.178343949044586,14,2.3586052021959616,0.032677555747454574,5.847496671868722,4.261146496815287,1,2.3784256686554843,0.03401786425418097,5.8950373752574405,4.286367795059469,14,2.39098607297252,0.04426076225679933,5.9110740390461,4.42948717948718,14,2.383737098975223,0.05619901731330105,5.875044221468109,4.608974358974359,14,2.3865510900172513,0.06899293348756406,5.862888324811781,4.851612903225806,14,2.3850975207898744,0.07652073046144174,5.847962706282523,5.012987012987013,14,2.3809167511635865,0.09004446376385662,5.81722518226318,5.296052631578948,14,2.375987518452903,0.09935437217880115,5.790937237864055,5.586666666666667,13,2.365596886410209,0.11832451818731332,5.736505438744551,6.208860759493671,13,2.3546660902150047,0.13532750021995932,5.683673975207572,6.779220779220779,12,2.334190502798697,0.1723467968755778,5.576956061683375,7.955696202531645,2.252912392318005,0.40117726125469044,5.030515088912977,19
3.58,3,45851,2198,2.377986172675168,0.040552530098064817,5.884136636540823,4.335773101555352,1.0,2.358097815335041,0.007405267864520682,2.358097815335041,0.0,0.009717646973204378,5.884136636540823,14,2.2989826017146053,0.014861995753651169,5.725163510656038,4.089171974522293,14,2.3952588475300534,0.023705762349257403,5.952588475301247,4.165605095541402,14,2.360328683089357,0.026945071671058234,5.860404100216805,4.210191082802548,1,2.377986172675168,0.040552530098064817,5.884136636540823,4.335773101555352,14,2.387243259056262,0.06494717461692918,5.870687385715261,4.615384615384615,14,2.3792216032313207,0.08102779641451174,5.8265123134565355,4.82051282051282,14,2.3738231356530632,0.11968238717596139,5.755034258368716,5.341935483870968,14,2.3652507218599292,0.1502428910398548,5.687762468090042,5.7727272727272725,14,2.345302316256216,0.2069963958928198,5.552761196801309,6.703947368421052,14,2.3252647334813528,0.2538669824616861,5.432361360010852,7.6066666666666665,13,2.282728552578797,0.32694461309641276,5.216404461802373,9.417721518987342,13,2.2369182930583595,0.38767221004394037,5.010787417579989,11.24025974025974,12,2.1458662224657234,0.46821965047568087,4.662336080450786,14.575949367088608,1.5564885428400188,0.20214587036922893,3.5880025515462037,32
3.58,4,45868,2198,2.3777976587526912,0.037157913768068776,5.888757276229625,4.313815187557182,1.0,2.359487137358635,0.006640378111308188,2.359487137358635,0.0,0.005035203780693217,5.888757276229625,14,2.2989024650370933,0.015262679141211401,5.724362143880917,4.082802547770701,14,2.396331353500371,0.02032589571087551,5.960339540184614,4.127388535031847,14,2.3609943598395877,0.02231789810007279,5.8690090524488605,4.165605095541402,1,2.3777976587526912,0.037157913768068776,5.888757276229625,4.313815187557182,14,2.388203164257908,0.05040020471125667,5.894907603577885,4.512820512820513,14,2.381101319777557,0.05730027384397856,5.866802888677926,4.615384615384615,14,2.3796558317560863,0.07870078748420363,5.831088398163909,4.987096774193549,14,2.3755703474375363,0.09457028390837934,5.79707044273127,5.266233766233766,14,2.3669275691944405,0.1226398027001118,5.733359218935933,5.848684210526316,14,2.35993834772112,0.14887570713778717,5.6765323085961175,6.42,13,2.34455046305162,0.19766113775874608,5.564884450990931,7.481012658227848,13,2.3276883584275376,0.24424520738399197,5.452853084992857,8.584415584415584,12,2.295806236847922,0.3170984032780176,5.263867987202777,10.708860759493671,1.781104434522149,0.42524996640571366,3.8148861366968014,30
3.58,5,45885,2198,2.378552142547744,0.042152362625074304,5.883151812431749,4.340347666971637,1.0,2.35752017793867,0.007099088276617809,2.35752017793867,0.0,0.015681135689910686,5.883151812431749,14,2.2998318586148065,0.01910828025469438,5.7209172261549766,4.101910828025478,14,2.3962501791366053,0.02710119428116732,5.949973656419762,4.159235668789809,14,2.361590691849102,0.03053876992427507,5.858168574736342,4.2165605095541405,1,2.378552142547744,0.042152362625074304,5.883151812431749,4.340347666971637,14,2.389305624875875,0.06551803094542383,5.874987015771551,4.615384615384615,14,2.382648882822243,0.08104768641526003,5.83505067743272,4.782051282051282,14,2.3800822667242514,0.1201669148481358,5.769955294538424,5.290322580645161,14,2.3738152901964424,0.15200505489259383,5.706530643152215,5.7272727272727275,14,2.359572017564659,0.208801055068063,5.58572846130955,6.565789473684211,14,2.3476429395428964,0.2522972959023689,5.490661405003687,7.34,13,2.3228863783631035,0.32667528155071335,5.317203023581688,8.791139240506329,13,2.298771963755641,0.3905666174335964,5.161079983238709,10.175324675324676,12,2.2502670101403397,0.48901500893707683,4.892145011945233,12.727848101265822,1.5847721644332706,0.2881750674022987,3.529667809979728,28
3.5825,0,45825,2198,2.354454983308344,0.18014585638210517,5.615918673697704,5.478956999085087,1.0,2.2528618569414585,0.010823979103962073,2.2528618569414585,0.0,0.025468332981384095,5.615918673697704,14,2.294231552085755,0.08108008890738092,5.613958746853316,4.414012738853503,14,2.3818222292879474,0.13108807728032218,5.757923457299386,4.821656050955414,14,2.342075917163425,0.15816101919559564,5.61794826411517,5.171974522292993,1,2.354454983308344,0.18014585638210517,5.615918673697704,5.478956999085087,14,2.346339832106406,0.2539113607011593,5.4849825392142755,6.544871794871795,14,2.3229004034130836,0.3156530132333889,5.3337714886826255,7.512820512820513,14,2.280440355570847,0.4111829791862831,5.084326420147693,9.496774193548386,14,2.239194378535285,0.4692083262963233,4.894173456893726,11.077922077922079,14,2.1579575601535472,0.5438956129570568,4.5790504809482835,13.993421052631579,14,2.084584835653552,0.5694710628837346,4.357255494808278,16.28,13,1.9601728329032753,0.5363542971146787,4.09590063658617,19.354430379746834,13,1.88684094164201,0.4993184246204753,3.968124717174313,21.24025974025974,12,1.8013283284724024,0.44713175324461363,3.832623191314085,23.81645569620253,1.5981976968664646,0.2913382845114345,3.5584868153990095,31
3.5825,1,45842,2198,2.3850234497802156,0.0015229800267948866,5.960274154410349,4.011893870082342,1.0,2.3877311641983776,0.006035837390398084,2.3877311641983776,0.0,0.0,5.960274154410349,14,2.301955000865387,0.0,5.754887502163469,4.0,14,2.4000000000000004,0.0,6.0,4.0,14,2.3651407133456033,8.881784197001252e-16,5.912851783364006,4.0,1,2.3850234497802156,0.0015229800267948866,5.960274154410349,4.011893870082342,14,2.3997499913762836,0.0012500431185452831,5.997499913762891,4.012820512820513,14,2.39466871619766,0.0010211315212127138,5.985140093212332,4.012820512820513,14,2.399688098912496,0.001559505437444833,5.996880989125073,4.025806451612903,14,2.399610595461549,0.001947022692144321,5.996105954615655,4.038961038961039,14,2.398945266670094,0.002427802411235513,5.993721463058379,4.065789473684211,14,2.3994462344973035,0.002768827513215797,5.994462344973434,4.093333333333334,13,2.399343092769178,0.0032845361536717943,5.993430927692438,4.151898734177215,13,2.3992850231019567,0.003574884489616735,5.9928502310204665,4.207792207792208,12,2.3993120060080826,0.004080857613019986,5.9921587286006766,4.329113924050633,2.400170732479873,0.004797393316463783,5.993230741224986,6
3.5825,2,45859,2198,2.3786040009797382,0.05581816548621925,5.862782754220017,4.418572735590119,1.0,2.3494087728955275,0.007159452012534952,2.3494087728955275,0.0,0.0018445832269004343,5.862782754220017,14,2.2994592710347157,0.025217502656118825,5.710821923602611,4.114649681528663,14,2.3950332832356933,0.03516833699867788,5.934830702591216,4.210191082802548,14,2.3597685564957156,0.039936787441516915,5.839516210077015,4.286624203821656,1,2.3786040009797382,0.05581816548621925,5.862782754220017,4.418572735590119,14,2.391169503211813,0.08110553219615835,5.856265459735295,4.6923076923076925,14,2.3832946278585476,0.0991467085285658,5.809516506853522,4.903846153846154,14,2.383658531471725,0.14194049011759927,5.746235593502913,5.425806451612903,14,2.3787311213557842,0.1749603008545036,5.684387352107706,5.8896103896103895,14,2.3686780869590933,0.2405590548643402,5.5608566351012225,6.769736842105263,14,2.357678604769062,0.2955517635567264,5.450868866587565,7.626666666666667,13,2.329479897373522,0.38233678956686,5.250194559083513,9.386075949367088,13,2.2966190014695425,0.4452269789907559,5.073707035187723,11.12987012987013,12,2.216878862902737,0.4954806194495811,4.798976228082472,14.354430379746836,1.5475933181227666,0.22915442688254917,3.5252516549830926,32
3.5825,3,45876,2198,2.3777685909210575,0.03758476464414857,5.888044330336422,4.315645013723696,1.0,2.3596639000088886,0.00741027979053252,2.3596639000088886,0.0,0.0005344807621251168,5.888044330336422,14,2.299194915939661,0.01380042462839038,5.727286652906568,4.082802547770701,14,2.3953369088351018,0.02331545582404918,5.953369088351681,4.1528662420382165,14,2.3596099434387026,0.02957712979413055,5.85465916390556,4.229299363057325,1,2.3777685909210575,0.03758476464414857,5.888044330336422,4.315645013723696,14,2.389112254863507,0.054422166995752495,5.891147386665139,4.519230769230769,14,2.3811635729717735,0.06875810208501258,5.849771779301916,4.711538461538462,14,2.380769299650595,0.0972028241413622,5.8061190129144435,5.103225806451613,14,2.376804562298893,0.11965542901843836,5.762528262219574,5.435064935064935,14,2.3685442064158186,0.16506670834927692,5.67376045351563,6.131578947368421,14,2.3627725298402487,0.2035385201244381,5.601623544413963,6.713333333333333,13,2.344945347163339,0.2646702270822314,5.465358027285,7.917721518987341,13,2.3294759051874894,0.3090628264615579,5.360095523276385,8.902597402597403,12,2.312391132769961,0.3852606694306518,5.203086827778924,10.531645569620252,1.9278601336362338,0.4514191416453661,4.142521621622535,28
3.5825,4,45893,2198,2.3716161483436267,0.0756614146885628,5.815548248826222,4.6212259835315646,1.0,2.329758509149896,0.005898682699012589,2.329758509149896,0.0,0.03271539133680851,5.815548248826222,14,2.296326598528932,0.032388296182804054,5.692234052048125,4.1528662420382165,14,2.391130452820961,0.04753244927010893,5.90652745814724,4.2993630573248405,14,2.354526278627906,0.05754322454816344,5.800000859747519,4.426751592356688,1,2.3716161483436267,0.0756614146885628,5.815548248826222,4.6212259835315646,14,2.3780108263322752,0.10374656345026989,5.789407220655284,5.038461538461538,14,2.3672969948561287,0.12703231944074822,5.727694007979201,5.365384615384615,14,2.360182847415639,0.16800883361152952,5.648443868121803,6.077419354838709,14,2.3509890409269842,0.19506259853871416,5.584878704509389,6.603896103896104,14,2.3338551335558617,0.23787701804955388,5.477822306815324,7.5855263157894735,14,2.318307470304497,0.2693766779594473,5.391703658822072,8.526666666666667,13,2.282606614297632,0.31340407835293504,5.236410418214676,10.189873417721518,13,2.244832488929816,0.3447747666337926,5.094919072373852,11.922077922077921,12,2.1829164618409096,0.3928740195556769,4.867980125268758,15.00632911392405,1.5961191485600315,0.29112840897445835,3.5536052579383908,32
3.5825,5,45910,2198,2.3817145022426183,0.01806771771438637,5.927184679034967,4.1486733760292775,1.0,2.3750781773200886,0.007007176176836126,2.3750781773200886,0.0,0.0005663424700349456,5.927184679034967,14,2.300256487064941,0.008492569002086397,5.737902364159222,4.050955414012739,14,2.3969714092342467,0.015142953828472585,5.969714092342908,4.101910828025478,14,2.3622082865928586,0.014662133763391956,5.883527515837058,4.114649681528663,1,2.3817145022426183,0.01806771771438637,5.927184679034967,4.1486733760292775,14,2.395421100907813,0.022894495460252677,5.954211009079153,4.237179487179487,14,2.390009315862241,0.02431813319754789,5.938546089859283,4.2756410256410255,14,2.394019023371987,0.029904883138871362,5.940190233721661,4.412903225806452,14,2.393303653966242,0.033481730167310625,5.933036539664639,4.512987012987013,14,2.39099356621295,0.04037719233643028,5.916918127027727,4.717105263157895,14,2.390294617730284,0.04402468591531909,5.909699515452732,4.8533333333333335,13,2.387887706722005,0.05072255224898731,5.893635438431531,5.075949367088608,13,2.385416313795344,0.05801186380568602,5.876522988779832,5.311688311688312,12,2.3801421874993256,0.07319927181226488,5.840556561029915,5.7974683544303796,2.3289798752757647,0.2985932794546633,5.3745597690074165,16
3.582612,0,45826,2198,2.37655415142675,0.05099489318064245,5.864893038795912,4.416285452881977,1.0,2.3494893104567973,0.005886824897387595,2.3494893104567973,0.0,0.012928110175446955,5.864893038795912,14,2.2997517219373056,0.015262679141211401,5.726485286131449,4.076433121019108,14,2.3964304866610298,0.019830229907601266,5.961330871791172,4.1210191082802545,14,2.3602300286293803,0.028062834411289705,5.858480819956516,4.203821656050955,1,2.37655415142675,0.05099489318064245,5.864893038795912,4.416285452881977,14,2.3872359432521475,0.07505978459837401,5.8555001812328085,4.67948717948718,14,2.378557552685992,0.08745214191138577,5.815215668847903,4.891025641025641,14,2.374207820013309,0.11946803820756025,5.756317492721933,5.419354838709677,14,2.368105271212792,0.14315068571185285,5.7055371494642015,5.7727272727272725,14,2.3532631014678382,0.18862146229801938,5.600225560222565,6.605263157894737,14,2.338447829807451,0.22821713082942036,5.503793878274496,7.473333333333334,13,2.308999407176124,0.29851499685395816,5.324726022659372,9.126582278481013,13,2.2802930344784076,0.36069240723116647,5.159693975349268,10.590909090909092,12,2.2239209770211423,0.45161549365434756,4.882379202071333,13.208860759493671,1.7617210579690816,0.4831162202657673,3.679628314524053,28
3.582612,1,45843,2198,2.3765943069093636,0.050921748783823065,5.8651031440976755,4.412168344007319,1.0,2.3503458410024507,0.007174305605634834,2.3503458410024507,0.0,0.0074827882156933674,5.8651031440976755,14,2.298345659039438,0.018046709129433566,5.718794083904445,4.10828025477707,14,2.394459556127396,0.0277022193625077,5.944595561274728,4.178343949044586,14,2.358826264297051,0.03157224524204363,5.849707292879562,4.248407643312102,1,2.3765943069093636,0.050921748783823065,5.8651031440976755,4.412168344007319,14,2.385632683034171,0.07757228802640603,5.847723275545818,4.7243589743589745,14,2.377344524493386,0.09517657611949505,5.800596447054224,4.891025641025641,14,2.3734837453087447,0.14571886768228007,5.7151310617484405,5.464516129032258,14,2.367242747420854,0.18753407980442247,5.6368057488455,5.941558441558442,14,2.352790885248706,0.26432781153165413,5.485485495824284,6.9144736842105265,14,2.3350015704748217,0.32557111480881173,5.349147253973836,7.886666666666667,13,2.291641648154089,0.4160525306499469,5.105025324410302,9.734177215189874,13,2.248323441747994,0.4824296297113107,4.897164159803017,11.2987012987013,12,2.1778539068004523,0.565015768516564,4.5971111142262835,14.094936708860759,1.6827594360473677,0.3370552797753765,3.7013156704553545,28
3.582612,2,45860,2198,2.3792570615698745,0.03659093522698698,5.893256251084207,4.288655077767612,1.0,2.3613965954555276,0.006823491703075326,2.3613965954555276,0.0,0.36534386138815644,5.893256251084207,14,2.2987421916820687,0.016064045916331853,5.722759410330676,4.070063694267516,14,2.3960128821627884,0.021918252398768996,5.957154826808817,4.127388535031847,14,2.3618990666582858,0.025774825798235243,5.866085427948361,4.165605095541402,1,2.3792570615698745,0.03659093522698698,5.893256251084207,4.288655077767612,14,2.390697905639354,0.056973271310419696,5.891284857132756,4.506410256410256,14,2.384499836811325,0.06732622955972542,5.8602602476887276,4.621794871794871,14,2.382509059461152,0.0946669727015003,5.814272189600631,5.0,14,2.375705936507375,0.11571659053190463,5.765689955470579,5.3441558441558445,14,2.3634446752293763,0.1539686439269853,5.6776587221829615,6.032894736842105,14,2.3543966015578452,0.1913540458146236,5.598960435172678,6.726666666666667,13,2.340785863110571,0.263922920111139,5.45608027760972,8.0,13,2.327829601957718,0.32412225357616964,5.33339062453004,9.168831168831169,12,2.2965389522074635,0.42737998275657946,5.100277406383792,11.455696202531646,1.6223743653203015,0.40290332690071917,3.451580922949675,32
3.582612,3,45877,2198,2.377290498055615,0.04018773864885621,5.882944637165755,4.338517840805124,1.0,2.3572343819380275,0.006760878452876547,2.3572343819380275,0.0,0.0032186321268743235,5.882944637165755,14,2.299194915939661,0.01380042462839038,5.727286652906569,4.082802547770701,14,2.396412527864126,0.017937360679042166,5.964125278641751,4.114649681528663,14,2.3609150533110688,0.02112830017221267,5.870595183019353,4.159235668789809,1,2.377290498055615,0.04018773864885621,5.882944637165755,4.338517840805124,14,2.3883449244127632,0.05827537793463072,5.883449244129961,4.538461538461538,14,2.3810994927064133,0.06910548854181815,5.8490904989533075,4.666666666666667,14,2.379112622699446,0.09371868423958477,5.807203530389238,5.038709677419355,14,2.3737727195062557,0.11396314646903923,5.763487079062079,5.363636363636363,14,2.362758322851044,0.15252552167205904,5.67810752461952,6.032894736842105,14,2.350782600637173,0.1830954093776639,5.602313387526436,6.693333333333333,13,2.3285807279323603,0.2261960530747298,5.482157740218806,7.632911392405063,13,2.3074470024360347,0.2502163119633403,5.393293038145075,8.5,12,2.271819025507442,0.28534576128139466,5.251528921846513,10.183544303797468,1.615651163618558,0.2482170777636723,3.6668022924008863,32
3.582612,4,45894,2198,2.376569379606529,0.04295705107522115,5.876987872403493,4.364135407136322,1.0,2.3553024517995755,0.007512171396964842,2.3553024517995755,0.0,0.016505421348629944,5.876987872403493,14,2.297921030589326,0.020169851379955167,5.714547799403384,4.1210191082802545,14,2.3934260808095913,0.03286959595138263,5.934260808096904,4.229299363057325,14,2.3577109920037596,0.037148606708353044,5.83855456994687,4.2993630573248405,1,2.376569379606529,0.04295705107522115,5.876987872403493,4.364135407136322,14,2.386448019093377,0.06312772350550791,5.87142846247518,4.634615384615385,14,2.377218173490594,0.08129958868468955,5.8210960506994525,4.846153846153846,14,2.3737663639760087,0.11875190097730468,5.756288058474065,5.348387096774194,14,2.3665109644789353,0.14970005486301954,5.691727328902808,5.792207792207792,14,2.3502235931235442,0.2081815490019069,5.563286659305999,6.651315789473684,14,2.3357459751219625,0.2591763326307626,5.450600438858761,7.46,13,2.300801879093631,0.3535298283050628,5.221709955276484,9.177215189873417,13,2.2641704098292843,0.4248417040300278,5.023163468528169,10.64935064935065,12,2.1904965726372136,0.4970449957530331,4.730673937963485,13.145569620253164,1.7148936333956186,0.38409681237523685,3.7110888649261913,28
3.582612,5,45911,2198,2.377211875607586,0.0403683412114372,5.88247717720181,4.340347666971637,1.0,2.3574866361905515,0.007492942183046592,2.3574866361905515,0.0,0.003696311868443786,5.88247717720181,14,2.299194915939661,0.013800424628390368,5.727286652906569,4.082802547770701,14,2.3948201711762,0.025899144118486674,5.94820171176277,4.178343949044586,14,2.358828754744005,0.03348307326750757,5.8468472769587505,4.267515923566879,1,2.377211875607586,0.0403683412114372,5.88247717720181,4.340347666971637,14,2.3870030726479925,0.06135337759299574,5.875477615230488,4.589743589743589,14,2.3780199435902705,0.07920617640317437,5.826240594370917,4.839743589743589,14,2.376592472118633,0.11163541836947687,5.774028052742367,5.290322580645161,14,2.3718071359886244,0.1364286957013682,5.724874796419508,5.64935064935065,14,2.36179614386496,0.18581336514583616,5.625770311943644,6.355263157894737,14,2.351925175514682,0.22510023190854014,5.542162590923895,7.0,13,2.3275099045603653,0.2847838808594172,5.391598940111787,8.278481012658228,13,2.303542686204553,0.33062471270823507,5.2629196464490295,9.357142857142858,12,2.251656018308456,0.39754340083373896,5.0328249445205335,11.39240506329114,1.5801736850483372,0.2821639541831926,3.5271882813460538,32
3.585,0,45850,2198,2.371202877512986,0.07062584136127842,5.822068431740548,4.588746569075938,1.0,2.334893679641355,0.010110511575226732,2.334893679641355,0.0,0.000532651778321921,5.822068431740548,14,2.2958499292087993,0.030525358282422803,5.693836785598365,4.165605095541402,14,2.3903764181882288,0.04811790905792127,5.903764181883689,4.32484076433121,14,2.3541103980538334,0.055151576457618055,5.802548630448157,4.426751592356688,1,2.371202877512986,0.07062584136127842,5.822068431740548,4.588746569075938,14,2.381349239908793,0.0932538004534108,5.813492399091865,4.910256410256411,14,2.373982612128954,0.10445165186174722,5.778279052529767,5.051282051282051,14,2.3744184502600247,0.12790774869585717,5.7441845026062754,5.393548387096774,14,2.3718537155372648,0.1407314223089542,5.718537155379732,5.636363636363637,14,2.3669310035851834,0.16249911782990364,5.6735788322181016,6.105263157894737,14,2.3646606522410534,0.17669673878757994,5.646606522421262,6.48,13,2.360655309288808,0.196723453547067,5.606553092901419,7.082278481012659,13,2.355910370179417,0.2151507939746659,5.5670497344865435,7.733766233766234,12,2.346293889112576,0.24365755872931438,5.500248384687469,8.512658227848101,2.2018609294597264,0.5013403075107972,4.75264186238312,16
3.585,1,45867,2198,2.372084099111502,0.06836006871687031,5.8276701447034505,4.575022872827081,1.0,2.335636609294914,0.007614252355889844,2.335636609294914,0.0,0.002956224096766921,5.8276701447034505,14,2.296434831013935,0.027600849256780753,5.699685803649668,4.165605095541402,14,2.3903522332739136,0.04781739651725106,5.904154488408907,4.318471337579618,14,2.35575208197172,0.05396197852974877,5.808437237134676,4.414012738853503,1,2.372084099111502,0.06836006871687031,5.8276701447034505,4.575022872827081,14,2.379208269289696,0.09919449671297384,5.79922892815478,4.980769230769231,14,2.3700790035770867,0.12422200361393713,5.738864503521812,5.262820512820513,14,2.359229859741276,0.16877085506561929,5.644918366754761,6.0,14,2.3449420657495144,0.1992915803294295,5.563417793879642,6.636363636363637,14,2.309865291714513,0.2429920374335992,5.410175173135883,7.927631578947368,14,2.2773269980104103,0.2744426666746716,5.281653495014017,9.08,13,2.214664205853352,0.31391585982340087,5.0657867248982775,11.145569620253164,13,2.171150728642679,0.34633342900657293,4.908376678096838,12.824675324675324,12,2.094535385678775,0.3771288508986373,4.670645187848982,16.0,1.6112002675208132,0.3100236949206989,3.5629651264209845,32
3.585,2,45884,2198,2.374225745382171,0.06503802834033724,5.838007320944924,4.529277218664227,1.0,2.339721991741695,0.007531772272876087,2.339721991741695,0.0,0.014418249009795273,5.838007320944924,14,2.2999640361623284,0.02693996151908018,5.709500148127202,4.127388535031847,14,2.3952135907600733,0.041838276290903635,5.925276562463827,4.248407643312102,14,2.3568217627054633,0.048950724550956226,5.818628319937224,4.375796178343949,1,2.374225745382171,0.06503802834033724,5.838007320944924,4.529277218664227,14,2.3820926071934982,0.10420318499061515,5.798926740497823,4.948717948717949,14,2.3710467666138797,0.13049223546113844,5.731878563342993,5.282051282051282,14,2.361335500031684,0.18539918896433946,5.625239966632701,5.993548387096774,14,2.3476546058467904,0.2221899469328535,5.535851594217695,6.584415584415584,14,2.31820971775255,0.2904949855053568,5.359781816123338,7.802631578947368,14,2.2885602344800446,0.3466560811947019,5.201416464408058,8.946666666666667,13,2.225201679265139,0.41551919723563757,4.93972540230939,11.0,13,2.1658804459394707,0.4453205226315507,4.746720330901351,12.714285714285714,12,2.071822094904778,0.45614975572703725,4.495330603671389,15.70253164556962,1.4707924780373947,0.17827842075790734,3.4095635639566257,32
3.585,3,45901,2198,2.3845467131794114,0.003906663030755283,5.955506788402397,4.032936870997255,1.0,2.3858425562425136,0.006066401469257632,2.3858425562425136,0.0,0.0,5.955506788402397,14,2.301955000865387,0.0,5.754887502163469,4.0,14,2.399780661823074,0.0010966908846146107,5.997806618230761,4.006369426751593,14,2.3646623837274845,0.00239164809053708,5.908068487182906,4.019108280254777,1,2.3845467131794114,0.003906663030755283,5.955506788402397,4.032936870997255,14,2.398785788290497,0.006071058547367416,5.987857882905191,4.051282051282051,14,2.393263706459262,0.008046180213018039,5.971089995828629,4.076923076923077,14,2.397413460097883,0.01293269951021066,5.974134600979392,4.129032258064516,14,2.396694165027572,0.01652917486168947,5.966941650276397,4.1558441558441555,14,2.395027672325388,0.02201577413434751,5.954545519611947,4.2105263157894735,14,2.395021992291407,0.02489003854227119,5.950219922915112,4.24,13,2.3954083917597857,0.022958041200340826,5.954083917598953,4.253164556962025,13,2.39599383461382,0.020030826930149823,5.959938346139326,4.259740259740259,12,2.3967695123640054,0.016174085902367834,5.967662652056463,4.2784810126582276,2.3876745960710464,0.06162343619048549,5.876751335891887,8
3.585,4,45918,2198,2.3764525092074202,0.04437768288971711,5.8745647486839765,4.376944190301922,1.0,2.3551657977218152,0.008899830413707021,2.3551657977218152,0.0,0.0004773970726110716,5.8745647486839765,14,2.297628579686758,0.021632105892776195,5.711623290377732,4.1210191082802545,14,2.393963890324103,0.03018054837887905,5.9396389032419386,4.210191082802548,14,2.358189321621881,0.03475695861782145,5.84333786612797,4.273885350318471,1,2.3764525092074202,0.04437768288971711,5.8745647486839765,4.376944190301922,14,2.3872638854370236,0.06368057281310498,5.872638854372902,4.615384615384615,14,2.38144589198355,0.06713525258976495,5.8529118510742295,4.705128205128205,14,2.383229139262912,0.0835330593684762,5.832773259104566,5.012903225806451,14,2.3806945734182885,0.0949845096223247,5.809259669112234,5.2727272727272725,14,2.37594178002229,0.11330153563897807,5.769902146597257,5.743421052631579,14,2.3724875881522434,0.1273103579378556,5.740253433473825,6.1466666666666665,13,2.3659616884551995,0.1495861266990259,5.690525031089459,6.708860759493671,13,2.359437663478785,0.171481919235576,5.641371279843598,7.207792207792208,12,2.345425605736382,0.2175776830055335,5.537197489832655,8.240506329113924,2.2429990829459916,0.5190555754199915,4.828914344234991,12
3.585,5,45935,2198,2.376062938423433,0.053084569817940394,5.860530491331672,4.4336688014638606,1.0,2.3493080758120195,0.00849313213225177,2.3493080758120195,0.0,0.0008482188797279923,5.860530491331672,14,2.2971238145591344,0.02415593153085801,5.70657563910155,4.127388535031847,14,2.3927259225675925,0.03637038716135862,5.927259225676943,4.235668789808917,14,2.357473072418175,0.041847615466985455,5.830911257844959,4.318471337579618,1,2.376062938423433,0.053084569817940394,5.860530491331672,4.4336688014638606,14,2.3868691606565973,0.07818063785754112,5.849901944855181,4.711538461538462,14,2.37991077672897,0.08829565464780327,5.8173334598507225,4.839743589743589,14,2.379926993061637,0.11148379415818342,5.782591791416818,5.2064516129032254,14,2.3758910160198914,0.12540662388283438,5.751617604225476,5.467532467532467,14,2.3683155766928734,0.1478306051543709,5.699043034000627,5.947368421052632,14,2.36339815428236,0.16517165976136775,5.660737896063848,6.326666666666667,13,2.3562852111962442,0.19270940611730633,5.60164891881465,6.930379746835443,13,2.350682769902716,0.21901603059220093,5.54818287886849,7.532467532467533,12,2.3390194327469485,0.2713653691820938,5.440500528094231,8.829113924050633,2.0225467199860905,0.5005704885330049,4.305511067165719,24
3.586723,0,45867,2198,2.3733572875461073,0.065659918482081,5.834903341142147,4.548947849954255,1.0,2.3382551521373407,0.007156359467469821,2.3382551521373407,0.0,0.0589755790110334,5.834903341142147,14,2.2969916370115797,0.029063103769601764,5.698884436874548,4.159235668789809,14,2.3917673954960987,0.052699825858983834,5.90036874995177,4.3312101910828025,14,2.356425230062796,0.06146162025634262,5.798870644772476,4.45859872611465,1,2.3733572875461073,0.065659918482081,5.834903341142147,4.548947849954255,14,2.3804941504541772,0.08975870888062316,5.816597312814507,4.916666666666667,14,2.371214628266937,0.11451249466314892,5.75626782867262,5.256410256410256,14,2.3649881481136963,0.15598995267251953,5.678485441275461,5.95483870967742,14,2.356563735426731,0.1871716392206565,5.610651879735841,6.5,14,2.3404464921768215,0.24292140318644895,5.486734125662379,7.526315789473684,14,2.3262272553478085,0.2923972611394787,5.376972246660302,8.493333333333334,13,2.296415380856752,0.376893479537722,5.1756982328352965,10.348101265822784,13,2.2584058127942237,0.44263968041506707,4.982055011362957,12.331168831168831,12,2.1718675058130383,0.5263779229171279,4.640101880156904,15.715189873417721,1.4949794330517507,0.2185514548183809,3.409621400401805,29
3.586723,1,45884,2198,2.3732194309777803,0.09238416772321191,5.794472325859634,4.714089661482159,1.0,2.321907971470551,0.006865068544495163,2.321907971470551,0.0,0.030779542747684463,5.794472325859634,14,2.2975484430092243,0.030525358282422792,5.698083070099427,4.1528662420382165,14,2.3925425019844297,0.053991670006202516,5.90036874995177,4.3312101910828025,14,2.3558457555377137,0.0707035151635021,5.783559116099032,4.509554140127388,1,2.3732194309777803,0.09238416772321191,5.794472325859634,4.714089661482159,14,2.383116064505599,0.13354107886356992,5.757478542968642,5.166666666666667,14,2.3729102675462297,0.16986159508049128,5.677483276244838,5.621794871794871,14,2.364934113839131,0.23542505736535735,5.5591976985497915,6.529032258064516,14,2.3556012711506193,0.2808938121762628,5.467662459612154,7.220779220779221,14,2.3308574696879405,0.36065118934916174,5.2861668901961085,8.710526315789474,14,2.304808813855138,0.4303989428982743,5.1164236202904325,10.153333333333334,13,2.2364561778818564,0.5138517823305243,4.8203627712088535,12.879746835443038,13,2.1599487706478193,0.5400400700317237,4.589811821571963,15.318181818181818,12,2.012846239512662,0.531561048701226,4.234774025729815,19.59493670886076,1.468078547914451,0.2009182672607155,3.368818968895054,32
3.586723,2,45901,2198,2.3845467131794114,0.003906663030755282,5.955506788402397,4.032936870997255,1.0,2.3858436086837105,0.00606815553791922,2.3858436086837105,0.0,0.0,5.955506788402397,14,2.301955000865387,0.0,5.754887502163469,4.0,14,2.4000000000000004,0.0,6.0,4.0,14,2.3647897722625193,0.001754705415382435,5.909342372533225,4.012738853503185,1,2.3845467131794114,0.003906663030755282,5.955506788402397,4.032936870997255,14,2.398755191545549,0.006224042272108317,5.987551915455709,4.051282051282051,14,2.3932708685414967,0.008010369801842816,5.9711616166509796,4.076923076923077,14,2.397420476307169,0.012897618463783476,5.974204763072247,4.129032258064516,14,2.396681057444621,0.016594712776446606,5.966810574446883,4.1558441558441555,14,2.3949794745170636,0.022256763175968673,5.954063541528704,4.2105263157894735,14,2.3949812738076783,0.025093630960914576,5.949812738077825,4.24,13,2.3953608983925294,0.023195508036621897,5.953608983926392,4.253164556962025,13,2.3959459796617812,0.020270101690345568,5.959459796618934,4.259740259740259,12,2.39672294866758,0.016406904384497486,5.967197015092204,4.2784810126582276,2.387409197117791,0.06295043095676522,5.874097346359329,8
3.586723,3,45918,2198,2.376868348215323,0.04229848785026129,5.878723138762917,4.357273559011894,1.0,2.3568674682032844,0.008963687830195936,2.3568674682032844,0.0,0.0004753844548479211,5.878723138762917,14,2.2973361287841905,0.023094360405597217,5.708698781352082,4.1210191082802545,14,2.393864757163445,0.030676214182153324,5.938647571635381,4.2165605095541405,14,2.3583335676414054,0.03403572852021764,5.844780326323187,4.267515923566879,1,2.376868348215323,0.04229848785026129,5.878723138762917,4.357273559011894,14,2.3877599212260145,0.061200393868227024,5.8775992122626946,4.589743589743589,14,2.382016526028667,0.06428208236427282,5.85861819152526,4.673076923076923,14,2.3839585743860843,0.07976923248348446,5.840242587239984,4.961290322580645,14,2.3814581128475854,0.09101089598505417,5.817128938141382,5.214285714285714,14,2.3768302634431504,0.1090616286012619,5.7784832157059824,5.677631578947368,14,2.37353278930778,0.12278663184148263,5.749652025507226,6.06,13,2.3670575885774396,0.14467794348913632,5.700627056209894,6.6075949367088604,13,2.360531218751816,0.1665425736444238,5.651514186412904,7.116883116883117,12,2.3465595134905093,0.21268166433359548,5.547376287225881,8.170886075949367,2.245316603650037,0.5164187705227761,4.838663353340928,12
3.586723,4,45935,2198,2.368016420780104,0.09395743884457501,5.779104893683398,4.767612076852699,1.0,2.3179918605122776,0.010583171731530496,2.3179918605122776,0.0,0.021079492512899735,5.779104893683398,14,2.293991142053329,0.03981929405962963,5.675248914043879,4.203821656050955,14,2.388183036418968,0.0590848179040767,5.8818303641913054,4.3630573248407645,14,2.35245185665141,0.07046310513098435,5.7754349839320485,4.522292993630574,1,2.368016420780104,0.09395743884457501,5.779104893683398,4.767612076852699,14,2.376325002795244,0.13082307056457643,5.744577901141246,5.185897435897436,14,2.369133208330547,0.14802161263196548,5.700800601878421,5.403846153846154,14,2.367333798010414,0.18090891886957233,5.646971116721677,5.95483870967742,14,2.361770182753328,0.20147362069609223,5.602215025839181,6.383116883116883,14,2.3521104827092363,0.2279973533341644,5.538280176771845,7.105263157894737,14,2.344963051314198,0.24762562391578002,5.490969192411825,7.62,13,2.331540052522591,0.279018650260121,5.410322155916297,8.41139240506329,13,2.320979640159277,0.3084342368542874,5.33979774511676,9.071428571428571,12,2.299857669716274,0.369680909052027,5.195122810712643,10.430379746835444,1.913064984141793,0.4635996259983681,4.0872630213569305,24
3.586723,5,45952,2198,2.3851757477828985,0.0007614900133978821,5.961797134437151,4.005946935041171,1.0,2.3883185154702065,0.005999436158911683,2.3883185154702065,0.0,0.0,5.961797134437151,14,2.301955000865387,0.0,5.754887502163469,4.0,14,2.4000000000000004,0.0,6.0,4.0,14,2.3651407133456033,8.881784197001252e-16,5.912851783364006,4.0,1,2.3851757477828985,0.0007614900133978821,5.961797134437151,4.005946935041171,14,2.3998749956881418,0.0006250215592726416,5.998749956881445,4.006410256410256,14,2.3946636174280465,0.001046625369279831,5.985089105516199,4.012820512820513,14,2.3997660741843725,0.0011696290780836335,5.997660741843805,4.019354838709678,14,2.3998052977307744,0.0009735113460721779,5.998052977307827,4.01948051948052,14,2.399187438233451,0.0012169445945469151,5.9961431786918045,4.032894736842105,14,2.399723117248652,0.0013844137566079398,5.997231172486717,4.046666666666667,13,2.3996715463845892,0.0016422680768358971,5.996715463846218,4.075949367088608,13,2.3996425115509785,0.0017874422448084135,5.996425115510234,4.103896103896104,12,2.3996560030040412,0.0020404288065098467,5.996079364300338,4.1645569620253164,2.4000850078956626,0.002398696658231003,5.9966144747518095,5
3.5875,0,45875,2198,2.3739823027508433,0.0707670482698621,5.828805184472316,4.572735590118938,1.0,2.335927692826336,0.007342698395682955,2.335927692826336,0.0,0.021524250867028992,5.828805184472316,14,2.2994592710347264,0.02097121815507561,5.717191350354204,4.095541401273885,14,2.3947749144062533,0.03447751793279959,5.935221009116434,4.203821656050955,14,2.357874585954706,0.04719601913557927,5.823892436183396,4.350318471337579,1,2.3739823027508433,0.0707670482698621,5.828805184472316,4.572735590118938,14,2.382374922359697,0.10171327654449626,5.803367391082497,4.916666666666667,14,2.3728422543894814,0.1268675387444033,5.741804327857099,5.25,14,2.3663936089819515,0.17615364719095236,5.651753551668449,5.948387096774193,14,2.358158469930773,0.21390518282578772,5.574538400588251,6.532467532467533,14,2.339940255629656,0.2874183973227669,5.418723043089989,7.743421052631579,14,2.323342881638061,0.35168923508774197,5.280823351463538,8.966666666666667,13,2.2866923717852834,0.44192968191957854,5.053836406583841,11.10759493670886,13,2.2566584978360846,0.5001151887541904,4.891473461458924,12.824675324675324,12,2.170471911833549,0.5489218106635616,4.602797063588531,15.835443037974683,1.315075650765368,0.08691850366489584,3.157311371416076,32
3.5875,1,45892,2198,2.3627971981002323,0.14524334744053016,5.6891279740897875,5.164226898444648,1.0,2.2816267802138803,0.009959317629942704,2.2816267802138803,0.0,0.012206612100692389,5.6891279740897875,14,2.296274557658856,0.04963363853711715,5.666235936341465,4.248407643312102,14,2.389213398677962,0.08337604004113724,5.847969436633199,4.509554140127388,14,2.3492215517159285,0.11089316487237484,5.7067141319812595,4.8152866242038215,1,2.3627971981002323,0.14524334744053016,5.6891279740897875,5.164226898444648,14,2.3631353550174454,0.2081623077828563,5.595594925869329,5.916666666666667,14,2.3446725834017954,0.26171354734732777,5.469111137483498,6.6923076923076925,14,2.3159282064456237,0.34991106147798595,5.264953923897079,8.193548387096774,14,2.2903219038643887,0.4091925980401392,5.112015862600763,9.285714285714286,14,2.2328447473462636,0.5008444084844372,4.8308452556390025,11.55921052631579,14,2.175244074670543,0.5508329878499106,4.611860704901489,13.593333333333334,13,2.0749818106038482,0.5730304172879997,4.327908900577621,16.879746835443036,13,1.9980439281613367,0.5546735196853573,4.163099540875306,19.038961038961038,12,1.8871957956012162,0.4989599079473275,3.969549627082051,22.164556962025316,1.5746887014351965,0.282493158445944,3.512982015919075,28
3.5875,2,45909,2198,2.371784634050966,0.07426083022394434,5.8180703397915,4.616651418115279,1.0,2.3318313550793723,0.0076720319379536255,2.3318313550793723,0.0,0.01394608247034072,5.8180703397915,14,2.2959821067563433,0.029864470544722226,5.695158561073776,4.1528662420382165,14,2.3909321864996333,0.05170849425243532,5.899767724870429,4.3312101910828025,14,2.355276242800542,0.06273550560665192,5.7940873485913755,4.477707006369426,1,2.371784634050966,0.07426083022394434,5.8180703397915,4.616651418115279,14,2.3784372181668134,0.1125460199164059,5.777274015542424,5.0576923076923075,14,2.3668808984254723,0.14078784953273818,5.706020471764575,5.448717948717949,14,2.356696229783078,0.1959762877618027,5.59777614281499,6.258064516129032,14,2.3434758676527156,0.23323086795013862,5.50884336720658,6.922077922077922,14,2.31437213690455,0.29286471011471066,5.346633277089308,8.210526315789474,14,2.2874479997924655,0.33205644627439806,5.220535330069566,9.393333333333333,13,2.2337458017093943,0.379641448395898,5.014902331679639,11.512658227848101,13,2.188970272204801,0.4107438407919445,4.856309919324086,13.415584415584416,12,2.1070410230106353,0.44564745208655443,4.599131379396757,17.0126582278481,1.560505542751008,0.2630024109550053,3.506760240445012,32
3.5875,3,45926,2198,2.3732787909595126,0.060246274128886564,5.842827566205452,4.505032021957914,1.0,2.343211034110898,0.010133346047861183,2.343211034110898,0.0,0.0003299397228710503,5.842827566205452,14,2.2959821067563433,0.029864470544722226,5.695158561073776,4.1528662420382165,14,2.39107657643023,0.044617117847949896,5.91076576430365,4.305732484076433,14,2.3542040716198827,0.05468320862735259,5.803485366108678,4.43312101910828,1,2.3732787909595126,0.060246274128886564,5.842827566205452,4.505032021957914,14,2.3835723764750614,0.08213811762243758,5.835723764753996,4.782051282051282,14,2.37598372526456,0.0944460861839588,5.798290183885463,4.967948717948718,14,2.3762006454015987,0.11594229901610444,5.76658816497984,5.4,14,2.3730949973472324,0.1295129211466814,5.738468111648059,5.733766233766234,14,2.36833084938372,0.14761857223444225,5.699399265107637,6.3355263157894735,14,2.3658524541502923,0.16073575675750784,5.6735275002394685,6.833333333333333,13,2.3617348726343126,0.1776154949920719,5.637913939097672,7.493670886075949,13,2.358194018155172,0.19041015190379357,5.609869817532241,7.896103896103896,12,2.3512734528018617,0.216998701209197,5.552685580190858,8.455696202531646,2.249854053151492,0.41983201095966205,4.994887116439236,12
3.5875,4,45943,2198,2.378866238053403,0.03275268441449178,5.89803656851177,4.272644098810613,1.0,2.363856128349329,0.007735834907702377,2.363856128349329,0.0,0.0008145222783476733,5.89803656851177,14,2.3009454706101176,0.013540220278250026,5.732053346107921,4.050955414012739,14,2.3965506916772865,0.0224139182020387,5.957755851890158,4.140127388535032,14,2.360266234045322,0.02725731689123215,5.859779609776457,4.210191082802548,1,2.378866238053403,0.03275268441449178,5.89803656851177,4.272644098810613,14,2.392103841192322,0.0425905967594363,5.916373707841649,4.384615384615385,14,2.384424462481927,0.047445182359145854,5.8898933826661,4.512820512820513,14,2.3860180947374294,0.05723052606796299,5.8791994477416285,4.748387096774193,14,2.3837461850694246,0.06490170255907285,5.862012908834951,4.9480519480519485,14,2.3799981795541827,0.07645127497716159,5.835318536419713,5.309210526315789,14,2.377616621201788,0.08787350550537742,5.812231294746403,5.653333333333333,13,2.3705632421754594,0.10599227966003588,5.767419685948594,6.30379746835443,13,2.363401234802457,0.12031575625408594,5.728029452625013,6.805194805194805,12,2.3488840896753893,0.14227619033653624,5.65879593868367,7.879746835443038,2.1831556606911824,0.4274298219871726,4.816744418747197,24
3.5875,5,45960,2198,2.374372914461418,0.05477565661949976,5.853768801224295,4.456999085086917,1.0,2.3470496502645397,0.009236882958036364,2.3470496502645397,0.0,0.0006309998047546686,5.853768801224295,14,2.296326598528943,0.028142011681760858,5.6986034787997175,4.13375796178344,14,2.3927259225675925,0.03637038716135862,5.927259225676943,4.235668789808917,14,2.3570909068130876,0.04024903266169543,5.832353718040176,4.305732484076433,1,2.374372914461418,0.05477565661949976,5.853768801224295,4.456999085086917,14,2.385076702763764,0.07461648617914936,5.850767027640684,4.705128205128205,14,2.3789608046005575,0.07956068950439402,5.828060977244805,4.82051282051282,14,2.3806936425881724,0.09466368964795499,5.809738571998498,5.135483870967742,14,2.3784866301149004,0.104553511379211,5.789386308218434,5.376623376623376,14,2.373821447490328,0.1234933004352388,5.74931366807296,5.927631578947368,14,2.3710212038498057,0.13880315169197818,5.719348282086545,6.38,13,2.365116968664405,0.1630750734172143,5.668179811535191,7.050632911392405,13,2.3587311885716553,0.184853749040048,5.619547347869066,7.603896103896104,12,2.347138188731704,0.22298005515944644,5.533375389090091,8.373417721518987,2.2158675354472916,0.5224835555861898,4.755943505238944,16
3.59,0,45900,2198,2.354824578419458,0.1564544770024436,5.65237973054498,5.323421774931382,1.0,2.266990998533216,0.010065177192040338,2.266990998533216,0.0,0.03546551757926023,5.65237973054498,14,2.293434336055662,0.046849608548894986,5.663311427315814,4.248407643312102,14,2.3830570839858853,0.08988195665781498,5.822819774977991,4.56687898089172,14,2.3426186106284157,0.11741871423401273,5.68041845522002,4.917197452229299,1,2.354824578419458,0.1564544770024436,5.65237973054498,5.323421774931382,14,2.355459447432843,0.22629486849956357,5.5492063158327625,6.134615384615385,14,2.3334722460376542,0.27842261277876446,5.41604669592599,6.967948717948718,14,2.303164356786976,0.3849741410807954,5.180449680346248,8.72258064516129,14,2.2740464051507527,0.45670206559118054,5.000062914490112,10.14935064935065,14,2.2075293270730834,0.555037015468193,4.686267794480418,12.927631578947368,14,2.147093488196095,0.5921046773636751,4.479576704444725,15.073333333333334,13,2.0751556314151047,0.5967019910912552,4.292836091900878,17.61392405063291,13,2.0331006321276988,0.5837209501849819,4.207170155041775,18.993506493506494,12,1.9782526398035452,0.5526671530227151,4.11663086997479,20.810126582278482,1.7947664783253585,0.4349573264277824,3.8344802061717225,24
3.59,1,45917,2198,2.377214949709615,0.05510884198488539,5.86037411129671,4.437328453796889,1.0,2.3483941342546677,0.007074149559973299,2.3483941342546677,0.0,0.010182682675902834,5.86037411129671,14,2.298770287489527,0.024416135880998346,5.710301514902322,4.13375796178344,14,2.3933027627345957,0.040636226128223006,5.922302567644154,4.267515923566879,14,2.3593745143000304,0.04671519907050241,5.828363487144322,4.343949044585988,1,2.377214949709615,0.05510884198488539,5.86037411129671,4.437328453796889,14,2.3862853939745774,0.08427912515949157,5.839294797197206,4.769230769230769,14,2.37813419094424,0.10930931471630298,5.781371505286147,5.044871794871795,14,2.373136297864149,0.15863417354257286,5.694889484346513,5.664516129032258,14,2.3654260524441395,0.19458818680519943,5.62168285090255,6.14935064935065,14,2.3483085400945978,0.25705787630857896,5.485184535773626,7.105263157894737,14,2.3306853102528082,0.3074532401554249,5.365533415398883,8.0,13,2.285736408581323,0.3799385888782582,5.144433138135922,9.867088607594937,13,2.239670531541115,0.41435500190582797,4.977643825994046,11.37012987012987,12,2.169322858114432,0.45229372446004495,4.744866558596012,13.89240506329114,1.4397703934728625,0.14513537884546768,3.3817229154139548,32
3.59,2,45934,2198,2.3721298880600092,0.0662380925265101,5.83096758136026,4.553979871912168,1.0,2.3369593317498505,0.007620498676244358,2.3369593317498505,0.0,0.0014180269687311434,5.83096758136026,14,2.297973071459358,0.01990964702981482,5.715068208103673,4.101910828025478,14,2.3920078055286815,0.037556872030515887,5.923684205775929,4.24203821656051,14,2.354543136112418,0.0498156250238402,5.811634402745283,4.3949044585987265,1,2.3721298880600092,0.0662380925265101,5.83096758136026,4.553979871912168,14,2.3786407467373887,0.10098861897191827,5.795118938385594,4.955128205128205,14,2.3670090706054063,0.11968663483990569,5.737992724253658,5.262820512820513,14,2.3592452643099486,0.16372806094847633,5.652521069352156,5.95483870967742,14,2.3486821371759006,0.19461082431545268,5.579789106466572,6.5,14,2.3257915769573665,0.24730110414318832,5.443527286178633,7.598684210526316,14,2.3051928243230835,0.28801579489279466,5.330958368468515,8.566666666666666,13,2.268691842012734,0.35376776577903224,5.141077956363286,10.379746835443038,13,2.234476631282926,0.40344438035896624,4.981025007668865,11.96103896103896,12,2.166987108018832,0.4623012295394287,4.724015925737935,14.544303797468354,1.3622449155162848,0.10693568125896213,3.2452087669022687,32
3.59,3,45951,2198,2.3601595349418583,0.1294484430806024,5.706226172733743,5.094693504117109,1.0,2.2883099001305456,0.009699051728414869,2.2883099001305456,0.0,0.05071762445961053,5.706226172733743,14,2.2972039512366247,0.03224781714538417,5.694638152373487,4.171974522292993,14,2.3886818152809504,0.056590923594168084,5.886818152811122,4.375796178343949,14,2.349536287383161,0.08124419989060279,5.751974418621998,4.643312101910828,1,2.3601595349418583,0.1294484430806024,5.706226172733743,5.094693504117109,14,2.360548368526236,0.20055068323961317,5.600544896456169,5.839743589743589,14,2.343351878976805,0.2516580720288288,5.4808925893987706,6.564102564102564,14,2.314667857341782,0.3691306867213566,5.23297361327242,8.206451612903226,14,2.28456914039701,0.44872999291749394,5.038327861616283,9.532467532467532,14,2.2129103348796364,0.5610372846573481,4.690719910213066,12.25,14,2.138134914764401,0.5982271331267622,4.4479965872208584,14.533333333333333,13,2.0449041081815547,0.5925119263143134,4.2234923809824165,17.088607594936708,13,1.9786708091771692,0.5661427878083388,4.097462841230414,18.954545454545453,12,1.8911388754019198,0.5131034326954799,3.9581920394615797,21.424050632911392,1.685855205174978,0.35787704206633997,3.6778224498379353,28
3.59,4,45968,2198,2.3679629550388035,0.10421017820243912,5.763592120293352,4.853156450137237,1.0,2.309964185129971,0.00754556168771685,2.309964185129971,0.0,0.022557122107317147,5.763592120293352,14,2.2956376149837325,0.035833213908726805,5.685344216596242,4.191082802547771,14,2.388940184110379,0.060466456035824234,5.8816507762222106,4.401273885350318,14,2.3520915294247042,0.07644845147472362,5.765556146349676,4.585987261146497,1,2.3679629550388035,0.10421017820243912,5.763592120293352,4.853156450137237,14,2.374301882364788,0.1476091884798888,5.714340923192136,5.384615384615385,14,2.360191738173097,0.18231152614866378,5.627012056209747,5.903846153846154,14,2.3458883528578633,0.25219104026540784,5.486434321746547,7.0,14,2.327079322449253,0.30021726478323724,5.367372408948276,7.922077922077922,14,2.293436556405826,0.3828596932985648,5.159301851066718,9.605263157894736,14,2.25571649135463,0.42790986168275924,4.997426435862436,11.16,13,2.179364375713324,0.4658766911742579,4.749595902521923,14.025316455696203,13,2.115269359925222,0.4790632181275527,4.569578572621727,16.22077922077922,12,2.0089155050824923,0.46986379160002,4.3174930753062,19.746835443037973,1.4539760818225025,0.18866976236533484,3.3519355610082537,32
3.59,5,45985,2198,2.3730929327245383,0.06564525177028926,5.834264454155913,4.542543458371455,1.0,2.3402201672187473,0.010857309260636959,2.3402201672187473,0.0,0.003167963827476477,5.834264454155913,14,2.2970436778815895,0.0372954684215478,5.686665992071653,4.178343949044586,14,2.39115152467656,0.04940975320513999,5.903764181883689,4.32484076433121,14,2.356456454584852,0.050777265153975584,5.814975238731167,4.388535031847134,1,2.3730929327245383,0.06564525177028926,5.834264454155913,4.542543458371455,14,2.3839744355115786,0.08495168421932468,5.832508562449959,4.833333333333333,14,2.376811767710177,0.0952425468383608,5.799165599017904,5.012820512820513,14,2.3746193609225834,0.11815847352422217,5.759310692020125,5.483870967741935,14,2.3690247868455874,0.13309906969252555,5.722913362575179,5.837662337662338,14,2.35856448986765,0.16231568166659868,5.652937702169226,6.559210526315789,14,2.3510847809810693,0.18842845510280534,5.595069269798464,7.26,13,2.340123136939931,0.2226518030383689,5.516330137792275,8.373417721518987,13,2.3345031319238094,0.24308273695714622,5.4716337243738025,9.077922077922079,12,2.327996573080776,0.2669629658114188,5.4195469839848105,10.189873417721518,2.1040783004829176,0.644687998248938,4.293163753833887,26
3.590834,0,45908,2198,2.3848832271345946,0.0022930952952357384,5.958768424893633,4.017840805123513,1.0,2.3871530370059855,0.006076111747553713,2.3871530370059855,0.0,7.74370298115286e-07,5.958768424893633,14,2.3014502357377635,0.0025238256380818226,5.7498398508872866,4.006369426751593,14,2.3995613236461466,0.002193381769229227,5.995613236461523,4.012738853503185,14,2.3647585477405024,0.0019108280254693955,5.909030127313051,4.012738853503185,1,2.3848832271345946,0.0022930952952357384,5.958768424893633,4.017840805123513,14,2.399456763563664,0.0031835257413311805,5.9938666202971635,4.032051282051282,14,2.3943938711261534,0.002633596444948342,5.982034283147963,4.032051282051282,14,2.399412469323715,0.0031449190882625027,5.993813794676892,4.051612903225807,14,2.399317655697916,0.0035920873297002813,5.992906008250239,4.071428571428571,14,2.3986275687566727,0.004147291049759358,5.990347985317041,4.1118421052631575,14,2.3991083733936303,0.004561738775428529,5.990928325320931,4.153333333333333,13,2.399026500940721,0.00493527693547441,5.99016333694859,4.227848101265823,13,2.3989368080197337,0.005368950567852531,5.989288594197555,4.311688311688312,12,2.398967107942886,0.006126037521534203,5.988228713574912,4.493670886075949,2.3999814509138395,0.006741728710337291,5.989841034219093,7
3.590834,1,45925,2198,2.376980461187333,0.041737922990238936,5.879844268482976,4.347209515096066,1.0,2.356984885770246,0.008411963961759219,2.356984885770246,0.0,0.001585118206695389,5.879844268482976,14,2.298345659039438,0.018046709129433566,5.718794083904445,4.10828025477707,14,2.3942402179504696,0.028798910247122323,5.942402179505489,4.1847133757961785,14,2.3584153646169033,0.03362674364280152,5.845598296078055,4.24203821656051,1,2.376980461187333,0.041737922990238936,5.879844268482976,4.347209515096066,14,2.388568412334306,0.05715793832691669,5.88568412334539,4.538461538461538,14,2.3812184150423206,0.06827263729602533,5.850637081661764,4.666666666666667,14,2.3820641658782638,0.08802611788516099,5.823121237867918,4.95483870967742,14,2.37898777986686,0.10151455732794845,5.795197613675226,5.1688311688311686,14,2.37370490939191,0.1220127375711253,5.751243167123087,5.493421052631579,14,2.3704929424378673,0.1398093888600956,5.716518272804524,5.766666666666667,13,2.364220653547454,0.16812773768749043,5.6583600273374,6.158227848101266,13,2.358448883773257,0.19074052857924284,5.610011416564277,6.487012987012987,12,2.3505076101318565,0.2137100301031149,5.555703980174968,6.89873417721519,2.112774875118956,0.5333986849792707,4.481839160328484,18
3.590834,2,45942,2198,2.3768094309989483,0.042593073932137904,5.878133966599165,4.3559011893870085,1.0,2.3565027170276815,0.008748550646692893,2.3565027170276815,0.0,0.0013088374240570614,5.878133966599165,14,2.2969115003340788,0.025217502656118808,5.70445249685102,4.13375796178344,14,2.393603275275299,0.03198362362290016,5.936032752753897,4.210191082802548,14,2.3583023431193935,0.03419185113031377,5.844468081103013,4.254777070063694,1,2.3768094309989483,0.042593073932137904,5.878133966599165,4.3559011893870085,14,2.388130147742061,0.05934926128805134,5.881301477423074,4.57051282051282,14,2.3820548836494178,0.06409029426050077,5.859001767732794,4.67948717948718,14,2.3839127449625064,0.08043627518463899,5.8391274496293075,4.980645161290322,14,2.3816863394471453,0.09156830276086514,5.816863394476565,5.181818181818182,14,2.376850879527943,0.10941865810087342,5.777999211668546,5.565789473684211,14,2.3737722930160565,0.12507970282421327,5.7468111783038225,5.88,13,2.3682804584594708,0.14988112408544824,5.695879460020503,6.3164556962025316,13,2.3619549921168885,0.1722017081696476,5.646584918037749,6.707792207792208,12,2.349487857653469,0.21315239682709422,5.553991048893031,7.379746835443038,2.0743360772272763,0.5599279100333812,4.345948328018119,20
3.590834,3,45959,2198,2.37774718995864,0.038066413170269715,5.887268355141197,4.327538883806039,1.0,2.359518812604609,0.007685784246883067,2.359518812604609,0.0,0.004709784903795999,5.887268355141197,14,2.2984778365869816,0.017385821391733003,5.720115859379856,4.095541401273885,14,2.3943635360254425,0.02499760649647616,5.948412430318892,4.1847133757961785,14,2.358845612228506,0.030851015144439827,5.850837507854606,4.248407643312102,1,2.37774718995864,0.038066413170269715,5.887268355141197,4.327538883806039,14,2.388230089697918,0.05382793135013552,5.889833327219591,4.544871794871795,14,2.379286865895609,0.05968303586777731,5.858692610937357,4.6923076923076925,14,2.378073351403697,0.07396302810549273,5.834238836351003,5.0,14,2.37422668420677,0.08312023879713976,5.810886352321215,5.214285714285714,14,2.3675359761264563,0.10008396594081855,5.768713991404913,5.690789473684211,14,2.3634663394160444,0.11695545130285478,5.733232671585829,6.193333333333333,13,2.3566698361472422,0.1496122260752998,5.667256251255156,7.1455696202531644,13,2.3504109538591256,0.17311850642488727,5.616349625010482,8.019480519480519,12,2.336518074393737,0.1965786370414152,5.5464272304222195,9.424050632911392,2.1184230993731297,0.4099984460900892,4.681060079297691,28
3.590834,4,45976,2198,2.381052190714678,0.021379275354001217,5.920561563755695,4.178408051235133,1.0,2.3726526380233035,0.0073800208683766294,2.3726526380233035,0.0,0.0004800520654770699,5.920561563755695,14,2.300308527934972,0.008232364651946043,5.738422772859513,4.031847133757962,14,2.397827690086344,0.010861549568080152,5.978276900863739,4.070063694267516,14,2.3625423701914525,0.012991715770459595,5.886868351822941,4.101910828025478,1,2.381052190714678,0.021379275354001217,5.920561563755695,4.178408051235133,14,2.394498752519966,0.02750623739946936,5.944987525200711,4.243589743589744,14,2.388090556281145,0.03391193110284432,5.9193584940485975,4.339743589743589,14,2.3911131474207115,0.04443426289506424,5.911131474209182,4.47741935483871,14,2.3898874480383965,0.05056275980637209,5.898874480386432,4.571428571428571,14,2.387429080039285,0.059160619280804995,5.879831771177004,4.7894736842105265,14,2.3863045910464007,0.06649295907086795,5.8660220390096995,5.013333333333334,13,2.3831994214022933,0.08067935251391348,5.836979524734862,5.436708860759493,13,2.380540272034533,0.09338206021095605,5.811277589769897,5.785714285714286,12,2.3736357152144687,0.11500726904656493,5.761578384466323,6.417721518987341,2.2807834009320462,0.45162249170172863,5.024524764777523,14
3.590834,5,45993,2198,2.357962532079839,0.14175613931873304,5.682272121221498,5.200365965233303,1.0,2.2788024746365916,0.009822710246654268,2.2788024746365916,0.0,0.025927033491344426,5.682272121221498,14,2.2940192378607756,0.05241766852533934,5.656421591863932,4.286624203821656,14,2.3858905214889834,0.08526890926969627,5.836822939817912,4.554140127388535,14,2.3470584370673824,0.10132657251023007,5.71565623390311,4.789808917197452,1,2.357962532079839,0.14175613931873304,5.682272121221498,5.200365965233303,14,2.3543404243442194,0.21090488937089455,5.569493726804207,6.07051282051282,14,2.3367511612033183,0.25720959254155035,5.456063514195971,6.756410256410256,14,2.301960861635379,0.3437415073842772,5.239289893012031,8.387096774193548,14,2.268060135051342,0.3954465788494769,5.076980469354139,9.688311688311689,14,2.192509864114881,0.46429399523410947,4.784833667436038,12.342105263157896,14,2.132577251801792,0.4996070678355094,4.582032527751215,14.293333333333333,13,2.0634837636747814,0.5402949689214467,4.3482669558047835,17.11392405063291,13,2.003739451260376,0.5354696533908451,4.206144148064672,19.24025974025974,12,1.9220614694989502,0.5009962067499122,4.053659363622506,21.436708860759495,1.7511016649738282,0.4004173761073373,3.7771280982735647,28
3.594946,0,45949,2198,2.3722105258526254,0.0651915777717475,5.832738947973943,4.5498627630375115,1.0,2.3395478206022817,0.010753735687841276,2.3395478206022817,0.0,0.0001725201545720121,5.832738947973943,14,2.297548443009246,0.022032789280336418,5.710821923602612,4.114649681528663,14,2.3924074512300075,0.03796274384924752,5.924074512301147,4.248407643312102,14,2.3556390604742377,0.04750826435574399,5.817835254651977,4.375796178343949,1,2.3722105258526254,0.0651915777717475,5.832738947973943,4.5498627630375115,14,2.380585880487795,0.09603166932818814,5.807417197227205,4.910256410256411,14,2.3693916597198807,0.1093980131781796,5.759382129532434,5.173076923076923,14,2.363256908853909,0.14323889802044446,5.6932839251041045,5.709677419354839,14,2.3553609080313582,0.1649578488946801,5.640965496736375,6.116883116883117,14,2.3404869785267466,0.20080448250092,5.550010722565485,6.901315789473684,14,2.3299512265792144,0.2292999660921228,5.480928117309852,7.566666666666666,13,2.3099567762490962,0.2688714188099944,5.3715848124077485,8.79746835443038,13,2.291516534196829,0.2894718833325765,5.294583510493208,9.844155844155845,12,2.2601222506167806,0.3115508392269899,5.182979367701466,11.632911392405063,2.0886625032799087,0.40255533656204,4.617823253356711,28
3.594946,1,45966,2198,2.368116438547895,0.1026892417696667,5.766257233715238,4.820219579139982,1.0,2.3113332846459347,0.008050651933066094,2.3113332846459347,0.0,0.03341494337145419,5.766257233715238,14,2.294708221406008,0.036233897296287,5.682419707570592,4.191082802547771,14,2.388714619816052,0.061172840395230625,5.880027288947284,4.388535031847134,14,2.3518292810137456,0.07867152472036144,5.761565915453821,4.585987261146497,1,2.368116438547895,0.1026892417696667,5.766257233715238,4.820219579139982,14,2.3730370619289305,0.15189869779495394,5.704744608129895,5.384615384615385,14,2.360238524032989,0.19404348977560937,5.609531075419059,5.910256410256411,14,2.342674544331947,0.2651400191713152,5.458976332072895,6.987096774193549,14,2.322045490435935,0.3075297011974959,5.3438191742935945,7.792207792207792,14,2.278396651172214,0.375985575208139,5.132013265118325,9.43421052631579,14,2.236812678352923,0.4233950449557021,4.956939128448756,11.0,13,2.157563173075631,0.48194214807944386,4.670994710569911,14.0,13,2.085914447089642,0.5063755820300709,4.455222744679,16.655844155844157,12,1.9542261423611746,0.504644402354965,4.12859875237049,20.936708860759495,1.3977657244324886,0.14964338005124667,3.269949241004351,32
3.594946,2,45983,2198,2.3701895884939055,0.07888691485770802,5.807143598948201,4.660567246111619,1.0,2.3274649652345634,0.0076792094254710865,2.3274649652345634,0.0,0.0007206888228715932,5.807143598948201,14,2.2986100141344705,0.03795635615924839,5.689590501097304,4.178343949044586,14,2.3892703881274673,0.057972561725924826,5.886217127729782,4.375796178343949,14,2.353603334360632,0.06504286627474354,5.786444036489466,4.503184713375796,1,2.3701895884939055,0.07888691485770802,5.807143598948201,4.660567246111619,14,2.375006130781756,0.12252534836558701,5.75372730440601,5.1923076923076925,14,2.361564974113034,0.149920217699872,5.679032108732778,5.583333333333333,14,2.3490134776311598,0.21365290148606708,5.552054341848797,6.509677419354839,14,2.3334234092449475,0.26125531988073636,5.441675543291264,7.3311688311688314,14,2.296081206099995,0.34326294007595237,5.225308605136058,9.052631578947368,14,2.25703922904263,0.4050035412097654,5.035092760791927,10.586666666666666,13,2.17890967679029,0.4633564000377652,4.752239591919076,13.151898734177216,13,2.114340497713643,0.488526220481863,4.553061913561312,15.428571428571429,12,1.9996920272883807,0.4962107088442934,4.254914004954511,19.164556962025316,1.3594067278178423,0.1141995406538241,3.2272175085638697,32
3.594946,3,46000,2198,2.3762223479753257,0.04552848905018442,5.872263136363039,4.379231473010064,1.0,2.3544554041143173,0.009250249281836268,2.3544554041143173,0.0,0.0005085523017453566,5.872263136363039,14,2.297921030589326,0.020169851379955184,5.714547799403384,4.1210191082802545,14,2.393843685307835,0.030781573460219386,5.938436853079258,4.210191082802548,14,2.358908061272541,0.031163260364613744,5.850525262634431,4.24203821656051,1,2.3762223479753257,0.04552848905018442,5.872263136363039,4.379231473010064,14,2.3877387740082567,0.06130612995706912,5.877387740085039,4.57051282051282,14,2.380823380714191,0.07024780893664985,5.846686738380506,4.673076923076923,14,2.3820165003796987,0.08991749809871477,5.820165003801174,4.967741935483871,14,2.3788924872644417,0.10308732220057759,5.792600234860237,5.214285714285714,14,2.373138008758441,0.12579523055807104,5.7441521760589955,5.677631578947368,14,2.369684219796661,0.14143069005231454,5.71206451441318,5.966666666666667,13,2.363486966872277,0.16354168638496439,5.663404887603245,6.531645569620253,13,2.3578787635922565,0.182864722171315,5.620399825723668,7.0064935064935066,12,2.3502528910652356,0.20848453839730557,5.56290542006713,7.7594936708860756,2.231246959874855,0.4965756057576627,4.833253991050644,16
3.594946,4,46017,2198,2.3762213282389832,0.05158608966714792,5.863174186096739,4.420402561756633,1.0,2.3511712909038995,0.009836027442007617,2.3511712909038995,0.0,0.0008088475579467545,5.863174186096739,14,2.3002564870649183,0.016985138004172767,5.725163510656038,4.089171974522293,14,2.3951534882519834,0.028197885165781977,5.945586892881286,4.171974522292993,14,2.35989594503077,0.03324266323497602,5.849875867724461,4.248407643312102,1,2.3762213282389832,0.05158608966714792,5.863174186096739,4.420402561756633,14,2.3864151913428358,0.07223626811934519,5.857683576178071,4.666666666666667,14,2.379466093470295,0.08555976630320185,5.820325584220935,4.814102564102564,14,2.378199947502456,0.11899176983274844,5.767012214007017,5.2709677419354835,14,2.373623302749609,0.1463092063329721,5.714594447374564,5.701298701298701,14,2.3654604936152244,0.19379111546541875,5.622964560839932,6.480263157894737,14,2.3569419236163043,0.2299464004959457,5.547435208296841,7.193333333333333,13,2.3405122495811437,0.29585975881663634,5.407490985727904,8.518987341772151,13,2.323776358522045,0.3526356760173882,5.280487382279031,9.785714285714286,12,2.2862142336705404,0.424587237559006,5.078654727837841,12.069620253164556,1.7785629818361084,0.44223237795942527,3.783058887651133,28
3.594946,5,46034,2198,2.3741238642910005,0.061688394628358754,5.842777068784964,4.506861848124428,1.0,2.34338540676885,0.010457632091441224,2.34338540676885,0.0,0.001446351413124882,5.842777068784964,14,2.295982106756343,0.0298644705447222,5.695158561073776,4.1528662420382165,14,2.3920858668337166,0.041553329043761605,5.917884673518649,4.261146496815287,14,2.3577447069727118,0.04750826435575318,5.82309937089815,4.343949044585988,1,2.3741238642910005,0.061688394628358754,5.842777068784964,4.506861848124428,14,2.38440239941716,0.08485487903954492,5.833723679983582,4.794871794871795,14,2.3759083341338316,0.09901676556657814,5.7912456869847135,5.006410256410256,14,2.373065311508525,0.13079955235810445,5.736463950234156,5.509677419354839,14,2.367663887244564,0.15356071894616244,5.688818639692165,5.922077922077922,14,2.3573175002967592,0.18963767066210266,5.608837244748743,6.7368421052631575,14,2.348958752756055,0.2193046353786492,5.543439928822163,7.513333333333334,13,2.33425571346888,0.26841759779925345,5.433012886973319,8.734177215189874,13,2.3123615635762493,0.3006762349386154,5.3298895565327,9.909090909090908,12,2.265743163040879,0.33288423644263054,5.165031552938253,11.955696202531646,2.1335999285645797,0.5656191010742475,4.485571169800077,22
3.6,0,46000,2198,2.3787422046833675,0.03306720959097924,5.89725469732195,4.275388838060384,1.0,2.3647398110398044,0.009729886851708006,2.3647398110398044,0.0,0.0004388109690184096,5.89725469732195,14,2.2989826017146053,0.01486199575365118,5.725163510656038,4.089171974522293,14,2.395336908835102,0.02331545582404921,5.953369088351681,4.1528662420382165,14,2.359831005539795,0.02654853902843511,5.859754705306834,4.210191082802548,1,2.3787422046833675,0.03306720959097924,5.89725469732195,4.275388838060384,14,2.389672304904504,0.04722562595891243,5.9033423233228906,4.4743589743589745,14,2.382280874696762,0.06010933171416244,5.865538189170663,4.615384615384615,14,2.3820831160164353,0.08258166832624292,5.831335287551724,4.935483870967742,14,2.378487787979121,0.10030610076712428,5.7957603187971145,5.2272727272727275,14,2.372204000030091,0.13656199638752956,5.725667005493932,5.809210526315789,14,2.3675526169268775,0.1705551287958921,5.6630488491233555,6.366666666666666,13,2.3555299892071755,0.22639965684031074,5.549225487757472,7.39873417721519,13,2.3422924336400213,0.2739614264983957,5.444788944352459,8.448051948051948,12,2.3226438072371245,0.3515987445946425,5.279211401200848,10.284810126582279,1.915902498244219,0.4414662195398944,4.127556916300706,28
3.6,1,46017,2198,2.375004534845279,0.049184700521303366,5.863734286331244,4.416285452881977,1.0,2.3513570624784257,0.009772246576547447,2.3513570624784257,0.0,0.0007101924538839699,5.863734286331244,14,2.2989826017146053,0.014861995753651176,5.725163510656038,4.089171974522293,14,2.394141084789811,0.029294576050396585,5.941410847898931,4.191082802547771,14,2.358398507132405,0.0337110310652369,5.845429721233157,4.261146496815287,1,2.375004534845279,0.049184700521303366,5.863734286331244,4.416285452881977,14,2.3842130724103336,0.0652112828066988,5.862715756815787,4.647435897435898,14,2.3766503182059617,0.07939589527124322,5.822531952608042,4.794871794871795,14,2.373907763909538,0.11111357397461294,5.768099048811926,5.27741935483871,14,2.368148303725311,0.13746512165058103,5.714173076837406,5.746753246753247,14,2.3588560898710935,0.18177796445496364,5.624473277995287,6.565789473684211,14,2.349996502472254,0.21492380178318574,5.552605553505856,7.286666666666667,13,2.330048290455845,0.2699827436509411,5.4201466106632,8.670886075949367,13,2.309159689696423,0.31795490350588257,5.295966868982233,10.064935064935066,12,2.267790350460001,0.39395256505818566,5.078547028562725,12.531645569620252,1.7851150489213068,0.4300299635828191,3.817742676929038,28
3.6,2,46034,2198,2.371564292849389,0.07552467026822605,5.8156237267211335,4.629460201280878,1.0,2.3318756692438276,0.009376964258956948,2.3318756692438276,0.0,0.002186535726433293,5.8156237267211335,14,2.296434831013935,0.027600849256780746,5.699685803649668,4.165605095541402,14,2.390754992033936,0.048207703042459325,5.904575925521152,4.3312101910828025,14,2.355497304901642,0.057159144140333365,5.803004546043606,4.445859872611465,1,2.371564292849389,0.07552467026822605,5.8156237267211335,4.629460201280878,14,2.379214950120093,0.10527809769223707,5.790120228761877,4.987179487179487,14,2.36962908567282,0.11985382680566677,5.744291973973552,5.1923076923076925,14,2.362683434187164,0.16142029296455934,5.6645781460210705,5.7935483870967746,14,2.352858990268886,0.19388781213737044,5.591315757466158,6.318181818181818,14,2.3346976270151507,0.24936611488538252,5.462694895209801,7.348684210526316,14,2.318226181295204,0.29802150947228434,5.348533189029583,8.413333333333334,13,2.2892353604927833,0.3718439125575338,5.165322532395656,9.91139240506329,13,2.255554190288701,0.4183443845320666,5.011368898923651,11.285714285714286,12,2.180656530341968,0.4715055255994992,4.744383037455672,13.99367088607595,1.8844159656800408,0.41184194756182,4.093276992857372,28
3.6,3,46051,2198,2.3725071610841546,0.10641585027085428,5.771644127304106,4.811985361390668,1.0,2.3131481300477277,0.007484131876808958,2.3131481300477277,0.0,0.004657710898526901,5.771644127304106,14,2.29669918610899,0.039017927284509195,5.683221074345712,4.197452229299363,14,2.3906434066384334,0.06066160929842831,5.8856161026484415,4.375796178343949,14,2.3565357611132884,0.07653273889716819,5.776540294437469,4.54140127388535,1,2.3725071610841546,0.10641585027085428,5.771644127304106,4.811985361390668,14,2.3781573034110273,0.1606058610653969,5.704484466929474,5.410256410256411,14,2.3676409094232076,0.19987270759415748,5.619293212166784,5.839743589743589,14,2.3561146030201847,0.28558578292241554,5.461907833166836,6.890322580645162,14,2.340618161100052,0.3471130984088647,5.330875755136833,7.785714285714286,14,2.3019046049619996,0.45169189436949925,5.077223670850749,9.710526315789474,14,2.257880572101079,0.5214703034999372,4.862495975002791,11.566666666666666,13,2.1524977686709246,0.582265112467375,4.507846752976248,14.936708860759493,13,2.036200582107471,0.5687692091561904,4.2373476415343925,17.857142857142858,12,1.8490386654166509,0.48099395115325355,3.901105736811745,22.037974683544302,1.24431843357247,0.0342447431955728,3.0594289691378154,32
3.6,4,46068,2198,2.3667809304017244,0.09889433369109221,5.7686108254676745,4.822506861848124,1.0,2.312941526812453,0.009161994375640274,2.312941526812453,0.0,0.026647124538683457,5.7686108254676745,14,2.297921030589304,0.028662420382041573,5.7018089459002,4.159235668789809,14,2.3919656618174265,0.048523780876657485,5.90712848322858,4.2993630573248405,14,2.3554036313355735,0.0640218431917818,5.79247631355126,4.477707006369426,1,2.3667809304017244,0.09889433369109221,5.7686108254676745,4.822506861848124,14,2.3716461922259553,0.14769457263275376,5.707573621615756,5.358974358974359,14,2.359173206597647,0.1867391580033743,5.617824279489057,5.82051282051282,14,2.3411210483227918,0.27468329748924325,5.4407776745731145,6.980645161290322,14,2.322283808575654,0.3428232454633762,5.291474653244071,7.98051948051948,14,2.2813387832416967,0.4705633991502893,4.997501859378808,10.171052631578947,14,2.237709532332487,0.5618310723530741,4.751527222301608,12.24,13,2.1526299892754848,0.6370943474246273,4.425933452051771,15.221518987341772,13,2.097742039029979,0.6327830254924948,4.295180559336206,16.98701298701299,12,2.0160108665730276,0.5840171738373306,4.164001405676574,19.575949367088608,1.8572109654520983,0.47791499829868034,3.926154916182225,24
3.6,5,46085,2198,2.3605127623497784,0.16241916210793678,5.657653162712541,5.308325709057639,1.0,2.2680606033363353,0.00833223041886469,2.2680606033363353,0.0,0.0024723198452592174,5.657653162712541,14,2.292028273157762,0.06237249204024673,5.636511944834034,4.337579617834395,14,2.382353812685117,0.10727695565300331,5.794969098233288,4.67515923566879,14,2.349736086749889,0.13735741647835992,5.668304092157183,4.974522292993631,1,2.3605127623497784,0.16241916210793678,5.657653162712541,5.308325709057639,14,2.3568026189174076,0.23622353510406344,5.5376712446374246,6.282051282051282,14,2.338260958648159,0.29140717582987996,5.408541632875579,7.064102564102564,14,2.304114766854541,0.3888158925151704,5.177063078363597,8.793548387096774,14,2.2668577150979994,0.4433272555653608,5.002153404396956,10.175324675324676,14,2.1875694080587746,0.508368039281074,4.7063714612253245,12.789473684210526,14,2.112609461119666,0.530833068423282,4.485274050164242,15.053333333333333,13,1.97247061789693,0.506537816241626,4.171369820379885,18.924050632911392,13,1.8531039117076942,0.4499243329265633,3.9578732798793905,22.11038961038961,12,1.670238303322663,0.3437198364615041,3.6600160036144023,26.879746835443036,1.2795323479362792,0.05875936038681129,3.110691829260481,32
3.65,0,46500,2198,2.362305105203848,0.1597584401518413,5.6661251027818595,5.272644098810613,1.0,2.2730605111229214,0.011017450016963049,2.2730605111229214,0.0,0.0010041812840950472,5.6661251027818595,14,2.292452901607873,0.06024934978972514,5.640758229335096,4.32484076433121,14,2.381783198635511,0.10460347337402325,5.797552786527744,4.67515923566879,14,2.3454816926403987,0.12771898892857278,5.672125748208138,4.974522292993631,1,2.362305105203848,0.1597584401518413,5.6661251027818595,5.272644098810613,14,2.3572124624954753,0.2345139548467028,5.541260223968635,6.230769230769231,14,2.336316676618435,0.28450372783588784,5.4140360997922565,7.0256410256410255,14,2.297064775632738,0.3660405667306318,5.193601088985897,8.658064516129032,14,2.2605144840597244,0.41424984942536713,5.02991143601126,10.012987012987013,14,2.1884420405286464,0.47343763264765065,4.76094865235014,12.519736842105264,14,2.119990915419298,0.4909101147646346,4.563612116401294,14.766666666666667,13,1.982627905943032,0.4539259127934836,4.275680895667355,18.575949367088608,13,1.8822568088622402,0.41011555050973736,4.090468696390993,21.636363636363637,12,1.7581566848334769,0.34691958951464813,3.8750123278117194,25.651898734177216,1.3748300961150846,0.12546945214208716,3.2488710620745804,32
3.65,1,46517,2198,2.3566074070944523,0.18188942313781845,5.618684383029404,5.470722781335773,1.0,2.254125086666288,0.011085555757544574,2.254125086666288,0.0,0.00019031198564685512,5.618684383029404,14,2.2947363172134447,0.053078556263039894,5.6572229586390534,4.292993630573249,14,2.3864759812768064,0.0878681628576617,5.834387708905522,4.535031847133758,14,2.3504304975752195,0.12047220946933562,5.6953679297340445,4.853503184713376,1,2.3566074070944523,0.18188942313781845,5.618684383029404,5.470722781335773,14,2.3548378506468595,0.27331641952648705,5.477119997327418,6.487179487179487,14,2.333744062113231,0.3255500357996053,5.34603510158367,7.333333333333333,14,2.2894947302692983,0.42327744792242505,5.0888206537896075,9.296774193548387,14,2.246341925048299,0.4716136380261641,4.908434355581501,10.753246753246753,14,2.151667584843561,0.5110254565028892,4.6126307773545685,13.605263157894736,14,2.063192802836897,0.5103686362297485,4.392429052747619,16.32,13,1.9294349986621764,0.48160266360139015,4.101183501253356,20.582278481012658,13,1.830871827849608,0.4448936189544712,3.909839141192313,23.558441558441558,12,1.6773134352834136,0.35540106257169024,3.660181994350999,27.20886075949367,1.2348293948009101,0.02607159354387356,3.047966096686465,32
3.65,2,46534,2198,2.372898236779272,0.062149045030045716,5.839022024403113,4.520128087831656,1.0,2.3418917124337892,0.010471504454240919,2.3418917124337892,0.0,0.027426108606403942,5.839022024403113,14,2.2963546943364235,0.028001532644340986,5.698884436874549,4.159235668789809,14,2.3918547959772756,0.04072602011276107,5.918547959774046,4.2993630573248405,14,2.3552400373846436,0.049503379803657106,5.813845023756124,4.3949044585987265,1,2.372898236779272,0.062149045030045716,5.839022024403113,4.520128087831656,14,2.380658837896142,0.09670581051666355,5.806588378965359,4.910256410256411,14,2.369919068510832,0.12020663661900613,5.744487716348572,5.230769230769231,14,2.362896622054011,0.17258387455188448,5.648365743307201,5.916129032258064,14,2.3528866233348333,0.2137788582162588,5.561548271012694,6.454545454545454,14,2.3303359339328504,0.29283454654073704,5.38658801502102,7.598684210526316,14,2.3087226170940576,0.36115891718162324,5.2300681669627105,8.686666666666667,13,2.2600650084316127,0.471141999081725,4.943449522456445,10.841772151898734,13,2.2021730304028146,0.539033827412553,4.696881834888207,12.7987012987013,12,2.075320235850494,0.5716559996923468,4.330816590087716,16.38607594936709,1.4565381514516529,0.2070850519709877,3.3307178006726503,28
3.65,3,46551,2198,2.356130525913804,0.18917276632208305,5.606567165301387,5.54071363220494,1.0,2.2492792865182523,0.011087367329496348,2.2492792865182523,0.0,0.0005413742759044105,5.606567165301387,14,2.2925330382853524,0.07258751990529448,5.62245131585544,4.388535031847134,14,2.379586703807529,0.1195512739398917,5.769639848608985,4.75796178343949,14,2.345640305697401,0.14158805740672223,5.65171867813342,5.050955414012739,1,2.356130525913804,0.18917276632208305,5.606567165301387,5.54071363220494,14,2.3439556176963037,0.27032236629652434,5.454405494795973,6.730769230769231,14,2.3255949739272648,0.31743880248365147,5.337829231092685,7.467948717948718,14,2.2809499042112753,0.4138798713974365,5.081554953432034,9.522580645161291,14,2.234857646246398,0.4618122850227844,4.894425688081819,11.155844155844155,14,2.1423820039064414,0.5032437110333514,4.601089443216075,14.013157894736842,14,2.0628034297450646,0.513042055743371,4.387445490747606,16.36,13,1.925627020662725,0.4928339771874786,4.074816585875595,20.018987341772153,13,1.8040438197859412,0.43703711004593476,3.8545538843959504,22.59090909090909,12,1.6445154287870913,0.33610714964667127,3.607127847497721,25.829113924050635,1.3324461782194228,0.09827965022602436,3.18369597020952,32
3.65,4,46568,2198,2.376289221898841,0.05072085073045926,5.864641778651414,4.415827996340347,1.0,2.3522533983898106,0.01066114488207525,2.3522533983898106,0.0,0.01190027397946455,5.864641778651414,14,2.299327093487194,0.017385821391733013,5.722239001630387,4.089171974522293,14,2.394937263133762,0.02729634754377143,5.946398636518749,4.178343949044586,14,2.3584609561764287,0.03690819667582607,5.840790095427333,4.280254777070064,1,2.376289221898841,0.05072085073045926,5.864641778651414,4.415827996340347,14,2.38705083417098,0.07379854471574993,5.8569292683538245,4.673076923076923,14,2.377525828859576,0.09305630458186957,5.804230115276136,4.92948717948718,14,2.3731859979907473,0.12981907733709686,5.738236378971223,5.458064516129032,14,2.365394004385362,0.15524129957710675,5.680623061597744,5.863636363636363,14,2.347264009566316,0.20467597533545656,5.561146060912605,6.796052631578948,14,2.3313116817743342,0.24728124219030936,5.45735734115037,7.706666666666667,13,2.291966132503521,0.30346977961294425,5.274710661839386,9.487341772151899,13,2.2540587641046153,0.34867340846929745,5.112136797557593,11.058441558441558,12,2.1854853996755765,0.41490983169602474,4.841348751644904,14.183544303797468,1.4892100172769762,0.22705115739172044,3.38244830710486,32
3.65,5,46585,2198,2.296928402820329,0.5841199166891887,4.866141132017038,8.887465690759377,1.0,1.9542856930574242,0.013048733751014976,1.9542856930574242,0.0,0.0013403459285090266,4.866141132017038,14,2.3175059801635687,0.2789330015934496,5.375365448018747,5.13375796178344,14,2.356419220646762,0.39754563610136334,5.29472959746486,6.171974522292993,14,2.34395936230558,0.4947617877422745,5.1177557241505385,7.24203821656051,1,2.296928402820329,0.5841199166891887,4.866141132017038,8.887465690759377,14,2.1895044667596832,0.6496059368730942,4.499352261589566,12.211538461538462,14,2.0902978398325063,0.6222315737219819,4.2923972389982925,14.39102564102564,14,1.8825683506066657,0.5151203819648126,3.933740303569445,19.01290322580645,14,1.7572524696184004,0.4340488015299237,3.7420579717511164,22.006493506493506,14,1.5832554754813217,0.30430804651133414,3.5016766189363024,26.32236842105263,14,1.4858872880275018,0.22852067871574747,3.3719372019951326,28.74,13,1.3840185990101073,0.14744494921536652,3.2388790737022184,30.974683544303797,13,1.3289460754320965,0.1032946486733441,3.167423215570225,31.837662337662337,12,1.2731784757546438,0.058397184392054366,3.095350412798528,32.4746835443038,1.2156718359149996,0.013727198299571697,3.018588792338141,35
3.7,0,47000,2198,2.2817720078240376,0.5561601237402469,4.870189833949723,8.889295516925893,1.0,1.9586067939348273,0.017551433924895558,1.9586067939348273,0.0,0.012402432016154279,4.870189833949723,14,2.3213796770844737,0.3105199310011332,5.337669296209483,5.2165605095541405,14,2.3623162121165473,0.4225743731848907,5.271928970514032,6.32484076433121,14,2.3326198678850765,0.49517077261978726,5.08879351078301,7.337579617834395,1,2.2817720078240376,0.5561601237402469,4.870189833949723,8.889295516925893,14,2.1713340878009197,0.5974679550837149,4.532133286876727,12.038461538461538,14,2.080337961869353,0.5853733897129277,4.322784820103991,14.288461538461538,14,1.9046517818335855,0.5133758798894626,3.9915656347497697,18.664516129032258,14,1.797213787367596,0.4521135625251723,3.814864124631232,21.38961038961039,14,1.6403308303856001,0.35321688531033724,3.571001747998495,25.44736842105263,14,1.5423804736454985,0.28636884080823827,3.4263979229013874,27.973333333333333,13,1.427303884034144,0.20955490165924118,3.2539273575964986,30.962025316455698,13,1.370103016473377,0.17708129049513086,3.1596356054407457,32.688311688311686,12,1.3134714576520752,0.15869556378910427,3.045635298446532,35.107594936708864,1.1843055706881789,0.34430675175928505,2.4443037990815193,65
3.7,1,47017,2198,2.3025979426870973,0.5182255273643325,4.979156565671245,8.34263494967978,1.0,2.0016441254964277,0.016635832046549916,2.0016441254964277,0.0,0.016126220907779137,4.979156565671245,14,2.2963505435910423,0.20051721736157047,5.440100532935251,4.898089171974522,14,2.3528971227439506,0.32028520615170025,5.401814997632325,5.8471337579617835,14,2.3300634337497117,0.41607225837252615,5.201050196815491,6.8471337579617835,1,2.3025979426870973,0.5182255273643325,4.979156565671245,8.34263494967978,14,2.2176281905045823,0.6013744157829476,4.642008852587034,11.23076923076923,14,2.128876522659,0.6028870139515522,4.417860785720172,13.448717948717949,14,1.9544424165625829,0.5405282786929426,4.075313623367044,17.651612903225807,14,1.8472352188747805,0.48432519656131323,3.8916002523449817,20.37012987012987,14,1.6764859137965813,0.3790618751529891,3.622621971761969,24.907894736842106,14,1.5590122573063516,0.2989301947451147,3.4491353511482066,27.993333333333332,13,1.4405835974599186,0.21921533922181857,3.2726359848170685,31.234177215189874,13,1.380118041583219,0.18328591151017365,3.1753662366927866,33.032467532467535,12,1.3219884059127003,0.16242571857058402,3.061332436925874,35.41772151898734,1.1530078538889161,0.5329035448825361,2.083164317398486,65
3.7,2,47034,2198,2.2782535065372875,0.5719949547681383,4.837641334191011,9.021500457456542,1.0,1.9451426991723784,0.016810275826623425,1.9451426991723784,0.0,0.0006848417591565814,4.837641334191011,14,2.3096222580290773,0.29712018976030313,5.328375360432239,5.235668789808917,14,2.348431578344824,0.41940522510264105,5.2419711082081,6.375796178343949,14,2.3188594156546687,0.4986926356853709,5.0491095856086154,7.490445859872612,1,2.2782535065372875,0.5719949547681383,4.837641334191011,9.021500457456542,14,2.162095974189655,0.6245220718221978,4.468456827740841,12.39102564102564,14,2.05439511581796,0.5956281904645523,4.2425455038480715,14.846153846153847,14,1.8646697886189927,0.4966082922354637,3.9167620331942867,19.18064516129032,14,1.7394849978688602,0.41201509971838507,3.730689845094573,22.149350649350648,14,1.575230845821531,0.29100411523341413,3.5015709417037058,26.276315789473685,14,1.480195023737334,0.21681375739956257,3.37526692324399,28.66,13,1.375989306305811,0.1326980747854399,3.240926153586367,31.10126582278481,13,1.3300055966912776,0.09716300423185965,3.1792694853804044,31.805194805194805,12,1.287255922313473,0.06529271293961107,3.1202007363742656,31.99367088607595,1.2114350557876694,0.008300852139987658,3.016136361259192,32
3.7,3,47051,2198,2.2671767132879372,0.5866422707070872,4.787978377159212,9.240622140896615,1.0,1.9259364140871298,0.017908438705741592,1.9259364140871298,0.0,0.001389169440646295,4.787978377159212,14,2.291519357284757,0.2390147359457989,5.370276289293194,5.057324840764331,14,2.3403105592366598,0.3855598628382425,5.2724366038342865,6.248407643312102,14,2.314601379809719,0.48690009185633015,5.0561533117398,7.414012738853503,1,2.2671767132879372,0.5866422707070872,4.787978377159212,9.240622140896615,14,2.147677958595175,0.6290463133215574,4.425625426505602,12.583333333333334,14,2.0382138125981957,0.5867242362425553,4.215448177131656,14.987179487179487,14,1.8329890157862037,0.4762690526988624,3.868068960417216,19.70967741935484,14,1.7172418227426876,0.39859029640302585,3.6952191122521807,22.51948051948052,14,1.5686483006885883,0.2896187917699881,3.4871925640664876,26.36842105263158,14,1.4825402040251792,0.2218517321953073,3.373572911769987,28.64666666666667,13,1.3970897180304198,0.15384872835532157,3.2619512025430675,30.689873417721518,13,1.353805964957815,0.12057735108215444,3.2036488857713055,31.415584415584416,12,1.3105042771998803,0.08632398108646942,3.1467747213699964,31.968354430379748,1.2252660554678994,0.018133478750442578,3.0359649205440844,32
3.7,4,47068,2198,2.262832325732549,0.587563233298358,4.775735964383837,9.300091491308326,1.0,1.9213161506025478,0.01836960808168891,1.9213161506025478,0.0,0.0009674785742886673,4.775735964383837,14,2.3062210796833322,0.282799356431632,5.3413536645608835,5.1528662420382165,14,2.334661643027333,0.396616565668922,5.2417292590649485,6.350318471337579,14,2.298226302584997,0.48287538247732337,5.021252682746508,7.56687898089172,1,2.262832325732549,0.587563233298358,4.775735964383837,9.300091491308326,14,2.142961400060892,0.609899196242298,4.442554705788782,12.570512820512821,14,2.038483138813574,0.581507678637637,4.223946329077477,14.955128205128204,14,1.8398373939416304,0.47621578238979023,3.8852698112693904,19.529032258064515,14,1.7167912652162927,0.3948138860935586,3.6997573339003926,22.551948051948052,14,1.5569434849261796,0.2785909964002585,3.4744722177150615,26.67763157894737,14,1.4608610959618626,0.2041386302855373,3.3459447944763503,29.08,13,1.3605620226622719,0.1252821376421807,3.2134818501924087,31.120253164556964,13,1.3177583155454475,0.09089478646459927,3.1580536091667195,31.727272727272727,12,1.2762604801909185,0.05804573830857576,3.1035825930144325,31.962025316455698,1.2227306707691035,0.01591996024026976,3.032946736562354,32
3.7,5,47085,2198,2.262984982224041,0.5999098378246738,4.7575976988230915,9.410795974382435,1.0,1.914089906397218,0.018418044779968456,1.914089906397218,0.0,0.0015420219545507154,4.7575976988230915,14,2.3162039990056433,0.3279057523928662,5.298651368924809,5.32484076433121,14,2.3465176372604866,0.4695955913581973,5.161900706113921,6.662420382165605,14,2.3042746736168653,0.5401312662749257,4.950489784629775,7.898089171974522,1,2.262984982224041,0.5999098378246738,4.7575976988230915,9.410795974382435,14,2.128301594016008,0.624964419953645,4.383307355109553,12.98076923076923,14,2.010126602594727,0.5788890959993396,4.156982862487808,15.551282051282051,14,1.8136695489978527,0.46257583234398003,3.8403101239786617,20.058064516129033,14,1.7097047356501462,0.38973578475893944,3.689658161986956,22.623376623376622,14,1.5653259858185469,0.28314191188829757,3.48860209671392,26.42105263157895,14,1.4810025922015755,0.21859540600744046,3.3746133714927775,28.66,13,1.3847277197484917,0.14389463551034692,3.2459773461057084,30.860759493670887,13,1.3346299255515284,0.1053891749223827,3.178491051495247,31.474025974025974,12,1.2865163196071512,0.06732804336755431,3.1152987339665463,31.924050632911392,1.2170428466899044,0.012636962521083817,3.023651672943135,32
3.75,0,47500,2198,2.2261260325576933,0.7482844360749389,4.442888427281824,10.734675205855444,0.9990850869167429,1.7974560133283086,0.03383440402596495,1.7974560133283086,0.0,0.10749465047500395,4.442888427281824,14,2.3109430740969645,0.487926831267883,5.045467438340587,5.681528662420382,14,2.32537089357309,0.6199631671220633,4.88348248324963,7.203821656050955,14,2.2985916186158413,0.7084211277172899,4.683847354963668,8.764331210191083,1,2.2261260325576933,0.7482844360749389,4.442888427281824,10.734675205855444,14,2.0779249683080634,0.7543098289125229,4.063347677401374,15.192307692307692,14,1.9855388227604551,0.7399718757009277,3.853889243349747,18.16025641025641,14,1.8287050166280636,0.6991720004645132,3.523004540873388,24.135483870967743,14,1.7421549650155947,0.6840982232853585,3.3292400776109496,28.525974025974026,14,1.6217083759979583,0.6862707909506689,3.024864753568892,37.0,14,1.5484108907026393,0.7094678374050847,2.8068254706489713,44.62,13,1.443447890266728,0.7338208662738273,2.5078884262560788,57.81012658227848,13,1.3586985444955633,0.7324426534778419,2.2980823810221453,69.8896103896104,12,1.2491645907365587,0.7323153110538321,2.0244385102606484,90.12658227848101,0.7194191118285719,0.5214509321412399,1.0163713813595698,246
3.75,1,47517,2198,2.2151188175525776,0.735239109291081,4.434938379944821,10.759377859103385,0.9958828911253431,1.793982648432034,0.03334549409017505,1.793982648432034,0.0,0.10506527218091094,4.434938379944821,14,2.327591062411293,0.53784142787984,5.012215514208472,5.6369426751592355,14,2.3247083268729676,0.6358280706034705,4.858028711277213,7.171974522292993,14,2.2781331268387994,0.6903545700063127,4.659800962087531,8.643312101910828,1,2.2151188175525776,0.735239109291081,4.434938379944821,10.759377859103385,14,2.0824700886945617,0.7473557395511545,4.085141612409672,14.929487179487179,14,1.981201564969261,0.7302611974227128,3.857612116289082,18.134615384615383,14,1.829509439197772,0.6947182143340824,3.5316962764933066,24.116129032258065,14,1.7491112460086788,0.6838002916662341,3.3470776775223463,28.337662337662337,14,1.6361208847574853,0.6853496835945124,3.0622776865019445,36.31578947368421,14,1.5674006848651232,0.7036341078466154,2.8630505503928845,43.21333333333333,13,1.476664122010919,0.7554131327795139,2.5585406058580262,56.24050632911393,13,1.4193385367929918,0.8136383916339794,2.327888754531511,68.32467532467533,12,1.325827138664421,0.8924082027089755,1.9759555425975888,91.74683544303798,0.7363710594606485,0.5289270838868962,1.047537022821277,253
3.75,2,47534,2198,2.23723276390174,0.7586054385678865,4.455173751902521,10.615736505032022,0.9977127172918573,1.8038514726345152,0.03630328645584537,1.8038514726345152,0.0,0.08876630910142218,4.455173751902521,14,2.289665993397351,0.4932761943435857,4.984250691977999,5.617834394904459,14,2.322616471767797,0.6257902321898068,4.867855831134781,7.1210191082802545,14,2.3019653244453404,0.7044791749450959,4.6981945486957075,8.598726114649681,1,2.23723276390174,0.7586054385678865,4.455173751902521,10.615736505032022,14,2.1066315085097043,0.7830500287940345,4.092003728083209,14.865384615384615,14,2.021005226015491,0.7898589531026966,3.867724635384683,18.108974358974358,14,1.8643227754009404,0.7634209125477993,3.515675569680651,24.43225806451613,14,1.767012371741672,0.7411581474545872,3.305793708172299,29.084415584415584,14,1.6195849439819916,0.6933921165981713,3.008874185057722,37.31578947368421,14,1.529301599842122,0.6676724956735762,2.82174525609494,43.78,13,1.426189560612833,0.6569989331266701,2.579975501842077,54.59493670886076,13,1.358486584354611,0.6503525089117854,2.42068769751885,63.753246753246756,12,1.2662359384014132,0.6412943195590474,2.203648366664962,80.36708860759494,0.9825530527824349,0.43785529014804925,1.799599696734013,232
3.75,3,47551,2198,2.234130082036403,0.7459622090997693,4.466381891441354,10.667429094236047,0.9995425434583715,1.8067312071177293,0.033630750901979235,1.8067312071177293,0.0,0.09370363877914308,4.466381891441354,14,2.319186931576683,0.4821975385293194,5.0746710211477275,5.598726114649682,14,2.3198960587708637,0.5974594549354821,4.903550964523936,7.127388535031847,14,2.2942065453281506,0.693378914527162,4.695447991529632,8.700636942675159,1,2.234130082036403,0.7459622090997693,4.466381891441354,10.667429094236047,14,2.101775552710321,0.7653634238964718,4.106393745931094,14.929487179487179,14,1.9920763965810504,0.741979134444147,3.867222289786405,18.121794871794872,14,1.83963859898353,0.7112913751237109,3.5321594347732588,24.193548387096776,14,1.759385590023125,0.7077850239207132,3.3367864391767434,28.551948051948052,14,1.6413279068311097,0.7157147059260458,3.029747708188706,37.125,14,1.561501226026773,0.7341827029403866,2.802479010656352,44.98,13,1.4519875193708083,0.7658926538318744,2.481129817679209,59.04430379746835,13,1.38240042054172,0.799589643492504,2.2566165861155443,71.62987012987013,12,1.2742221678973085,0.8339291905293302,1.934661633949276,94.88607594936708,0.5325733376050519,0.3956436571459119,0.737967858293762,260
3.75,4,47568,2198,2.2408823436845307,0.7653857879029023,4.454127177356972,10.779048490393413,0.9990850869167429,1.8026284869862648,0.03496269340579246,1.8026284869862648,0.0,0.12219378236734191,4.454127177356972,14,2.3276357611985987,0.5111824244355996,5.0523157663430975,5.598726114649682,14,2.3349609512942617,0.6381112463572515,4.880235508699777,7.1847133757961785,14,2.314013907015319,0.7194204022331538,4.705904164188567,8.662420382165605,1,2.2408823436845307,0.7653857879029023,4.454127177356972,10.779048490393413,14,2.127542639205512,0.8081834698224455,4.106581393280114,14.955128205128204,14,2.0292571988254053,0.7976882166837291,3.8766106720379194,18.147435897435898,14,1.872900577870245,0.775166365431073,3.519501896529004,24.580645161290324,14,1.7845327115009335,0.7675695949909047,3.3099773862659756,29.435064935064936,14,1.6676180051473868,0.772113320500825,3.010875032117229,38.21052631578947,14,1.585193122853097,0.7828510171308332,2.788706281436493,46.36666666666667,13,1.4652352266292321,0.7981184735953948,2.4659103561799887,61.25316455696203,13,1.3857347240403208,0.8093529032523521,2.250307455222274,74.24025974025975,12,1.2716056048866358,0.7915115310536935,1.991746715636048,95.68987341772151,0.6802967672496585,0.5147937632192419,0.9285512732952835,261
3.75,5,47585,2198,2.2088120448790534,0.720351837882862,4.44150235537334,10.727355901189387,0.9981701738334858,1.7930334576945888,0.027387525908754623,1.7930334576945888,0.0,0.07299887084847989,4.44150235537334,14,2.325372139910661,0.5011860934712932,5.061651209569712,5.6050955414012735,14,2.3189641101170855,0.6116110771573924,4.879993659556625,7.1528662420382165,14,2.2857234250929834,0.678008002900937,4.697296558381054,8.64968152866242,1,2.2088120448790534,0.720351837882862,4.44150235537334,10.727355901189387,14,2.040298889348338,0.6933256901436706,4.060758688155338,14.974358974358974,14,1.9208454164811537,0.6371027601833893,3.8464594009277997,18.03846153846154,14,1.7422344759164763,0.5518249492113501,3.527848765974165,23.64516129032258,14,1.6439116481767078,0.5098399597201521,3.3450191808615415,27.5,14,1.5290324207005923,0.4850592283224974,3.094992209267734,34.05921052631579,14,1.46053413075694,0.48599472461156024,2.922343239975009,39.553333333333335,13,1.385701316428081,0.519187921650892,2.6854714085938647,49.08227848101266,13,1.3307813335137033,0.547777123014728,2.5052876492621663,58.175324675324674,12,1.2564135525130813,0.5984748316822627,2.243321633759309,74.74050632911393,0.9245909675690276,0.6577836234489276,1.3248019837491776,221
3.8,0,48000,2198,2.5293033999321026,1.338114123801294,4.316087314128316,12.096980786825252,0.9986276303751144,1.7765584203546176,0.0835391578388188,1.7765584203546176,0.0,0.2018169110112654,4.316087314128316,14,2.2771439179804087,0.6851907114613015,4.6650737277590695,5.796178343949045,14,2.4102703182924663,0.9240326635948124,4.639626800338947,7.611464968152866,14,2.469813645052103,1.1158343602070029,4.500782572319753,9.394904458598726,1,2.5293033999321026,1.338114123801294,4.316087314128316,12.096980786825252,14,2.538091754400547,1.61703063604292,3.9196834319369875,18.08974358974359,14,2.501036374789439,1.7375296123380515,3.6462965184665186,23.185897435897434,14,2.3687781607949794,1.8317588105022424,3.174307186234085,34.56774193548387,14,2.239711060346638,1.8082708595666028,2.8868713615166905,43.701298701298704,14,1.9894322337094597,1.6837245650445958,2.447993736706757,62.38815789473684,14,1.7933935249902873,1.5550889914872104,2.1508503252449023,79.54,13,1.508180881863894,1.3332690693531632,1.7705486006299902,109.41772151898734,13,1.3131644275936312,1.163806545618058,1.537201250556991,135.02597402597402,12,1.0705748485520261,0.9450605684847869,1.2588462686528845,176.4240506329114,0.3787867143707508,0.28811571638497746,0.5147932113494108,441
3.8,1,48017,2198,2.5839627086987313,1.4202461172810597,4.329537595825239,12.26715462031107,1.0,1.7895477532000152,0.09622119144986614,1.7895477532000152,0.0,0.20543919730502802,4.329537595825239,14,2.302553940543998,0.713171490380943,4.686627615788579,5.885350318471337,14,2.4513085836254738,0.9625653019383118,4.684423506156216,7.732484076433121,14,2.5177312128191844,1.164697898496271,4.5472811843035545,9.509554140127388,1,2.5839627086987313,1.4202461172810597,4.329537595825239,12.26715462031107,14,2.603017608638335,1.724198048025362,3.9212469495577955,18.487179487179485,14,2.56843985366344,1.8341822387513138,3.669826276031629,23.75,14,2.411010627968495,1.8887788545248008,3.194358288134034,35.41290322580645,14,2.272629603936111,1.8497573887690635,2.9069379266866817,44.81818181818182,14,2.025416483656465,1.7226153105975743,2.4796182432448006,63.55921052631579,14,1.829239157292011,1.585369481726698,2.1950436706399805,80.35333333333334,13,1.5543132041799952,1.3739935120230398,1.824792742415428,110.10126582278481,13,1.3639213499309328,1.214110220240206,1.5886380444670225,135.92207792207793,12,1.1132227766364784,0.989809177206579,1.2983431757813269,179.40506329113924,0.3575048725165212,0.27341868404743197,0.48363415522015496,460
3.8,2,48034,2198,2.5681836100544064,1.3900776307985063,4.335342578938257,12.150503202195791,0.9967978042086002,1.7881578836089826,0.09003475338946625,1.7881578836089826,0.0,0.1996796046493895,4.335342578938257,14,2.330484597407908,0.6989081211908941,4.777849311733428,5.808917197452229,14,2.451315764135615,0.968228344330429,4.675946893843395,7.611464968152866,14,2.533125387716969,1.1844818049182049,4.556090761915116,9.477707006369426,1,2.5681836100544064,1.3900776307985063,4.335342578938257,12.150503202195791,14,2.5779697840722977,1.6748597424161302,3.932634846556549,18.28205128205128,14,2.540373912802054,1.7955348392337787,3.6576325231544673,23.416666666666668,14,2.392671079049305,1.8666347517465862,3.1817255700033824,34.95483870967742,14,2.2643917586145728,1.8463688818612913,2.891426073744495,44.41558441558441,14,2.009107077258466,1.7164914453371096,2.4480305251405,63.08552631578947,14,1.8161228425385558,1.5895703904548395,2.155951520664131,80.3,13,1.5358966554639282,1.3719160335051608,1.7818675884020796,110.68354430379746,13,1.3455926743941427,1.2076798950685115,1.5524618433825894,136.6818181818182,12,1.0949777801941425,0.9800113612473522,1.2674274086143276,179.32911392405063,0.3311621667056801,0.2539139917363129,0.4470344291597308,469
3.8,3,48051,2198,2.5573831158010214,1.3662410110960568,4.344096272858468,12.16971637694419,0.9977127172918573,1.791796713007168,0.0902636731063012,1.791796713007168,0.0,0.18502234351905414,4.344096272858468,14,2.323718638013767,0.6706463841964129,4.8033270187397985,5.8789808917197455,14,2.424318974739766,0.9182020007504668,4.683494435723715,7.75796178343949,14,2.5148908592401806,1.1407827237607222,4.576053062459369,9.579617834394904,1,2.5573831158010214,1.3662410110960568,4.344096272858468,12.16971637694419,14,2.5883183933001224,1.6732081745376126,3.960983721443886,18.262820512820515,14,2.5441428389094622,1.7773770544634824,3.694291515578431,23.326923076923077,14,2.409445838745855,1.8592502388778227,3.234739238547903,34.60645161290323,14,2.2785108742070324,1.8338038085603183,2.9455714726771043,43.84415584415584,14,2.0343007188225632,1.7191823083273454,2.5069783345653907,62.55921052631579,14,1.8389291667863632,1.5897952662399266,2.212630017606017,79.76,13,1.550533337571648,1.368863001381371,1.8230388418570627,110.24683544303798,13,1.36134188090253,1.2109212018795887,1.5869728994369414,135.85714285714286,12,1.1090291124548797,0.987851741174697,1.2907951693751534,178.4746835443038,0.32728280220341976,0.2494897319021332,0.44397240765534973,458
3.8,4,48068,2198,2.56493789197678,1.3796250375020258,4.3429071736889115,12.195791399817017,0.9986276303751144,1.7889065224749174,0.08623942166558766,1.7889065224749174,0.0,0.19473733979876992,4.3429071736889115,14,2.3286570973978136,0.6978673037903328,4.774841787809035,5.872611464968153,14,2.4578458656666595,0.9528902372393522,4.71527930830762,7.687898089171974,14,2.5322831299423916,1.1657133485467406,4.582137802035867,9.547770700636942,1,2.56493789197678,1.3796250375020258,4.3429071736889115,12.195791399817017,14,2.5865759546881493,1.6815913894879555,3.94405280248844,18.403846153846153,14,2.5536214371527453,1.8077542833315101,3.6724221678845983,23.628205128205128,14,2.4029131101852075,1.8759823033520302,3.1933093204349725,35.20645161290322,14,2.2669179703660847,1.8468655865597408,2.8969965460755995,44.603896103896105,14,2.0098576662857996,1.7158364858615966,2.4508894369221044,63.58552631578947,14,1.8075521820536096,1.5779517809155776,2.1519527837606565,80.95333333333333,13,1.519379193504016,1.3527039514868886,1.769392056529707,111.4113924050633,13,1.3214888900632158,1.1847511410125107,1.5265955136392733,137.77272727272728,12,1.061183581079844,0.9510957404648775,1.226315342002293,181.29113924050634,0.3188738986279096,0.24308001854272865,0.43256471875568103,453
3.8,5,48085,2198,2.5527156271271005,1.353006345077652,4.352279550201274,12.08508691674291,0.994053064958829,1.792680853612836,0.08628172255387723,1.792680853612836,0.0,0.20054171714946611,4.352279550201274,14,2.2916291754090214,0.7183596206945265,4.651533507480765,5.8471337579617835,14,2.4208861861033224,0.9518833403393262,4.6243904547493155,7.6687898089171975,14,2.4849572685067027,1.1253980537299326,4.524296090671857,9.394904458598726,1,2.5527156271271005,1.353006345077652,4.352279550201274,12.08508691674291,14,2.5428154218060373,1.613761164205981,3.9363968082061214,18.153846153846153,14,2.506989116121175,1.726056761565244,3.678387647955069,23.044871794871796,14,2.3759125910645573,1.8186356529564585,3.211827998226706,34.31612903225806,14,2.2598810231857023,1.8163418216692688,2.9251898254603526,43.493506493506494,14,2.017658327643837,1.7060743875626436,2.4850342377656274,62.10526315789474,14,1.8202486487705178,1.57548174268287,2.1873990079019903,79.22,13,1.5381661532740143,1.3567924066347146,1.8102267732329638,109.21518987341773,13,1.3483473739413134,1.19593860617139,1.576960525596198,134.25324675324674,12,1.0959390532919868,0.9718393947003003,1.2820885411795164,176.39240506329114,0.34170179107862597,0.26060021427499835,0.4633541562840673,456
3.828427,0,48284,2198,2.743729541969157,1.61014200859279,4.444110842033708,12.633119853613907,1.0,1.8376329512227882,0.09998102401550826,1.8376329512227882,0.0,0.18750142828073113,4.444110842033708,14,2.432575493105757,0.7993566947031097,4.882403690709727,5.949044585987261,14,2.5670947062460585,1.1118565240746372,4.74995197950319,7.904458598726115,14,2.6658821070516456,1.3493213932183283,4.640723177801621,9.840764331210192,1,2.743729541969157,1.61014200859279,4.444110842033708,12.633119853613907,14,2.7658581935224245,1.9131723068782627,4.044887023488668,19.19871794871795,14,2.7234870162105946,2.030696518445741,3.762672762857874,24.73076923076923,14,2.5464867916011333,2.0574671764155967,3.2800162143794385,37.019354838709674,14,2.392071726557203,2.0033543934896554,2.9751477261585246,46.967532467532465,14,2.1153993345734152,1.8485988040174106,2.515600130407423,67.59210526315789,14,1.8974624316617716,1.6905208661439175,2.207874779938553,86.56666666666666,13,1.5781292829345852,1.4266158163994187,1.805399482737334,120.28481012658227,13,1.3678505463820811,1.2404512571694806,1.5589494802009825,149.19480519480518,12,1.0913518315585027,0.9849750231884971,1.2509170441135113,197.54430379746836,0.32286962495964383,0.24300344669667062,0.44266889235410367,496
3.828427,1,48301,2198,2.7335636053965695,1.5994180290096192,4.434781969976995,12.546660567246112,1.0,1.8312532795112655,0.09556748586744612,1.8312532795112655,0.0,0.17493381904837543,4.434781969976995,14,2.3947835610464026,0.7664687435447245,4.83725578729892,5.859872611464968,14,2.560190583038698,1.1029932030131915,4.745986653076958,7.796178343949045,14,2.658183996869409,1.348981589953083,4.621987607243899,9.668789808917197,1,2.7335636053965695,1.5994180290096192,4.434781969976995,12.546660567246112,14,2.754494998831037,1.8968738664357603,4.040926697423951,18.942307692307693,14,2.6950497325153493,1.9868953166813719,3.7572813562663154,24.25,14,2.5320819691624936,2.031671947383797,3.282697001830539,36.21935483870968,14,2.3868553211573174,1.9882369967826656,2.9847828077192955,46.02597402597402,14,2.1112293722434674,1.831714763734128,2.5305012850074764,65.8092105263158,14,1.9020565627723771,1.685991669560395,2.22615390259035,84.05333333333333,13,1.5939051302480025,1.440707171098732,1.8237020689719086,117.04430379746836,13,1.3831873690176955,1.2549052695390346,1.575610518235687,145.5974025974026,12,1.1135038000145343,1.007124075498574,1.2730733867884743,192.65189873417722,0.29823408574438703,0.22220071857503365,0.4122841364984171,499
3.828427,2,48318,2198,2.7314676865799856,1.578057233427696,4.46158336630842,12.529277218664227,0.9995425434583715,1.8412388478037547,0.09434250213397713,1.8412388478037547,0.0,0.20378048122173117,4.46158336630842,14,2.3844717935240647,0.7633047838936414,4.816222307969698,5.872611464968153,14,2.553387986495392,1.0883303496944696,4.750974441696775,7.777070063694268,14,2.6700016454088056,1.3435237491286691,4.659718489829011,9.694267515923567,1,2.7314676865799856,1.578057233427696,4.46158336630842,12.529277218664227,14,2.738828675575278,1.8694535256826936,4.042891400414156,18.942307692307693,14,2.7046377422277583,1.9842627779530857,3.785200188639766,24.333333333333332,14,2.553762759498972,2.0548409210377048,3.3021455171908722,36.44516129032258,14,2.4134592231612215,2.0191221826696837,3.0049647838985285,46.285714285714285,14,2.1404260345975397,1.8689073310677973,2.5477040898921532,66.36842105263158,14,1.9207784684972307,1.712903627171673,2.232590730485567,85.11333333333333,13,1.610011922543671,1.4624588683800035,1.8313415037891727,118.54430379746836,13,1.400543613520694,1.280627895476503,1.5804171905869806,147.41558441558442,12,1.1246922140303208,1.0268826004210958,1.2714066344441586,195.78481012658227,0.34141678859341185,0.26068624895617765,0.4625125980492631,491
3.828427,3,48335,2198,2.726424015963934,1.5860719469900104,4.436952119424819,12.573193046660567,1.0,1.8307957513671902,0.09335817266210412,1.8307957513671902,0.0,0.19120660153843572,4.436952119424819,14,2.4251132080835363,0.8075890593550558,4.851399431176257,5.904458598726115,14,2.574686535460595,1.1256334050648533,4.748266231054206,7.828025477707007,14,2.663560554845193,1.373231240185083,4.599054526835358,9.700636942675159,1,2.726424015963934,1.5860719469900104,4.436952119424819,12.573193046660567,14,2.7446447048468245,1.8919809934410012,4.02364027195556,19.08974358974359,14,2.6947277598923085,1.9936976117131446,3.7462729821610528,24.525641025641026,14,2.5283171576408905,2.042958170861574,3.2563556378098637,36.89677419354839,14,2.3802114668237566,2.0014934208295228,2.948288535815109,47.04545454545455,14,2.103621913749676,1.846473600529095,2.4893443835805473,67.5657894736842,14,1.8947958705242762,1.6981587465822396,2.1897515564373307,86.12666666666667,13,1.5887606705840525,1.4536385336108895,1.791443876043796,119.44303797468355,13,1.3749533676461398,1.2654957835018161,1.5391397438626249,148.4805194805195,12,1.0959175289299588,1.0058219052309905,1.2310609644784107,196.18987341772151,0.3102820499532126,0.238379265475126,0.4181362266703426,498
3.828427,4,48352,2198,2.69787796819607,1.54360467848675,4.42928790276005,12.497712717291858,0.9990850869167429,1.8277733428026128,0.09343030283098788,1.8277733428026128,0.0,0.19414551259523632,4.42928790276005,14,2.381964570865761,0.7424325373265869,4.841262621174521,5.89171974522293,14,2.5525106337877657,1.0581067032115494,4.79411652965209,7.7834394904458595,14,2.631739713768294,1.300648435404357,4.6283766313141985,9.726114649681529,1,2.69787796819607,1.54360467848675,4.42928790276005,12.497712717291858,14,2.7272727941796444,1.8563349605480641,4.033679544627015,18.891025641025642,14,2.6770397724357236,1.95797625194376,3.755635053173668,24.173076923076923,14,2.5212204678718915,2.017655784484281,3.276567492953307,36.13548387096774,14,2.375908315731358,1.9746740062129522,2.9777597800089666,45.95454545454545,14,2.1059647432179327,1.8272751755133236,2.5239990947748456,65.85526315789474,14,1.8974238237095407,1.6834037887508018,2.218453876147649,84.10666666666667,13,1.597384727255535,1.445663277990306,1.8249669011533787,116.28481012658227,13,1.3892901085486775,1.2654585801330485,1.575037401172121,144.2792207792208,12,1.117496388650139,1.0154516267629157,1.2705635314809745,190.60759493670886,0.31727730527139353,0.2429812009763741,0.42872146171392256,491
3.828427,5,48369,2198,2.7076458642601637,1.5767875919234664,4.40393327276521,12.582342177493139,1.0,1.8209982797588777,0.09904161775465649,1.8209982797588777,0.0,0.2109641921426918,4.40393327276521,14,2.373896630313661,0.7838960723858562,4.758897467205368,5.89171974522293,14,2.5188166071264653,1.07942393052907,4.677905622022558,7.834394904458598,14,2.6148198976120396,1.3201272416901095,4.556858881494936,9.770700636942674,1,2.7076458642601637,1.5767875919234664,4.40393327276521,12.582342177493139,14,2.7159636373966363,1.8701155477195197,3.9847357719123124,19.044871794871796,14,2.6841313974590837,1.98958305228448,3.725953915220988,24.487179487179485,14,2.521920539911273,2.035211552184611,3.2519840215012663,36.593548387096774,14,2.371895317748461,1.9864647344060906,2.950041192762017,46.5,14,2.1074610931588214,1.8412926872275905,2.5067137020556665,66.4407894736842,14,1.8994016117265764,1.6954207329964437,2.205372929821775,84.72,13,1.6011345869815339,1.4588473964227087,1.814565372819772,117.27215189873418,13,1.3972941113892958,1.281498021287669,1.570988246541736,145.33766233766235,12,1.1237771290542835,1.030254190833086,1.26406153638608,192.5,0.3356476888516141,0.25816307002289207,0.45187461709469723,479
3.85,0,48500,2198,2.8044149132586065,1.6602225171656633,4.520703507398021,12.664226898444648,1.0,1.864337658130205,0.09342709195166053,1.864337658130205,0.0,0.1910935664117932,4.520703507398021,14,2.4311454851453376,0.8118768513054979,4.860048435905097,5.936305732484076,14,2.6138803013936993,1.1502526725530378,4.809321744654693,7.8789808917197455,14,2.722715137090999,1.407729089565566,4.695194208379148,9.815286624203821,1,2.8044149132586065,1.6602225171656633,4.520703507398021,12.664226898444648,14,2.825437760140481,1.966461878450707,4.113901582675142,19.153846153846153,14,2.7772343763161107,2.0783426813638632,3.82557191874448,24.705128205128204,14,2.6079691440460437,2.124502518878011,3.333169081798093,37.04516129032258,14,2.4612892026627007,2.0795105077843625,3.0339572449802072,47.077922077922075,14,2.182225341056062,1.916189856207006,2.5812785683296453,67.25,14,1.9698394355911455,1.7651107096372607,2.276932524521973,85.66666666666667,13,1.6523437299703212,1.5052633644253308,1.872964278287806,119.0886075949367,13,1.4337488416229938,1.314682722704097,1.6123480200013391,148.69480519480518,12,1.1370373608865028,1.0437619870312844,1.2769504216693308,200.06962025316454,0.323123860643736,0.24443826520409173,0.44115225380320233,505
3.85,1,48517,2198,2.784790270927421,1.6395085504886735,4.5027128515855415,12.562671546203111,1.0,1.856208502736214,0.09187227016999552,1.856208502736214,0.0,0.19930848778699967,4.5027128515855415,14,2.4310018147700068,0.8291014399351117,4.833852377022349,5.929936305732484,14,2.6392057184038715,1.185030703026466,4.820468241469979,7.853503184713376,14,2.721119044732674,1.405071004213027,4.695191105512145,9.751592356687897,1,2.784790270927421,1.6395085504886735,4.5027128515855415,12.562671546203111,14,2.7935007764524995,1.929975728241969,4.088788348768294,19.05128205128205,14,2.77105385144751,2.070748364015369,3.821512082595722,24.5,14,2.614009481944111,2.126575610267536,3.345160289458973,36.6,14,2.467329498931944,2.08298840052982,3.04384114653513,46.4025974025974,14,2.1968204281100934,1.9285195696913031,2.5992717157382788,66.25,14,1.9816565372339725,1.7738118023480902,2.2934236395627954,84.49333333333334,13,1.671597083098697,1.5191529703576023,1.9002632522103393,117.17088607594937,13,1.4574317935188397,1.3291541611541415,1.649848242065887,145.78571428571428,12,1.1770254968727663,1.0691947341734438,1.3387716409217494,193.96835443037975,0.33075832113234427,0.25032374997117524,0.45141017787409776,496
3.85,2,48534,2198,2.8025688473326476,1.6723214297876636,4.497939973650123,12.659194876486733,1.0,1.8543229602016849,0.0919116179027256,1.8543229602016849,0.0,0.19330067273875756,4.497939973650123,14,2.4446659111059867,0.8303242438224917,4.866178412031229,5.923566878980892,14,2.6043206547042628,1.1476414514481743,4.789339459588396,7.8789808917197455,14,2.7340676144614218,1.423078199589167,4.700551736769805,9.834394904458598,1,2.8025688473326476,1.6723214297876636,4.497939973650123,12.659194876486733,14,2.8080325642891997,1.9589239095020872,4.081695546469868,19.185897435897434,14,2.7638601519493555,2.0800632429192754,3.789555515494474,24.80128205128205,14,2.5860984368204147,2.11093184495189,3.2988483246232,37.18064516129032,14,2.4342749020443564,2.056343064200839,3.0011726588096317,47.246753246753244,14,2.151854035279504,1.8925293928108977,2.5408409989824134,67.66447368421052,14,1.9317148094623977,1.7310738416758087,2.232676261142282,86.42,13,1.6156782116426405,1.47192911210337,1.8313018609515466,120.34810126582279,13,1.395592896282182,1.2774172367368566,1.5728563856001696,150.2987012987013,12,1.1127358080589238,1.016293524392989,1.2573992335578252,200.0253164556962,0.3077080772673988,0.2345210930477104,0.4174885535969314,498
3.85,3,48551,2198,2.8205131294006285,1.6663681520395712,4.551730595442212,12.666971637694418,1.0,1.8725841475330227,0.08648651559356242,1.8725841475330227,0.0,0.19029994179873683,4.551730595442212,14,2.449745808934622,0.8107737727308383,4.908203863240299,5.942675159235669,14,2.607548231346597,1.133548492623714,4.818547839430921,7.859872611464968,14,2.7112043078975887,1.3763104967681534,4.713545024591741,9.821656050955413,1,2.8205131294006285,1.6663681520395712,4.551730595442212,12.666971637694418,14,2.841307777088856,1.982419863043443,4.129639648156976,19.21153846153846,14,2.7876724877726367,2.083448874805759,3.8440079072229514,24.615384615384617,14,2.6188445780397007,2.1339324794839056,3.3462127258733934,36.883870967741935,14,2.4700781647564822,2.0885689343559926,3.042342010357217,46.84415584415584,14,2.1837345497587926,1.9239363647365486,2.5734318272921577,67.36184210526316,14,1.9560868419071085,1.760358333488967,2.2496796045343204,86.65333333333334,13,1.6291863064085887,1.4919081369234675,1.83510356063627,120.98101265822785,13,1.401970315206808,1.292492512926673,1.5661870186270102,151.05194805194805,12,1.102960679530296,1.0149923355091184,1.2349131955620622,201.9746835443038,0.2968090131242491,0.22348785793490977,0.40679074590825803,501
3.85,4,48568,2198,2.805583544690446,1.6427164366945666,4.549884206684266,12.61985361390668,1.0,1.8752554163781958,0.09216955617414956,1.8752554163781958,0.0,0.19023209495014115,4.549884206684266,14,2.4647722287882847,0.8136775280317808,4.941414279923041,5.910828025477707,14,2.62243760335246,1.1398592559777414,4.846305124414538,7.86624203821656,14,2.707457022410366,1.3839716094915584,4.692685141788576,9.78343949044586,1,2.805583544690446,1.6427164366945666,4.549884206684266,12.61985361390668,14,2.830079869761165,1.954026341738358,4.144160161795376,19.128205128205128,14,2.7830654204190832,2.0707310601555005,3.8515669608144574,24.628205128205128,14,2.618628258793183,2.1234953526017155,3.3613276180803835,36.987096774193546,14,2.4693123174195506,2.081539650101798,3.0509713183961806,47.1948051948052,14,2.1957434939937244,1.9339852527665116,2.5883808558345445,67.9342105263158,14,1.9833574799804607,1.7839254489263643,2.282505526561606,86.52,13,1.6646972601923726,1.5219922086724438,1.8787548374722658,119.91772151898734,13,1.4408547079689373,1.3248662497442183,1.6148373953060153,149.5194805194805,12,1.1530168677189216,1.0594125547192215,1.2934233372184722,199.0126582278481,0.3245363538158908,0.2399180856954488,0.45146375599655375,518
3.85,5,48585,2198,2.7967125859315676,1.6606767100157367,4.500766399805314,12.576852698993596,1.0,1.857086164713071,0.09463267465157534,1.857086164713071,0.0,0.1881249803462392,4.500766399805314,14,2.4581135424719385,0.8383953757123181,4.887690792611369,5.917197452229299,14,2.6091547142173885,1.1372875352002985,4.8169554827430225,7.821656050955414,14,2.7209728389813392,1.3942347521274663,4.7110799692621494,9.73248407643312,1,2.7967125859315676,1.6606767100157367,4.500766399805314,12.576852698993596,14,2.8208999619754613,1.9629707271073202,4.107793814277672,19.044871794871796,14,2.770040677831927,2.070103626149627,3.8199462553553767,24.487179487179485,14,2.608333665333138,2.1238724945435052,3.335025421517587,36.774193548387096,14,2.469349570852818,2.0864791367406266,3.0436552220211044,46.8051948051948,14,2.1826170816392185,1.923809995812566,2.570827710379198,67.44736842105263,14,1.9633484035170499,1.768152245865737,2.256142639994019,86.37333333333333,13,1.640301131857316,1.5023650121203107,1.8472053114628249,120.5506329113924,13,1.4181827380005836,1.3048369819252623,1.5882013721135653,150.64935064935065,12,1.1251069135955343,1.0292762044877752,1.2688529772571722,201.70253164556962,0.31230225706811066,0.2346343406961111,0.4288041316261099,512
3.9,0,49000,2198,2.8879898369890467,1.7549635539940638,4.587529261481522,12.711802378774017,1.0,1.8997549479634448,0.10790540561805977,1.8997549479634448,0.0,0.16337810531331343,4.587529261481522,14,2.502688996312259,0.8831170449752156,4.932046923317824,5.987261146496815,14,2.699979867490494,1.2697572506121706,4.845313792807981,7.936305732484076,14,2.8138124373396294,1.5206836114228115,4.753505676214854,9.86624203821656,1,2.8879898369890467,1.7549635539940638,4.587529261481522,12.711802378774017,14,2.9306042557822,2.084665272940216,4.199512730045176,19.352564102564102,14,2.892521703271933,2.2077530509509873,3.9196746817533503,24.884615384615383,14,2.729280557049733,2.257741828939302,3.43658864921538,37.406451612903226,14,2.5754186812798805,2.2060148709028273,3.1295243968454596,47.714285714285715,14,2.286208602855794,2.0366150396399108,2.660598947679619,68.79605263157895,14,2.05374394863336,1.8658662524435257,2.3355604929181117,88.68,13,1.715465251212394,1.58608908335076,1.9095295030048454,124.50632911392405,13,1.4785684329015236,1.3748131151624658,1.6342014095101098,156.05194805194805,12,1.1669361685415192,1.083511143539945,1.292073706043881,209.77215189873417,0.2973679342485023,0.21370240839543353,0.4228662230281054,527
3.9,1,49017,2198,2.88161895147207,1.7312452705887391,4.607179472797066,12.712259835315646,1.0,1.9020481953533475,0.09862734372420244,1.9020481953533475,0.0,0.2006544607027028,4.607179472797066,14,2.4961947340959645,0.880015346498231,4.920463815492564,5.961783439490445,14,2.6911570161922986,1.2247617937560347,4.890749849846695,7.910828025477707,14,2.8168410239819206,1.4753045794945925,4.829145690712912,9.853503184713375,1,2.88161895147207,1.7312452705887391,4.607179472797066,12.712259835315646,14,2.913561564512079,2.0540728641828934,4.202794615005857,19.26923076923077,14,2.8718075205539337,2.170477804615983,3.9238020944608603,24.775641025641026,14,2.7109013488065083,2.2319906861007697,3.4292673428651157,37.21935483870968,14,2.5621641911372404,2.1910177863468525,3.1188837983228215,47.51948051948052,14,2.2742963356608707,2.025171196712647,2.6479840440832074,68.53947368421052,14,2.04947162871854,1.8613120403807042,2.331711011225294,87.78666666666666,13,1.7186560789460985,1.5903737763506711,1.9110795328392407,122.9113924050633,13,1.488229201071059,1.3856795063643526,1.6420537431311182,153.85714285714286,12,1.1900228621852933,1.108114017942122,1.3128861285500502,205.873417721519,0.3107966301174981,0.23768148749274065,0.42046934405463426,522
3.9,2,49034,2198,2.886447566915786,1.7558037656582473,4.582413268802094,12.739249771271728,1.0,1.8948681083695478,0.10317133474784995,1.8948681083695478,0.0,0.20147707353943264,4.582413268802094,14,2.505397040367887,0.9046709330046702,4.9064862014127115,5.955414012738854,14,2.6915918599320725,1.25365409576427,4.848498506183776,7.917197452229299,14,2.8035500092591157,1.4973862931890995,4.762795583364138,9.859872611464969,1,2.886447566915786,1.7558037656582473,4.582413268802094,12.739249771271728,14,2.9252318103345116,2.07595593196801,4.199145627884263,19.326923076923077,14,2.876672208265383,2.1919755384169015,3.9037172130381057,24.94871794871795,14,2.7134394542504405,2.2446479537237765,3.4166267050404366,37.52903225806452,14,2.5603034145465475,2.193732730409261,3.1101594407524775,47.92857142857143,14,2.2678762005904187,2.023439632951237,2.6345310520491916,69.36842105263158,14,2.038260321341944,1.855388319193694,2.3125683245643183,89.20666666666666,13,1.7015194033187298,1.5750284037626316,1.8912559026528775,124.83544303797468,13,1.4711313435641715,1.3700854441115662,1.6227001927430798,156.03896103896105,12,1.1703210612876824,1.0871548557441808,1.2950703696029342,209.13924050632912,0.31719137510898887,0.24236129180865307,0.4294365000594925,515
3.9,3,49051,2198,2.8646117543691965,1.7258851653383354,4.572701637915489,12.73284537968893,1.0,1.8919224477523835,0.10473632097697996,1.8919224477523835,0.0,0.18999366274289653,4.572701637915489,14,2.4924053245974234,0.8761282379353492,4.916820954590535,5.974522292993631,14,2.6876938165242494,1.209981613642257,4.904262120847238,7.942675159235669,14,2.78130812704436,1.4584649557979978,4.7655728839139035,9.885350318471337,1,2.8646117543691965,1.7258851653383354,4.572701637915489,12.73284537968893,14,2.901751550246906,2.0426129630133505,4.1904594310972385,19.358974358974358,14,2.8608603523050666,2.166732944350193,3.9020514642373767,24.903846153846153,14,2.7080166709529303,2.233502833250219,3.419787427506997,37.348387096774196,14,2.5633227362746704,2.1921403990190234,3.120096242158141,47.62987012987013,14,2.2770866080633825,2.0276712471593856,2.651209649419379,68.76973684210526,14,2.050493776550424,1.863557577407192,2.330898075265271,88.30666666666667,13,1.7184329444541324,1.588895830640084,1.9127386151752044,123.5126582278481,13,1.485938606022405,1.3820262016939364,1.6418072125151078,154.87662337662337,12,1.1840088791610763,1.097929998425017,1.313127200265165,207.89240506329114,0.321770947895065,0.23785873808346736,0.44763926261246134,520
3.9,4,49068,2198,2.8765971126284047,1.7284849626727632,4.598765337561867,12.646843549862764,1.0,1.8999488770548814,0.10073790338355816,1.8999488770548814,0.0,0.2005431710233344,4.598765337561867,14,2.486516717910854,0.8976406185154048,4.869830867004027,5.955414012738854,14,2.690127608325947,1.2428823401807048,4.860995510543809,7.86624203821656,14,2.8002625505839336,1.497912471920765,4.7537876685786875,9.757961783439491,1,2.8765971126284047,1.7284849626727632,4.598765337561867,12.646843549862764,14,2.903372861804697,2.039490195226093,4.199196861672603,19.21794871794872,14,2.8709332256789657,2.170076953826839,3.9222176334571555,24.756410256410255,14,2.707769607660045,2.2288123796756003,3.4262054496367105,37.303225806451614,14,2.5684432349018818,2.1961493232512703,3.1268841023777982,47.47402597402598,14,2.2847554723425163,2.0357688195193893,2.6582354515772066,68.48026315789474,14,2.060286191864496,1.8730724228050186,2.341106845453712,87.8,13,1.7297452766470982,1.5994766364212287,1.9251482369859034,122.77215189873418,13,1.4965041994720825,1.3906539614808642,1.6552795564589093,153.75324675324674,12,1.1912173201370562,1.1039365656326012,1.3221384518937382,206.58227848101265,0.32992088692069793,0.24725352861459315,0.4539219243798551,518
3.9,5,49085,2198,2.907540246496209,1.7760609321077583,4.604759218078885,12.744281793229643,1.0,1.9019372913143724,0.10005600680469774,1.9019372913143724,0.0,0.17926156777360666,4.604759218078885,14,2.5116936725247423,0.9187730694325997,4.901074577162957,5.987261146496815,14,2.7266689638356554,1.279686131971267,4.8971432116322395,7.974522292993631,14,2.8187078200345903,1.5183849266542708,4.769192160105069,9.92356687898089,1,2.907540246496209,1.7760609321077583,4.604759218078885,12.744281793229643,14,2.939699876442054,2.1092231880298606,4.185414909060345,19.416666666666668,14,2.8900950764415163,2.2030720411359903,3.920629629399805,25.012820512820515,14,2.720249348510521,2.249808903459305,3.4259100160873435,37.58709677419355,14,2.570703571923712,2.2055110712260935,3.1184923229701393,47.9025974025974,14,2.282684697978374,2.040000969576249,2.6467102905815607,69.29605263157895,14,2.048978850229194,1.866533668926151,2.3226466221837607,89.08666666666667,13,1.713821270669815,1.5882687344890227,1.902150074941003,124.72784810126582,13,1.477613203846998,1.3760491151406364,1.629959336906541,156.33116883116884,12,1.1640271025648983,1.0787703493922831,1.2919122323238208,210.65822784810126,0.30129704438158245,0.22118313789690136,0.421467904108604,532
3.95,0,49500,2198,2.900424151342305,1.7800522694815932,4.5809819741333735,12.778133577310156,1.0,1.9021859251129125,0.11632189243260543,1.9021859251129125,0.0,0.1756449007913586,4.5809819741333735,14,2.4725652808244107,0.8512284037679929,4.904570596409037,5.961783439490445,14,2.663935616894735,1.2191179144338962,4.831162170585992,7.923566878980892,14,2.7932600148861786,1.4895134306201125,4.748879891285276,9.853503184713375,1,2.900424151342305,1.7800522694815932,4.5809819741333735,12.778133577310156,14,2.9494518531341094,2.1110721021269927,4.2070214796447845,19.397435897435898,14,2.902943833098417,2.2296895885550656,3.9128251999134442,25.01923076923077,14,2.7411101436011407,2.2761750562052625,3.4385127746949586,37.54838709677419,14,2.597185214896059,2.2351723564100148,3.1402045026251266,47.88961038961039,14,2.3020596819895816,2.0592662985674024,2.666249757122851,69.36842105263158,14,2.0660805551920425,1.883146646149036,2.3404814187565517,89.37333333333333,13,1.7184974275522524,1.5923703177404243,1.9076880922699948,126.0886075949367,13,1.4769356152143565,1.37656400865074,1.6274930250597806,158.97402597402598,12,1.166839422098677,1.0844005404227068,1.2904977446126324,214.4493670886076,0.3275420471168353,0.22990581454205472,0.47399639597900617,525
3.95,1,49517,2198,2.8963868945515947,1.7977160856889987,4.544393107845489,12.784995425434584,1.0,1.887782385903272,0.11670857127512807,1.887782385903272,0.0,0.18451295837407672,4.544393107845489,14,2.5151686048722186,0.9344108812011958,4.886305190378752,5.987261146496815,14,2.694914737120944,1.2768797576037119,4.821967206396793,7.949044585987261,14,2.8117028796245025,1.5519507152928234,4.701331126122021,9.904458598726114,1,2.8963868945515947,1.7977160856889987,4.544393107845489,12.784995425434584,14,2.9525775460873347,2.142519800952701,4.167664163789285,19.46153846153846,14,2.9016452350491004,2.2464496305030477,3.884438641868179,25.044871794871796,14,2.741929455272166,2.293858944502245,3.414035221427048,37.516129032258064,14,2.5949441559123936,2.24488680482637,3.1200301825414303,47.746753246753244,14,2.3029337330420594,2.0683816608025594,2.65476184140131,68.96052631578948,14,2.0633873474212154,1.8867477098880272,2.3283468037209976,88.92,13,1.71466196453479,1.5920493976554606,1.898580814853784,125.0253164556962,13,1.4708082028294007,1.371825287610701,1.6192825756574503,157.34415584415584,12,1.1538885179635991,1.0738073917790323,1.2740102072404498,211.83544303797467,0.3093269994475333,0.2269096174759051,0.4329530724049756,517
3.95,2,49534,2198,2.8821112043435546,1.7591071001168619,4.566617360683593,12.752058554437328,1.0,1.8981026669736898,0.11909287116708696,1.8981026669736898,0.0,0.17839863200103337,4.566617360683593,14,2.51561302763993,0.9406813363647397,4.878010564552716,5.955414012738854,14,2.67888892402269,1.2507112315315974,4.821155462759329,7.923566878980892,14,2.809162359836518,1.5105754480193136,4.757042727562325,9.878980891719745,1,2.8821112043435546,1.7591071001168619,4.566617360683593,12.752058554437328,14,2.9265494664669984,2.080506352303921,4.195614137711615,19.30128205128205,14,2.8709210464302592,2.181667172050389,3.904801858000065,24.96153846153846,14,2.7147725606525834,2.237944963535548,3.430013956328137,37.483870967741936,14,2.572112355821211,2.1977340364870614,3.133679834822435,47.811688311688314,14,2.285496455603181,2.0262721968641135,2.6743328437117824,68.78947368421052,14,2.058755998190724,1.861842007309239,2.35412698451295,88.51333333333334,13,1.7246990309454995,1.5881146174083807,1.929575651251178,124.34810126582279,13,1.4923006430315806,1.3830284289054433,1.656208964220787,155.9935064935065,12,1.1856573142992344,1.0971421534369552,1.3184300555926538,209.34810126582278,0.3187997137603111,0.23053606214758116,0.451195191179406,524
3.95,3,49551,2198,2.901586426031157,1.8000796512889985,4.553846588144395,12.865507776761207,1.0,1.8954537213062328,0.12319181008079154,1.8954537213062328,0.0,0.17604662882389147,4.553846588144395,14,2.510381157946228,0.9211723727224851,4.894194335781843,5.974522292993631,14,2.7135874540805043,1.2898137643693859,4.849247988647184,7.942675159235669,14,2.8203675250961067,1.5429974879239254,4.736422580854378,9.898089171974522,1,2.901586426031157,1.8000796512889985,4.553846588144395,12.865507776761207,14,2.950768940451129,2.1305139660586794,4.181151402039804,19.641025641025642,14,2.9235261824449914,2.255094536348586,3.9261736515895995,25.275641025641026,14,2.7512127317321586,2.2970475944322675,3.4324604376819963,38.18064516129032,14,2.590925122201739,2.238883708830085,3.1189872422592195,48.798701298701296,14,2.292245409787938,2.053347953969256,2.6505915935159607,70.63157894736842,14,2.051348658704605,1.8710359610593104,2.3218177051725477,91.19333333333333,13,1.7050607691844641,1.5796651387834815,1.8931542147859388,128.22151898734177,13,1.4639425994400361,1.3610909492831085,1.618220074675428,161.05844155844156,12,1.1594217067192591,1.0735835838146501,1.2881788910761724,215.27848101265823,0.306625341674301,0.22436573630628365,0.4300147497263271,538
3.95,4,49568,2198,2.9223560008182816,1.8052034640340955,4.598084805994561,12.846294602012808,1.0,1.9114391148749432,0.12034198746186461,1.9114391148749432,0.0,0.18362735013349896,4.598084805994561,14,2.525576152644894,0.8813323249381558,4.991941894205001,5.974522292993631,14,2.722315724387677,1.238960111858414,4.947349143181572,7.923566878980892,14,2.8713732462046946,1.5380373696719511,4.871377061003811,9.885350318471337,1,2.9223560008182816,1.8052034640340955,4.598084805994561,12.846294602012808,14,2.96380851968408,2.119881104543545,4.229699642394883,19.51923076923077,14,2.941038548989146,2.262747888890583,3.9584745391369895,25.108974358974358,14,2.784805752339684,2.3248766904253246,3.4746993452112234,37.68387096774194,14,2.6369630306609144,2.28188676977324,3.169577421992425,48.16233766233766,14,2.3380199712791314,2.0991096275435104,2.696385486882563,69.71710526315789,14,2.1004597180123477,1.9213718512028408,2.369091518226606,89.98666666666666,13,1.749582867967398,1.6282547093069384,1.931575105958087,126.91772151898734,13,1.5140466269687822,1.4165931546278547,1.6602268354801735,158.8896103896104,12,1.2030108456369435,1.1250239289845354,1.3199912206155557,213.31645569620252,0.3195401778618383,0.23189445439570688,0.4510087630610353,534
3.95,5,49585,2198,2.881451413239916,1.7481688638262844,4.581375237360361,12.70128087831656,1.0,1.9006643971861028,0.11352383706992983,1.9006643971861028,0.0,0.19147663326687406,4.581375237360361,14,2.4735904546522307,0.8912089305897418,4.847162740745964,5.936305732484076,14,2.6580462906529396,1.2130490002230296,4.825542226297806,7.885350318471337,14,2.774780360840445,1.4598562390304688,4.747166543555409,9.815286624203821,1,2.881451413239916,1.7481688638262844,4.581375237360361,12.70128087831656,14,2.9272589580411394,2.0838238715817434,4.192411587730234,19.33974358974359,14,2.900208831137641,2.208310682333574,3.9380560543437424,24.858974358974358,14,2.7401365073647015,2.2710756149939786,3.4437278459207845,37.406451612903226,14,2.5890010166980315,2.224108044057316,3.1363404756591042,47.714285714285715,14,2.2982932719379288,2.052612167597101,2.6668149284491705,68.84868421052632,14,2.06034941197263,1.8736229090623264,2.340439166338086,88.75333333333333,13,1.7196690289021725,1.589563736785835,1.9148269670766782,124.4367088607595,13,1.4835931344659297,1.3772759896721318,1.6430688516566265,155.8896103896104,12,1.1768274913395074,1.0887795545555412,1.3088993965154572,208.5506329113924,0.338726927743513,0.2441614536925769,0.48057513881991715,514
