r,k,seed,n_sym,excess3,syn,surp,tc,ipair,n_unique,max_p,H_joint,visits,excess3_std,syn_std,surp_std,n_unique_std,frac_syn_pos,w6_stride,w6_excess3,w6_syn,w6_surp,w6_n_unique,w6_visits,w6_max_p,w6_tc,w8_stride,w8_excess3,w8_syn,w8_surp,w8_n_unique,w8_visits,w8_max_p,w8_tc,w10_stride,w10_excess3,w10_syn,w10_surp,w10_n_unique,w10_visits,w10_max_p,w10_tc,w13_stride,w13_excess3,w13_syn,w13_surp,w13_n_unique,w13_visits,w13_max_p,w13_tc,w20_stride,w20_excess3,w20_syn,w20_surp,w20_n_unique,w20_visits,w20_max_p,w20_tc,w26_stride,w26_excess3,w26_syn,w26_surp,w26_n_unique,w26_visits,w26_max_p,w26_tc,w40_stride,w40_excess3,w40_syn,w40_surp,w40_n_unique,w40_visits,w40_max_p,w40_tc,w52_stride,w52_excess3,w52_syn,w52_surp,w52_n_unique,w52_visits,w52_max_p,w52_tc,w78_stride,w78_excess3,w78_syn,w78_surp,w78_n_unique,w78_visits,w78_max_p,w78_tc,w104_stride,w104_excess3,w104_syn,w104_surp,w104_n_unique,w104_visits,w104_max_p,w104_tc,w156_stride,w156_excess3,w156_syn,w156_surp,w156_n_unique,w156_visits,w156_max_p,w156_tc,w208_stride,w208_excess3,w208_syn,w208_surp,w208_n_unique,w208_visits,w208_max_p,w208_tc,w312_stride,w312_excess3,w312_syn,w312_surp,w312_n_unique,w312_visits,w312_max_p,w312_tc,full_excess3,full_syn,full_surp,full_tc,full_ipair,full_n_unique,full_max_p,full_H,full_res,full_tc_pair,full_tc_table,mc_P_excess3,mc_P_syn,mc_P_surp,mc_P_n_unique,mc_P2_excess3,mc_P2_syn,mc_P2_surp,mc_P2_n_unique,gap_time,gap_pair,gap_P_vs_P2,local_excess3,local_P_excess3,local_P2_excess3,local_gap_boot,local_gap_pair,station
3.1,0.0,41000.0,2198.0,1.7327932363013545,0.05154522376989403,4.254665255098546,5.739596141363122,1.896016972531076,11.499085086916743,0.1454008023083961,1.9800564508671057,1.1407039285813303,0.06810200498845018,0.0333007004783107,0.1828080792413855,1.05877118311503,0.9990850869167429,14.0,1.9614513063547812,0.20029235656447317,4.603189731040243,5.840764331210191,1.0318471337579618,0.1932059447983015,5.175563688182888,14.0,1.8956587856898344,0.11772362704874405,4.56256152365147,7.547770700636943,1.0673339399454047,0.1751592356687898,5.478781071067313,14.0,1.8209318616072372,0.07847969914248737,4.434610105304363,9.286624203821656,1.0850773430391263,0.15286624203821653,5.636049155470635,1.0,1.7327932363013545,0.05154522376989403,4.254665255098546,11.499085086916743,1.1407039285813303,0.1454008023083961,5.739596141363122,14.0,1.589372514171872,0.028588541298604237,3.930548473481774,16.141025641025642,1.2485992398620405,0.11666666666666667,5.860733520032956,14.0,1.5134191480889432,0.020713734534326723,3.7524772684208676,19.128205128205128,1.3706305077679086,0.10453648915187376,5.899248302748626,14.0,1.4048592884911433,0.01240466963673291,3.493541216772758,24.193548387096776,1.6647312771325466,0.08806451612903225,5.939019815850432,14.0,1.355335406961354,0.00952115539706481,3.3740567843077867,26.896103896103895,1.9420165113860834,0.08204295704295704,5.953710741006779,14.0,1.3001861931936276,0.006479585769661847,3.2407461043295753,29.88157894736842,2.6151926572665443,0.0744770580296896,5.968608564994901,14.0,1.2720704048086138,0.004859287042873059,3.172887081457225,31.153333333333332,3.3407445309603268,0.06814102564102564,5.976967914717523,13.0,1.2479292042233168,0.0035829391158560555,3.1144486018845075,31.841772151898734,4.900148019599836,0.061384290814670554,5.983446711965061,13.0,1.236133122487526,0.002694570950627674,3.086290949792873,31.974025974025974,6.50544616673649,0.05787962037962037,5.987648821568153,12.0,1.2252441873460613,0.001759929720304261,3.0604705737846962,32.0,9.75,0.05262090230444662,5.991945802191502,1.2037274786083008,0.00039457761360761623,3.0087268301003403,5.998385095133617,1.99933017250667,32.0,0.03821656050955414,1.9999877565302673,0.0027522048936016027,3.0059746252065516,3.00872683010034,1.6206522206051672,0.11410206408792382,3.8804774553810333,10.6,1.6253954534819628,0.11124168774909701,3.896626102081261,10.8125,0.11214101569618729,0.10739778281939172,-0.004743232876795567,1.726851377439511,1.7748180978360972,1.7273876047966998,-0.04796672039658631,-0.000536227357188859,S_k_p2
3.1,1.0,41017.0,2198.0,1.735123533126233,0.0524221052895888,4.2591756748812,5.735699190912577,1.8944256952076626,11.43687099725526,0.1470194946864663,1.979636206562363,1.1461379578030997,0.06389093422401959,0.034673135415607056,0.17601393666430615,1.0153867019254479,0.9995425434583715,14.0,1.9811447666390463,0.18314485049359466,4.678144640857225,5.808917197452229,1.0394904458598726,0.19639065817409773,5.238524348731576,14.0,1.9126954344662772,0.10617902230362403,4.622470052710257,7.522292993630574,1.0712769184106763,0.1767515923566879,5.528853937573721,14.0,1.8363061004359402,0.07613279686965195,4.476566055785373,9.165605095541402,1.099989889798807,0.16178343949044585,5.650707029670861,1.0,1.735123533126233,0.0524221052895888,4.2591756748812,11.43687099725526,1.1461379578030997,0.1470194946864663,5.735699190912577,14.0,1.6021400057954152,0.029938700331489383,3.9604419639913035,15.826923076923077,1.2735967366980703,0.11826923076923074,5.856606077563022,14.0,1.5253054807645334,0.0221611630394439,3.780021957352168,18.756410256410255,1.3972011877584634,0.10749506903353058,5.893562725161101,14.0,1.4159958088711575,0.013007432791528783,3.5204783729906004,23.75483870967742,1.6927616106297734,0.0911290322580645,5.937708387496091,14.0,1.3621729558225537,0.009535190415433444,3.391129603933235,26.545454545454547,1.9664018042514508,0.08291708291708291,5.954279792955497,14.0,1.3015722081552932,0.005892531338087011,3.2450917233811025,29.717105263157894,2.629086021214977,0.07245276653171388,5.971323812797179,14.0,1.2724808751819314,0.004205245134689536,3.174894320252794,31.033333333333335,3.35359992584353,0.06608974358974358,5.9796623557210395,13.0,1.2458232122942905,0.002452154707273366,3.110879798674816,31.879746835443036,4.893910779910167,0.05919344368711457,5.9876878557169535,13.0,1.23346341937576,0.0016891506441137458,3.0811248224732295,32.0,6.5,0.05553821178821177,5.991251556109344,12.0,1.2212730447609772,0.0011332158865070144,3.0514827880726827,32.0,9.75,0.05004462836741317,5.9940263743352284,1.2019706213687462,0.00017674224352326462,3.0046614400565805,5.999045563953144,1.9996229405698738,32.0,0.0373066424021838,1.99991750459237,0.0015703763951086707,3.0030910636613912,3.004661440056582,1.642837899077169,0.09934700455657472,3.9580742408580605,10.675,1.636670063170105,0.10466026178389468,3.934684765249422,10.8125,0.09228563404906387,0.09845346995612791,0.006167835907064045,1.7309201791438527,1.7833188611921829,1.7570612138587582,-0.0523986820483298,-0.026141034714905698,S_k_p2
3.1,2.0,41034.0,2198.0,1.7371345049676412,0.05122203448402062,4.266003210693072,5.734489617273911,1.8944225275966304,11.381518755718206,0.15043282426631008,1.9777617749096035,1.1525966764759081,0.06755146453624397,0.033437530142502114,0.1845559561293745,1.0464538116571824,0.9963403476669717,14.0,1.9450137238652265,0.21087669365623302,4.546219269178716,5.707006369426751,1.062420382165605,0.21019108280254778,5.087769315933904,14.0,1.8884652532293311,0.12051818417159561,4.540385856815934,7.484076433121019,1.0776463451622686,0.17993630573248406,5.447875571476933,14.0,1.8234234795920403,0.07707635265222232,4.442944170001767,9.184713375796179,1.0968304519259935,0.1630573248407643,5.628286522157888,1.0,1.7371345049676412,0.05122203448402062,4.266003210693072,11.381518755718206,1.1525966764759081,0.15043282426631008,5.734489617273911,14.0,1.5979143567569563,0.02903528172698982,3.9512329693019055,15.923076923076923,1.2671587374195137,0.1205128205128205,5.857533775973599,14.0,1.5155533043729308,0.01997215238325512,3.758925032357444,19.121794871794872,1.371034457284289,0.10724852071005916,5.901892240970038,14.0,1.4081768092307203,0.01225554625614408,3.5020587036925845,24.174193548387098,1.6648274218619097,0.09209677419354838,5.9404186834576445,14.0,1.3577813400659324,0.00911434312453089,3.3807818354780346,26.876623376623378,1.9436961949006075,0.08466533466533467,5.955465252881914,14.0,1.3017469805076738,0.0059170088433919575,3.245491938004096,30.026315789473685,2.602858578593313,0.0756578947368421,5.970800930685065,14.0,1.2745175899313332,0.004132721157449897,3.180094893092157,31.233333333333334,3.3323259883115277,0.06935897435897435,5.979646443842864,13.0,1.2485596555252163,0.002626898267114376,3.117458791412368,31.879746835443036,4.893910779910167,0.06292599805258031,5.98680642909107,13.0,1.235798359882607,0.0019001189839632894,3.0866457212305725,31.993506493506494,6.501361541684123,0.05862887112887113,5.990391032162437,12.0,1.2248363564541247,0.001302532946810884,3.0601370917150947,32.0,9.75,0.05369604024667316,5.9934558024032185,1.2055771246240332,0.00016986651235928463,3.0136880117915443,5.99916175753128,1.9996639636729736,32.0,0.04322111010009099,1.9999470688323988,0.009758281522165992,3.003929730269056,3.0136880117915448,1.6085761892935935,0.0996409921116573,3.871978985066497,10.9875,1.6247611875125103,0.09185097234897024,3.9241265102578198,11.0,0.12855831567404774,0.1123733174551309,-0.016184998218916835,1.7365929573648895,1.7888517290076424,1.749804705866095,-0.05225877164275319,-0.013211748501206032,S_k_p2
3.1,3.0,41051.0,2198.0,1.736917147861609,0.05358276139399949,4.261918727563024,5.729990184062162,1.892135807556054,11.385178408051235,0.14800478569920472,1.9792417071331367,1.1535639693233473,0.07023563896536798,0.036457837198140934,0.19189218948953302,1.105107451611372,0.9990850869167429,14.0,1.9666171551505292,0.20396194178927138,4.6105999751924145,5.7834394904458595,1.0452229299363056,0.19957537154989385,5.163006871891205,14.0,1.9034493910182193,0.11726672057245745,4.582723396686862,7.528662420382165,1.0712769184106763,0.17436305732484075,5.4911283283165435,14.0,1.8326083330144436,0.07630933833537336,4.467056825033049,9.203821656050955,1.0959458093216055,0.1592356687898089,5.648245429196865,1.0,1.736917147861609,0.05358276139399949,4.261918727563024,11.385178408051235,1.1535639693233473,0.14800478569920472,5.729990184062162,14.0,1.6045057544400758,0.02900138598225227,3.96776230712681,15.782051282051283,1.2800167734675951,0.12051282051282051,5.857816747269797,14.0,1.5259530655741516,0.02140966836839427,3.7827681613827875,18.762820512820515,1.3970318311893557,0.11020710059171598,5.89366737801396,14.0,1.4153788568177235,0.012870673529051895,3.519141131750731,23.83225806451613,1.6880275299940168,0.09338709677419353,5.935988142760269,14.0,1.3631286184002869,0.009699711935385099,3.3932719780976397,26.564935064935064,1.9655093436069022,0.08503996003996005,5.951486561679734,14.0,1.3029102551715275,0.00654300783724285,3.2474611261729542,29.769736842105264,2.6245532563448855,0.07456140350877193,5.967893903111735,14.0,1.2734626893171883,0.004711728823420422,3.17658913005784,31.06,3.3506426364390767,0.06794871794871796,5.976527346372571,13.0,1.2470247058934816,0.003183498069409775,3.1127865176295884,31.77848101265823,4.909835647202939,0.060045439792275224,5.984149664569583,13.0,1.23410269850943,0.0024552749873243754,3.0815738337925884,31.941558441558442,6.512253875157102,0.05597527472527472,5.9877146702938235,12.0,1.2218187953494641,0.0017825951741349448,3.051873095612458,32.0,9.75,0.051667478091528725,5.9912262009785175,1.202758669652378,0.0003063577837307818,3.0064371374553485,5.99874033738987,1.9994779932020463,32.0,0.0373066424021838,1.9999885777184712,0.0031134742903409264,3.003323663165011,3.0064371374553485,1.6359249193433776,0.09229868342678173,3.95136427321827,10.9375,1.614881523397005,0.10740254714041106,3.8760999877818962,10.875,0.10099222851823142,0.12203562446460392,0.0210433959463725,1.7352699175120607,1.7887335649596414,1.7625556804373665,-0.05346364744758132,-0.027285762925306038,S_k_p2
3.1,4.0,41068.0,2198.0,1.7369676533017948,0.05413653555418859,4.261214329923205,5.730523227325073,1.892128897256961,11.400731930466605,0.14849743120557393,1.9800079733869302,1.1508489020382893,0.06539734980248707,0.038402911320726624,0.18116413123315375,1.061890550447875,0.9963403476669717,14.0,1.9455883824342726,0.2178431097395852,4.537206291476304,5.75796178343949,1.049044585987261,0.2059447983014862,5.089751090343544,14.0,1.8945232665783431,0.11887532953463961,4.557995172143899,7.547770700636943,1.0690324537458293,0.17117834394904458,5.474687577902724,14.0,1.826840700237836,0.08302792376427086,4.442559864948182,9.178343949044587,1.0988524921645941,0.16369426751592353,5.621400130251406,1.0,1.7369676533017948,0.05413653555418859,4.261214329923205,11.400731930466605,1.1508489020382893,0.14849743120557393,5.730523227325073,14.0,1.601110977850456,0.030448362807053507,3.957104900415559,15.833333333333334,1.2743893649019868,0.11955128205128204,5.854029912252442,14.0,1.5214948777078685,0.02244501226103669,3.770069675878116,18.846153846153847,1.390355594772407,0.10724852071005916,5.891779308498119,14.0,1.4136980966797805,0.012706503919159114,3.515185485820713,23.858064516129033,1.6872346418016024,0.09096774193548386,5.938374398435622,14.0,1.3633891959950768,0.009144277268105579,3.394756574085533,26.51948051948052,1.9714504712827774,0.0822927072927073,5.955562814149236,14.0,1.305083722113214,0.005684788848810501,3.2541821220098193,29.70394736842105,2.633181192924841,0.0720310391363023,5.9725217569893605,14.0,1.27575603339725,0.003949941943701892,3.1834651705775725,31.053333333333335,3.352970217741445,0.06762820512820514,5.980546239159223,13.0,1.2501962584226916,0.002522284537507404,3.1217072192504682,31.810126582278482,4.905257247856268,0.061059720869847456,5.987668151143766,13.0,1.2381932925684156,0.0018360044411345085,3.092729224759337,31.941558441558442,6.51234464460271,0.057192807192807185,5.991154066509462,12.0,1.2254018066620307,0.0011055298825763387,3.0618462218312126,32.0,9.75,0.0524383317104836,5.994657504076488,1.2044739995794138,0.0002513195893314446,3.0108080195645375,5.9989656389496115,1.99957143978676,32.0,0.03958143767060965,1.9999902948150776,0.0030796964344387847,3.0077283231302756,3.0108080195645366,1.5989711309387815,0.10597939364442932,3.83845873688031,10.7875,1.6060720606100571,0.11044651201969917,3.849510383495595,10.7625,0.1379965223630133,0.13089559269173767,-0.007100929671275624,1.7379516077580208,1.7745921081047134,1.7610647424837327,-0.036640500346692466,-0.02311313472571193,S_k_p2
3.1,5.0,41085.0,2198.0,1.7402130468220887,0.050198775264510366,4.275234454158456,5.744539149025922,1.8981134579204706,11.398444647758463,0.1484974312055739,1.9799086728607942,1.1518915299907981,0.07103141222772374,0.034772558104705475,0.19250945274501793,1.0901611705471355,0.9977127172918573,14.0,1.966548153240387,0.2031530603386481,4.611640792592994,5.745222929936306,1.0535031847133756,0.2048832271762208,5.154726982362044,14.0,1.896044692203887,0.11873077754573777,4.5620155641911095,7.509554140127388,1.0740673339399454,0.17914012738853502,5.469300009191743,14.0,1.8303984023758906,0.07795532869818671,4.459063012892445,9.159235668789808,1.1019361035284603,0.1630573248407643,5.634337382325497,1.0,1.7402130468220887,0.050198775264510366,4.275234454158456,11.398444647758463,1.1518915299907981,0.1484974312055739,5.744539149025922,14.0,1.606791021045283,0.026802897913849072,3.9767732057424334,15.801282051282051,1.277878930891553,0.11794871794871795,5.8684109590940015,14.0,1.5208388999185547,0.0182212773898856,3.7747653337115583,19.012820512820515,1.3788944791679008,0.10650887573964497,5.908678161089246,14.0,1.4106327817306654,0.011681123300192399,3.5090602693763744,24.019354838709678,1.675457608256472,0.0911290322580645,5.941947231320701,14.0,1.3571768665030224,0.008309402919955277,3.3804780618776236,26.83116883116883,1.9452930740961798,0.08266733266733266,5.957996852154841,14.0,1.2976941552401156,0.005513281623599881,3.235965465664889,30.039473684210527,2.601416706567587,0.07211538461538461,5.9721663754015735,14.0,1.2695713135507412,0.003924953777101319,3.1680408532112008,31.32,3.322996662958843,0.06596153846153846,5.979955068924093,13.0,1.244089444899188,0.0024181949149143047,3.1065963198755977,31.949367088607595,4.882962433646386,0.05830087633885101,5.987469976073219,13.0,1.2324822679232528,0.0018762295303895785,3.0783913255125475,32.0,6.5,0.05478896103896104,5.990387170256132,12.0,1.2212340454820307,0.0012546985548317023,3.0512030658728286,32.0,9.75,0.05038948393378773,5.9935467708706,1.2034364393447898,0.0003506379685065397,3.0080651414092143,5.9984683363744695,1.999372566135321,32.0,0.03776160145586897,1.9999568489470203,0.0027987895832070463,3.0052663518258864,3.008065141409215,1.627174038015864,0.10971942307406617,3.90335596042856,10.875,1.6340753108514732,0.11134969163581436,3.918163739674962,10.625,0.11303900880622475,0.10613773597061549,-0.006901272835609262,1.735319081154741,1.7871232251007845,1.7369410336061175,-0.05180414394604317,-0.0016219524513763134,S_k_p2
3.2,0.0,42000.0,2198.0,1.7466781336407124,0.041280329782657554,4.304774839427794,5.7824238594294215,1.9137145098822543,11.45288197621226,0.1440636216482511,1.9813816989690014,1.1478577270548906,0.07611532446007013,0.025902629067190992,0.2024130194744683,1.1588489342848254,0.9986276303751144,14.0,1.9943108798817557,0.15191296558630696,4.757907751324928,5.8152866242038215,1.0382165605095541,0.19532908704883226,5.325405536763955,14.0,1.927672015045773,0.08306278046427296,4.694585866918022,7.573248407643312,1.0653927813163482,0.1679936305732484,5.613150165806414,14.0,1.8563943362134623,0.05872772583905509,4.552894251775074,9.114649681528663,1.1080527752502276,0.16050955414012735,5.716560312851735,1.0,1.7466781336407124,0.041280329782657554,4.304774839427794,11.45288197621226,1.1478577270548906,0.1440636216482511,5.7824238594294215,14.0,1.6050683384737603,0.02331551476265317,3.9776975740404215,15.884615384615385,1.2741760386288847,0.11666666666666668,5.881630459448282,14.0,1.5277437761976007,0.01614678687804691,3.7951392601769314,18.871794871794872,1.3902078683332888,0.10724852071005916,5.917965031165451,14.0,1.418341662091075,0.009966438947636807,3.530904496806232,23.81290322580645,1.6935170084776943,0.09161290322580644,5.94855969716535,14.0,1.3634982083686094,0.007434715479457214,3.397593447702337,26.7012987012987,1.9568235269062653,0.08254245754245754,5.961645971420361,14.0,1.3010231793579252,0.005008357603409996,3.245045411989698,30.039473684210527,2.6005665814517758,0.07270580296896086,5.974878994425587,14.0,1.2721799429091767,0.003839774562130079,3.1746901954297457,31.313333333333333,3.323401557285873,0.06737179487179487,5.980984631659972,13.0,1.2466253160085947,0.0026245970711138095,3.1126263944148156,31.943037974683545,4.884024091465904,0.06032943849399545,5.987240489805278,13.0,1.2346743424156288,0.001961449088714779,3.0837436824060003,32.0,6.5,0.05563186813186813,5.990401793322311,12.0,1.222722303064686,0.0013531608140494743,3.054776016440641,32.0,9.75,0.05146462187601428,5.993363398392961,1.2027056180776765,0.00024276742403817053,3.0063998940581333,5.998746547509257,1.9995012600284063,32.0,0.0373066424021838,1.9999058575584323,0.003302824087313053,3.0030970699708286,3.0063998940581325,1.643903918835931,0.10244751219170048,3.956088528802276,10.8375,1.6350861948835234,0.10156719476610218,3.9353646950596555,10.8625,0.10277421480478144,0.11159193875718909,0.008817723952407652,1.7328306760410919,1.77187436220367,1.7379977044352672,-0.03904368616257772,-0.005167028394175464,S_k_p2
3.2,1.0,42017.0,2198.0,1.7593173630765782,0.04151885105483229,4.336015131109197,5.784743305465501,1.914408151470223,11.28911253430924,0.14948272221831232,1.9824163738701583,1.1660939713432852,0.08011206943377175,0.02710558516426278,0.21078351812483775,1.1806771666994706,0.994967978042086,14.0,2.015527825570411,0.15007112699217795,4.81371287343776,5.770700636942675,1.048407643312102,0.20063694267515925,5.357340793283432,14.0,1.9344395523926634,0.08447020075955156,4.709393579842331,7.490445859872612,1.079223536548377,0.17595541401273884,5.605935786725276,14.0,1.8619922299733873,0.054373658118681695,4.573420087755445,9.070063694267516,1.1177585683955111,0.1643312101910828,5.727101786602525,1.0,1.7593173630765782,0.04151885105483229,4.336015131109197,11.28911253430924,1.1660939713432852,0.14948272221831232,5.784743305465501,14.0,1.6155568201397346,0.023167218057798422,4.004141223262638,15.73076923076923,1.2851710013236566,0.1205128205128205,5.884562511568551,14.0,1.5309473367703503,0.0161741130936041,3.803107172285469,18.814102564102566,1.396998588680679,0.10823471400394477,5.916887243993763,14.0,1.4183929242863356,0.010059700665871422,3.5308927597170316,23.858064516129033,1.6858891625231036,0.09241935483870967,5.948904460069715,14.0,1.3653880313897782,0.007616271661762717,3.402045670981801,26.616883116883116,1.9614271359963809,0.08503996003996005,5.960576282815104,14.0,1.3064307307017493,0.0051982930936802976,3.2582793871138525,29.769736842105264,2.6251507726258545,0.07397098515519569,5.973470115931138,14.0,1.2778088398853997,0.0039027753050293866,3.1886679367559556,31.086666666666666,3.3488284160531103,0.06801282051282051,5.980092622969098,13.0,1.2506344125573308,0.0026184411557068155,3.1226583696597667,31.841772151898734,4.899882605144958,0.06312885426809478,5.98643875208822,13.0,1.236778174508292,0.0019519213342597318,3.0890175542693403,31.954545454545453,6.5095307917888565,0.05903471528471528,5.98973988500971,12.0,1.2234808894719233,0.0012876322331485278,3.0567707753300857,32.0,9.75,0.0528034728984096,5.992986940963142,1.2040874232402108,0.0001277844477645118,3.01002688142888,5.998608821036655,1.9994936788629634,32.0,0.039126478616924476,1.999706657615692,0.003572528950507436,3.006454352478233,3.01002688142888,1.6342975191043418,0.09841618894193718,3.9381195143479486,11.1,1.6489849095895077,0.0929806197054093,3.9829913444156553,10.9125,0.1250198439722363,0.11033245348707044,-0.014687390485165874,1.7490698672812925,1.763510417171004,1.7462949654056936,-0.01444054988971154,0.0027749018755991637,S_k_p2
3.2,2.0,42034.0,2198.0,1.752313041744606,0.04161145722964418,4.3183654185170495,5.780641687645408,1.913010076805255,11.363220494053065,0.14849743120557393,1.9812444236223739,1.1560718444410119,0.07487748723628872,0.0245459160739481,0.19576703872152298,1.1190774627646762,0.9963403476669717,14.0,2.0082568982089524,0.1510387073597907,4.794084184482695,5.8471337579617835,1.0312101910828024,0.1910828025477707,5.362797647314878,14.0,1.9297222291125296,0.08343556957048752,4.699152218425593,7.598726114649682,1.0620564149226568,0.16401273885350318,5.62066683325165,14.0,1.8537097458529193,0.05639582112248768,4.549680632948568,9.184713375796179,1.0990799716914366,0.1592356687898089,5.725495206124386,1.0,1.752313041744606,0.04161145722964418,4.3183654185170495,11.363220494053065,1.1560718444410119,0.14849743120557393,5.780641687645408,14.0,1.6173733515503643,0.023043679178263672,4.008867860108515,15.647435897435898,1.2915956636485333,0.11987179487179486,5.884682971401744,14.0,1.5305480712829,0.017760985518076672,3.7997286999301343,18.73076923076923,1.4010155579116745,0.10922090729783039,5.909302272990501,14.0,1.4188333246187896,0.011307410981642087,3.5301221950745107,23.748387096774195,1.6942785382075414,0.0925806451612903,5.942065492833857,14.0,1.3658680757848474,0.008181805735228073,3.402397480859277,26.532467532467532,1.967802379989144,0.08528971028971027,5.957455692722343,14.0,1.3031360543072807,0.005249757761019137,3.249965499126673,29.736842105263158,2.6290960661409732,0.07371794871794872,5.971953567590716,14.0,1.273341567556727,0.0038679005600916485,3.1775520680516793,31.093333333333334,3.347659868990236,0.06692307692307693,5.978932719309639,13.0,1.2447338096704832,0.002491893007679498,3.1080966846646887,31.873417721518987,4.8950387913434055,0.05899058747160011,5.986370897440427,13.0,1.232311887875915,0.0017989940415009402,3.078081228627536,31.993506493506494,6.501361541684123,0.05463286713286713,5.990293442139162,12.0,1.2213119350212271,0.0012153789945930449,3.0514567690611782,32.0,9.75,0.050146056475170404,5.9938465092196935,1.2022504372261855,0.00010356100882358277,3.0054707515522283,5.999566741782693,1.9998210602579565,32.0,0.0373066424021838,1.9999936542983212,0.0009571936120327587,3.0045135579399407,3.0054707515522283,1.61464418920058,0.09916330313670166,3.8878655182963984,10.7875,1.606637430849231,0.1046926034431798,3.8595546719583083,10.7875,0.13766885254402594,0.14567561089537495,0.008006758351349008,1.7568239518991593,1.796861862095467,1.7711271195028286,-0.040037910196307674,-0.01430316760366925,S_k_p2
3.2,3.0,42051.0,2198.0,1.7586131140758412,0.04303684259267636,4.3319775213005896,5.78333956111969,1.9134342395090047,11.30512351326624,0.14708987261594764,1.9839896275795814,1.1642781725238267,0.07572056949916171,0.026832748156794917,0.1968960715041286,1.2041181655324158,0.9967978042086002,14.0,2.00792267499308,0.15085627943311086,4.7935222683330325,5.796178343949045,1.0445859872611465,0.1942675159235669,5.348122776435059,14.0,1.937885182674294,0.0832815749943489,4.719790594194211,7.477707006369426,1.0829845313921747,0.17436305732484075,5.6137599818515485,14.0,1.8641581700915726,0.06360040668764146,4.564994815197469,8.968152866242038,1.1278434940855322,0.16878980891719744,5.698193769255138,1.0,1.7586131140758412,0.04303684259267636,4.3319775213005896,11.30512351326624,1.1642781725238267,0.14708987261594764,5.78333956111969,14.0,1.6138267420936292,0.02405205626289245,3.9984887708397334,15.692307692307692,1.2900094285989736,0.11794871794871795,5.880113664643059,14.0,1.5348653177535132,0.019368028943753834,3.8081112509681523,18.602564102564102,1.4147526440508336,0.10774161735700198,5.905703580913591,14.0,1.4218117333466849,0.012089972114093076,3.5363943751955724,23.593548387096774,1.7119867930605515,0.0911290322580645,5.939504330768454,14.0,1.3683165690347372,0.00886238410981173,3.407497846422125,26.324675324675326,1.985213881107078,0.08291708291708293,5.9549113629999475,14.0,1.305798075687393,0.005623100973837161,3.2560605377577265,29.598684210526315,2.6399654920927644,0.07270580296896086,5.971375482599125,14.0,1.275219443814774,0.0041376728129412935,3.181842100317522,30.98,3.3595936931687764,0.06685897435897435,5.978802176213109,13.0,1.2472294277387102,0.0026546684673020506,3.1140915666458215,31.79746835443038,4.906849734585545,0.060491723466407,5.985999504408539,13.0,1.2350680195255765,0.0018538804559154372,3.084889228130068,31.935064935064936,6.513615416841223,0.05606893106893106,5.989847943269484,12.0,1.223626263591592,0.001001133689681858,3.0575639584444567,32.0,9.75,0.05128205128205128,5.993933485337256,1.2037491602086094,6.118833760027087e-05,3.0092811180151227,5.99911807021107,1.9996856272911565,32.0,0.04049135577797998,1.9997875934841267,0.0030900952567203123,3.006191022757349,3.0092811180151227,1.635213272977584,0.09485790098932709,3.945746330959969,10.9125,1.6391388642990556,0.10942786740955142,3.9337053596333122,10.7125,0.1233998410982573,0.11947424977678556,-0.003925591321471744,1.754015995945873,1.789399360114619,1.7465466355308004,-0.035383364168746094,0.007469360415072272,S_k_p2
3.2,4.0,42068.0,2198.0,1.7564547794316465,0.03966088663582101,4.331645618625385,5.79431759856958,1.9182189039779196,11.375114364135408,0.14712506158068828,1.9832695020077307,1.1552494623400387,0.07422874340141787,0.0257460444989567,0.19562633734147716,1.1382893984101412,0.9963403476669717,14.0,2.02495539866342,0.15515420174474748,4.8296571940414275,5.75796178343949,1.0528662420382164,0.19957537154989388,5.3619896039989285,14.0,1.9355108924335065,0.08915952279525559,4.705037946890882,7.509554140127388,1.0755232029117379,0.17197452229299362,5.6032037190635045,14.0,1.8609684948663177,0.056316798791294156,4.567946038978852,9.140127388535031,1.1070164796279447,0.15668789808917194,5.733325169116843,1.0,1.7564547794316465,0.03966088663582101,4.331645618625385,11.375114364135408,1.1552494623400387,0.14712506158068828,5.79431759856958,14.0,1.6151896613769863,0.0226282175818854,4.004031827069637,15.794871794871796,1.2788590056094222,0.12243589743589745,5.8899113500308085,14.0,1.5289636726927789,0.016177599063352952,3.798142783136917,18.897435897435898,1.3879367896639736,0.10650887573964497,5.920691626315085,14.0,1.4163068864904576,0.009775082464251211,3.5261045925297676,23.929032258064517,1.6831870044231605,0.09129032258064515,5.951396252798412,14.0,1.367194614222828,0.007259846352722137,3.4070967660279874,26.441558441558442,1.976232619925303,0.08366633366633366,5.9633614176107415,14.0,1.3053555548117537,0.0047934462948798304,3.256198717587065,29.74342105263158,2.6270746126300177,0.07346491228070175,5.975703292954207,14.0,1.276571768883534,0.003379419371755675,3.1863602931512016,31.086666666666666,3.3477385984427146,0.06762820512820514,5.982854605443016,13.0,1.2493641688585475,0.002057934880101722,3.120323519826216,31.82278481012658,4.902868517762353,0.060572865952612784,5.989358518384999,13.0,1.2353591093820737,0.0014287709738291124,3.0862546169944407,31.98701298701299,6.502723083368245,0.05684940059940059,5.992468181812408,12.0,1.222294602154262,0.0008937338670341449,3.0543959045851037,32.0,9.75,0.05150519311911716,5.995081542847138,1.202157940757595,0.00018360666693251204,3.0051194418935885,5.999112178869401,1.999642857400823,32.0,0.0359417652411283,1.9999488601100506,0.002555901925814637,3.0025635399677437,3.005119441893588,1.6445710214976939,0.10116656327241529,3.9596777088356108,10.7,1.6154583465208883,0.0951137869714621,3.8959751858450273,11.0375,0.11188375793395267,0.14099643291075825,0.029112674976805586,1.7407065291686417,1.7843659308054127,1.763930428326717,-0.04365940163677104,-0.023223899158075087,S_k_p2
3.2,5.0,42085.0,2198.0,1.751397445617566,0.04126113943420525,4.316601904892607,5.7867980649758435,1.915178975180546,11.41491308325709,0.1449081568020269,1.9827103031333893,1.1507860925290019,0.0695060610737687,0.025250537374079337,0.18222599633530448,1.12296860074729,0.9986276303751144,14.0,2.0116215294935405,0.14850079629884208,4.806302629285589,5.828025477707007,1.035031847133758,0.1942675159235669,5.368708926540219,14.0,1.9275053759169376,0.08743201647150328,4.687615415085089,7.535031847133758,1.0727327873824688,0.17038216560509553,5.597269816753462,14.0,1.8545523466820664,0.05840834282602879,4.548768352466122,9.13375796178344,1.1075219896875947,0.16050955414012738,5.716327374030921,1.0,1.751397445617566,0.04126113943420525,4.316601904892607,11.41491308325709,1.1507860925290019,0.1449081568020269,5.7867980649758435,14.0,1.6116572210974636,0.024385764924683445,3.9925644053566347,15.762820512820513,1.2793138674896234,0.11891025641025642,5.880982241671497,14.0,1.5313350792141982,0.017917829382079507,3.8014609539623754,18.724358974358974,1.400149292895625,0.10675542406311636,5.912213861168137,14.0,1.4233965948762364,0.011293302618124987,3.5415515332634038,23.516129032258064,1.7112282311770177,0.09129032258064515,5.945112017484057,14.0,1.3718618302262258,0.008528630598089537,3.4168616296684293,26.103896103896105,2.001361322112505,0.08304195804195803,5.958648589095834,14.0,1.3135495703526825,0.0057363880420019915,3.275269343818703,29.17763157894737,2.6822341280295663,0.07338056680161945,5.972441502488218,14.0,1.285934150585587,0.004300138439902223,3.2083851688041136,30.533333333333335,3.412730321560504,0.06679487179487179,5.979578048492553,13.0,1.2574639474759313,0.0029542377972086157,3.1392285119940153,31.670886075949365,4.92715394038383,0.05911230120090878,5.986139806261073,13.0,1.2415626254190812,0.0020768007178475632,3.100791362470931,31.954545454545453,6.5095307917888565,0.055413336663336664,5.9900660547888664,12.0,1.2261207986328573,0.0011914810099522668,3.0635147750672145,32.0,9.75,0.05034891269068484,5.993994734657064,1.2040811718712754,0.00022243669192612003,3.009869274640299,5.9989568726407425,1.9995781453162722,32.0,0.04322111010009099,1.9999488601100506,0.0035458691087777066,3.006323405531538,3.009869274640299,1.6549914708813689,0.09035613323434147,4.00194447735191,10.95,1.6450620214218437,0.10172742586446759,3.9600639147579075,10.7125,0.09640597473619716,0.1063354241957224,0.00992944945952523,1.7663317546628383,1.8129195033256051,1.7802613323272398,-0.0465877486627671,-0.013929577664401331,S_k_p2
3.3,0.0,43000.0,2198.0,1.7585916534245338,0.041493400493007676,4.334239032821823,5.798587922478555,1.9190315073285162,11.411253430924063,0.1467027940038004,1.987161761923828,1.1510841488997938,0.07428373946020977,0.024490604810115432,0.19742535635989475,1.118194197904176,1.0,14.0,2.0215758162637556,0.14081401839371663,4.842718513068815,5.8152866242038215,1.0394904458598726,0.1932059447983015,5.398534782346597,14.0,1.9365983623558478,0.08041372555184295,4.720875317561854,7.554140127388535,1.068243858052775,0.16878980891719744,5.631120929679159,14.0,1.8562049650770174,0.054007468236380994,4.559501210337972,9.197452229299364,1.0972348599737134,0.15796178343949044,5.737658330845621,1.0,1.7585916534245338,0.041493400493007676,4.334239032821823,11.411253430924063,1.1510841488997938,0.1467027940038004,5.798587922478555,14.0,1.6162190185755954,0.021270998103387225,4.0086410492839075,15.756410256410257,1.2825322324161332,0.1182692307692308,5.895676985637486,14.0,1.5343876966613867,0.014539580686117657,3.814159870624289,18.794871794871796,1.3952039787784842,0.10823471400394478,5.927802838307978,14.0,1.419545445751361,0.008880731737797501,3.5355425167717063,23.929032258064517,1.6819711438003306,0.0932258064516129,5.955156493415987,14.0,1.3662078040794692,0.0068581982521778075,3.405232212820406,26.62987012987013,1.9613658006617243,0.08541458541458541,5.965339891248822,14.0,1.3044029913022777,0.0045390528198589785,3.254198899025905,29.79605263157895,2.623704031758577,0.0736336032388664,5.977558681660754,14.0,1.274858177586332,0.0034592723931007245,3.1819565353761785,31.153333333333332,3.3411735261401563,0.06705128205128204,5.982971966067538,13.0,1.2458286232338307,0.0024742686954720605,3.1108601550413684,31.930379746835442,4.88594834626378,0.05923401493021745,5.987936780731804,13.0,1.232456648136661,0.0019469328433158054,3.0782212210766784,32.0,6.5,0.054882617382617384,5.990513538205446,12.0,1.2211497442359194,0.0014147977221578812,3.050752164006562,32.0,9.75,0.049578059071729956,5.993114115933253,1.203144380929137,0.00019163324622972766,3.0075735024534973,5.999028838923014,1.9996124018922614,32.0,0.039126478616924476,1.9999317640603533,0.003240765074667031,3.004332737378822,3.007573502453498,1.6675116736607443,0.1484023075861726,3.9461757227726024,10.6375,1.6431993246168293,0.15306369070376447,3.878402775486427,10.825,0.09107997976378956,0.11539232880770456,0.024312349043914994,1.7509106663319218,1.8309951335639019,1.8129439929775037,-0.08008446723197987,-0.06203332664558187,S_k_p2
3.3,1.0,43017.0,2198.0,1.7504070160991752,0.04279269320206748,4.311828500444837,5.792711929972266,1.9166397455900661,11.513266239707228,0.1460342036737279,1.9869165910295332,1.1400139976420856,0.06913096875748284,0.023279556377357475,0.1815622066905283,1.0749827716333644,1.0,14.0,2.0082305536629033,0.1408718255977643,4.8092686457606115,5.898089171974522,1.0203821656050955,0.1836518046709129,5.39474719282357,14.0,1.919394948821715,0.08004461410559825,4.678420450895889,7.726114649681529,1.040643008795875,0.15605095541401273,5.6312671794844364,14.0,1.8416691939404664,0.05694080083584077,4.518761783597403,9.363057324840764,1.0748913153371753,0.15222929936305732,5.7294663560223285,1.0,1.7504070160991752,0.04279269320206748,4.311828500444837,11.513266239707228,1.1400139976420856,0.1460342036737279,5.792711929972266,14.0,1.5999838676450013,0.02281421441735074,3.9657383474864774,16.096153846153847,1.254228590290748,0.11858974358974358,5.8885519004013265,14.0,1.514224047461846,0.016718060620238673,3.760483027724256,19.237179487179485,1.3630840216030014,0.10330374753451678,5.916819556305331,14.0,1.4008271189456123,0.009685344771410583,3.4875397802069155,24.47741935483871,1.6434079529238912,0.08870967741935482,5.950621896093395,14.0,1.3488007368678425,0.007172278353912906,3.3612434246387366,27.272727272727273,1.914100128867745,0.08091908091908091,5.96329592139221,14.0,1.293499746941857,0.004592913717494128,3.226859996778401,30.25,2.5824028476479484,0.0720310391363023,5.976320446900373,14.0,1.2671963627518463,0.003360816277455072,3.1629496824634327,31.34,3.3203777036213076,0.06762820512820514,5.982398724242784,13.0,1.2425092584487891,0.002250725424593819,3.102897057985082,31.90506329113924,4.889929563086975,0.06065400843881856,5.988143386391067,13.0,1.2307605178714423,0.0017242904561612393,3.074314858994364,31.993506493506494,6.501361541684123,0.05606893106893106,5.991040758778599,12.0,1.2197045829418867,0.0011568979120252078,3.0475261104866784,32.0,9.75,0.04982148653034728,5.994036343038258,1.2028407201523277,0.00032715565878405073,3.006611066892643,5.998364588756829,1.9993458110326816,32.0,0.040036396724294813,1.9998910008659523,0.0011792988790576085,3.0054317680136577,3.006611066892642,1.6619245579895456,0.16302697180959227,3.910270937259476,10.825,1.674380206222176,0.15640362316096063,3.9513450808139994,10.675,0.08848245810962951,0.07602680987699917,-0.012455648232630345,1.7468404875549943,1.8317566395941978,1.79353030570697,-0.08491615203920311,-0.046689818151975634,S_k_p2
3.3,2.0,43034.0,2198.0,1.7525771811671187,0.046335850186427545,4.3119391776381555,5.778778685620627,1.9108142784780664,11.427264409881062,0.1466324160743191,1.986755917772833,1.1507913074015543,0.07453708488835785,0.02654354850053592,0.1946700397253363,1.1606807482054848,1.0,14.0,2.007564759115554,0.15057902047118094,4.793043367082115,5.885350318471337,1.0235668789808916,0.18471337579617833,5.370652012752498,14.0,1.9215809067348564,0.08448924406928836,4.677218400733209,7.662420382165605,1.0508340915984227,0.16162420382165604,5.615415087617778,14.0,1.8412478748415033,0.06374552501034587,4.507501399588239,9.273885350318471,1.0877565463552725,0.1554140127388535,5.700520010105995,1.0,1.7525771811671187,0.046335850186427545,4.3119391776381555,11.427264409881062,1.1507913074015543,0.1466324160743191,5.778778685620627,14.0,1.6107316558958478,0.0249340039438077,3.9894281338239077,15.737179487179487,1.2839828829052453,0.11762820512820511,5.876451195988409,14.0,1.527996352112488,0.01770685320089582,3.793430600479875,18.865384615384617,1.391603515524972,0.10798816568047338,5.912681887271928,14.0,1.4148140034312187,0.011094417936448449,3.5203933816733746,23.967741935483872,1.680110359276684,0.09306451612903224,5.945468513223405,14.0,1.362477423060008,0.008865427211827065,3.39289541683228,26.714285714285715,1.9558458271914407,0.08628871128871128,5.956382357028354,14.0,1.3024888569808148,0.00584338007009292,3.2474570723468976,29.92763157894737,2.612261492103916,0.07548920377867746,5.971585815051383,14.0,1.274223168459149,0.004270241988012516,3.1791525581658546,31.233333333333334,3.332615198545121,0.06833333333333333,5.979169519278275,13.0,1.249689942902738,0.002734667885769486,3.120122855428191,31.867088607594937,4.896100449162923,0.06256085686465432,5.986632080591093,13.0,1.2384791740854537,0.001962684546040631,3.093253908394574,31.98051948051948,6.504084625052368,0.05937812187812189,5.990234790436727,12.0,1.2265205405050825,0.0012118795730797602,3.0644835319030865,32.0,9.75,0.054345180136319386,5.993769640468008,1.2050025488125058,0.0003548270480244753,3.011974131459228,5.998458817948909,1.9993679969669615,32.0,0.03958143767060965,1.9999593126098825,0.0028880330315290315,3.009086098426293,3.011974131459228,1.6534331149154557,0.1738245734021116,3.8728459271854723,10.8,1.657514236378264,0.14817210118701482,3.921527439165138,10.925,0.09914406625166294,0.09506294478885469,-0.004081121462808257,1.7419698826081629,1.8156345003366734,1.7939432523663845,-0.0736646177285103,-0.05197336975822136,S_k_p2
3.3,3.0,43051.0,2198.0,1.7567662149837133,0.04572403653140586,4.323329482662174,5.778748260490001,1.911008074652865,11.351326623970722,0.148180730522908,1.9856769980543347,1.1582134902811936,0.07560303239148779,0.028485444426101653,0.20206137299616603,1.1593490366726094,1.0,14.0,2.0108971744942243,0.14267264269914534,4.8132339721868425,5.859872611464968,1.0280254777070064,0.19002123142250527,5.3861609980258205,14.0,1.928425212464004,0.08433886321934406,4.694554736330993,7.56687898089172,1.065089475280558,0.17197452229299362,5.610743469607766,14.0,1.8524790633117245,0.06203426649437601,4.538146258537748,9.13375796178344,1.1060812860175917,0.16178343949044585,5.704611629170711,1.0,1.7567662149837133,0.04572403653140586,4.323329482662174,11.351326623970722,1.1582134902811936,0.148180730522908,5.778748260490001,14.0,1.6086294448917975,0.023900151678353822,3.985723384711962,15.83974358974359,1.276593106359122,0.12147435897435897,5.880547796108165,14.0,1.52539887069001,0.017406579915092698,3.7873873068523847,18.916666666666668,1.387362161944037,0.10848126232741617,5.911636791052865,14.0,1.4142041666362248,0.010439779455929676,3.519850747406668,23.974193548387095,1.6798785720573726,0.0929032258064516,5.946355769711485,14.0,1.362392815060866,0.007774890542614721,3.394319701838243,26.649350649350648,1.960141552458331,0.08479020979020978,5.9586076097888885,14.0,1.304827771100865,0.004737424223565472,3.254963291416813,29.736842105263158,2.63054869282959,0.07422402159244264,5.974284939118538,14.0,1.2770232099636563,0.0035266283796761637,3.187268082339626,31.08,3.3494238218832217,0.06826923076923078,5.980969976510385,13.0,1.2489463957422087,0.0024200305624445485,3.118735943511855,31.873417721518987,4.894972437729686,0.06126257708536189,5.987319542597051,13.0,1.237358171610616,0.0018916617586351343,3.0905579363885867,31.98051948051948,6.504084625052368,0.05713036963036963,5.990269382433991,12.0,1.2255360942481381,0.0012258247884761786,3.0620014984376307,32.0,9.75,0.05178919182083738,5.993723759029929,1.202809180197971,0.00013167762093058144,3.006825434063531,5.9988952365362,1.9995878529717563,32.0,0.036851683348498636,1.9998072992019331,0.003476089588130459,3.0033493444754056,3.006825434063531,1.6463870702035983,0.15086607054697093,3.88966856968854,10.8875,1.6454217906745463,0.14412333718079248,3.8973694709151774,11.0,0.11037914478011501,0.11134442430916702,0.00096527952905201,1.7439305190383712,1.8124925502955556,1.7806037366699756,-0.06856203125718424,-0.03667321763160442,S_k_p2
3.3,4.0,43068.0,2198.0,1.7507788651505398,0.046223655350980594,4.30761167984988,5.781383690122927,1.9117200115906485,11.46889295516926,0.14599901470898727,1.9874562991324576,1.1444390645442795,0.06793962322049743,0.02792389987869041,0.179932435143257,1.0720572865695543,1.0,14.0,2.0163977663361865,0.1530960901857974,4.811350280561771,5.821656050955414,1.0369426751592357,0.1942675159235669,5.367184042367358,14.0,1.9292992466670382,0.09383000836695814,4.682503104117157,7.535031847133758,1.0735820442826811,0.17038216560509553,5.586753455427729,14.0,1.8496586673780808,0.06835734332798092,4.52161065345323,9.178343949044587,1.0998382367809119,0.16178343949044582,5.693280242536184,1.0,1.7507788651505398,0.046223655350980594,4.30761167984988,11.46889295516926,1.1444390645442795,0.14599901470898727,5.781383690122927,14.0,1.6049173871206441,0.025038519505850225,3.974735688542835,15.955128205128204,1.2665461677279968,0.11666666666666664,5.881928592040581,14.0,1.5272447139127556,0.019461746184667936,3.7889191655048866,18.846153846153847,1.3919902052885966,0.10700197238658778,5.9078112899799,14.0,1.4154402055070139,0.011915195945941353,3.5207277198486224,23.93548387096774,1.6813844820074981,0.0911290322580645,5.943553855615537,14.0,1.3643330881265079,0.009080389189809626,3.3972121365315546,26.66883116883117,1.958192395211186,0.08291708291708293,5.957328475036692,14.0,1.3069746514977139,0.005887069612358812,3.2586060243257453,29.75,2.6272339186513745,0.07506747638326586,5.9723895891376175,14.0,1.2778200351130355,0.004390405417794305,3.187964479655897,30.98,3.3601931285594615,0.06897435897435898,5.979710821367681,13.0,1.2506902794637165,0.003147414189220167,3.1220045773754608,31.81645569620253,4.903996529195591,0.062114573190522555,5.985386678947376,13.0,1.237612513056685,0.0023705044605362704,3.090475525950908,31.98701298701299,6.502723083368245,0.05678696303696303,5.988776122415995,12.0,1.2250688469459416,0.0016142933006682014,3.0602506774138507,32.0,9.75,0.05152547874066862,5.992241886956283,1.2044757318489683,0.00034206077394038914,3.01067623846151,5.998301320195141,1.9993197531404003,32.0,0.044585987261146494,1.9998898062045254,0.0016786591040798893,3.0089975793575103,3.0106762384615093,1.6343003120458715,0.14617009957558533,3.8664956307513,10.9875,1.6591514897307746,0.1472118059871878,3.9270610153461547,10.775,0.11647855310466837,0.09162737541976518,-0.024851177684903192,1.7636861596366622,1.8276869459074705,1.798126031341339,-0.06400078627080805,-0.03443987170467686,S_k_p2
3.3,5.0,43085.0,2198.0,1.7759354220850323,0.03602000449043288,4.385808548476931,5.8148250192454976,1.9262683382516879,11.178408051235133,0.14853262017031454,1.985362255620384,1.1800985445884806,0.0840437677502494,0.023828389698304867,0.21759744834727326,1.2805142601178585,0.9954254345837146,14.0,2.0590063869077415,0.11300678646322235,4.97800578757452,5.751592356687898,1.0528662420382167,0.20276008492569003,5.50688634491635,14.0,1.9640586249919634,0.0685542773815219,4.807315146407626,7.3949044585987265,1.0965726417955717,0.17914012738853502,5.67633154017511,14.0,1.881188289802973,0.048972188277764374,4.629512442090785,9.019108280254777,1.1238246891113133,0.1643312101910828,5.767625709765767,1.0,1.7759354220850323,0.03602000449043288,4.385808548476931,11.178408051235133,1.1800985445884806,0.14853262017031454,5.8148250192454976,14.0,1.631463686664816,0.02163210650841224,4.046211056899422,15.442307692307692,1.312129580526818,0.11923076923076924,5.897266939155788,14.0,1.5493175558031165,0.01549453837428805,3.8500520819463597,18.391025641025642,1.432761446001788,0.10872781065088756,5.925912880829419,14.0,1.4332940723070395,0.00935510497571518,3.569202523304026,23.34193548387097,1.7315428232833865,0.09016129032258063,5.9550923995082305,14.0,1.37847563108731,0.006578137631914072,3.436321871270404,26.058441558441558,2.0104535998332658,0.08379120879120878,5.967446751176686,14.0,1.3142082704061129,0.004243366018696494,3.2791556269872366,29.539473684210527,2.6488273691621527,0.0743927125506073,5.978698179249867,14.0,1.2836487608305218,0.002907250614688882,3.2047610261542707,30.993333333333332,3.3596251390433816,0.0683974358974359,5.985062455877481,13.0,1.2562346541920388,0.0017022825035524214,3.138033211724768,31.873417721518987,4.894906084115966,0.061790003245699436,5.9908529551378855,13.0,1.2420491013509702,0.0011508507779184084,3.103396477210548,31.98701298701299,6.502723083368245,0.05806693306693305,5.993628632293411,12.0,1.227624657308512,0.0006787348227366209,3.068043541037175,32.0,9.75,0.053148328464784164,5.996307524598442,1.206015450503822,6.503637392718531e-05,3.014941071698664,5.999422483262147,1.9997858156294066,32.0,0.04367606915377616,1.9998942094291268,0.001841355713399163,3.0130997159852573,3.014941071698665,1.6127573068112262,0.09884353269329171,3.883627967988128,10.6125,1.6364159548313524,0.09078052824784998,3.9548690947066056,11.0125,0.1631781152738061,0.13951946725367992,-0.023658648020126183,1.7731067963873406,1.8027802290752948,1.7739793436264648,-0.029673432687953853,-0.0008725472391245116,S_k_p2
3.4,0.0,44000.0,2198.0,1.853738435465312,0.022937513681725266,4.599939818140692,5.8719585739154345,1.9496736867445699,10.274473924977126,0.16352311914983464,1.9874935962703593,1.3176579215234292,0.13471414996667602,0.015106414014896638,0.3448419534464925,1.8671959451614883,0.9775846294602013,14.0,2.1036599273342684,0.09040334531757584,5.123544800359307,5.490445859872612,1.1127388535031846,0.23354564755838644,5.570150235217803,14.0,2.038915401693758,0.044322047303016816,5.03080543327987,6.961783439490445,1.1858052775250225,0.1942675159235669,5.785473509789056,14.0,1.9520285929785175,0.034212771982100876,4.828752324473144,8.35031847133758,1.2369325649580427,0.1821656050955414,5.8268527368680925,1.0,1.853738435465312,0.022937513681725266,4.599939818140692,10.274473924977126,1.3176579215234292,0.16352311914983464,5.8719585739154345,14.0,1.7059063079580488,0.013019050819037275,4.245237193666564,14.173076923076923,1.4536169768814446,0.13365384615384615,5.935452050740847,14.0,1.6169461360006958,0.009424905686248689,4.028227981472367,16.94871794871795,1.5707196006782087,0.12204142011834318,5.952341115084582,14.0,1.4945215813892236,0.005206742948136053,3.728493839050855,21.767741935483873,1.864705726900699,0.10403225806451613,5.973125770652441,14.0,1.437199870232553,0.003756267623491397,3.587365274146146,24.40909090909091,2.1533587421816103,0.09627872127872128,5.9801993237281845,14.0,1.3619000558271528,0.002305491311024871,3.4012919026013444,28.25657894736842,2.780966523164628,0.08586369770580297,5.987518130556064,14.0,1.3189303968631585,0.0017280928638523758,3.2947338528621177,30.253333333333334,3.4510987261958705,0.07833333333333334,5.990579381491849,13.0,1.27665987104263,0.0011360490020967775,3.18994560410343,31.734177215189874,4.917406823333944,0.06929568321973385,5.993868714409543,13.0,1.2576851639355096,0.0008597215901452906,3.1429233274535555,31.961038961038962,6.508260019550342,0.0643419080919081,5.9953029248493515,12.0,1.2401305033486045,0.0005817150749118449,3.0994536857591433,32.0,9.75,0.05852401817591691,5.996785045277532,1.2122466525138655,7.990283345904459e-05,3.0304967770344753,5.9993735717266805,1.9997645562977404,32.0,0.048225659690627844,1.9998977200378163,0.00176886404920443,3.028727912991809,3.0304967770344744,1.6371321707193087,0.09158773487871583,3.9554488244801975,10.85,1.595393239534852,0.10311202273780251,3.8338150647304268,10.9125,0.2166062647460032,0.2583451959304599,0.04173893118445671,1.8470286887481278,1.8678867965111567,1.8350741602552638,-0.020858107763028308,0.0119545284928639,S_k_p2
3.4,1.0,44017.0,2198.0,1.780528026157887,0.033592243948257085,4.400931699472332,5.832681275867789,1.9330296773065105,11.218664226898445,0.14835667534661132,1.9883442610133035,1.175653179289959,0.08331755349383727,0.018948856634240868,0.2131004273131643,1.279273599411482,1.0,14.0,2.0628907312236007,0.10957269648717731,4.992867783328236,5.707006369426751,1.0605095541401275,0.21231422505307856,5.5102329463281965,14.0,1.9697394080808344,0.06546058514452467,4.826157642485299,7.401273885350318,1.095056111616621,0.17993630573248406,5.694757527494315,14.0,1.8890158615077421,0.04497042882411321,4.655084010533185,8.980891719745223,1.1298402588211505,0.16624203821656047,5.784555418435138,1.0,1.780528026157887,0.033592243948257085,4.400931699472332,11.218664226898445,1.175653179289959,0.14835667534661132,5.832681275867789,14.0,1.630905951205411,0.01677533471331268,4.052101875943558,15.564102564102564,1.302011851458148,0.12147435897435895,5.914322917834435,14.0,1.5438751246453608,0.012803584782201335,3.8404824344401,18.621794871794872,1.4133347512343677,0.10946745562130175,5.935697650495625,14.0,1.4249125205745938,0.007316376187504862,3.5513067371552265,23.741935483870968,1.6977219070937237,0.09193548387096773,5.962014153730224,14.0,1.3717970187340442,0.005373111258486052,3.4214328799473814,26.4025974025974,1.9810143333293846,0.08229270729270728,5.971993418313452,14.0,1.307402909596955,0.003204466157888012,3.263700574755556,29.730263157894736,2.630428993553591,0.0724527665317139,5.982344911382072,14.0,1.2765595428244403,0.002332863088409513,3.187899562428486,31.1,3.347458237940255,0.06685897435897435,5.987029945062744,13.0,1.2499463167315015,0.0016816207187879796,3.122343360750572,31.82278481012658,4.903001224989792,0.060167153521583895,5.990563865805542,13.0,1.2365344794309507,0.0012538405553913256,3.0894554377442893,31.954545454545453,6.5095307917888565,0.05547577422577422,5.992794463058782,12.0,1.2229195349601887,0.0008158763567467055,3.0560750228653513,32.0,9.75,0.05142405063291138,5.995121996021985,1.203801307062443,9.228453487253319e-05,3.0093648408537987,5.9993827006050235,1.9997634720233837,32.0,0.04185623293903549,1.9999172803490055,0.003278784308124161,3.0060860565459455,3.0093648408537996,1.6694594567487677,0.1268815995733849,3.9833262425118425,10.8625,1.6574141540173142,0.1508802272355425,3.917215044189972,10.725,0.11106856940911936,0.1231138721405729,0.012045302731453544,1.7742856597213146,1.8544920123179156,1.8305726808427127,-0.08020635259660103,-0.056287021121398086,S_k_p2
3.4,2.0,44034.0,2198.0,1.79460114364439,0.03394401004037421,4.435586844050414,5.833642059252454,1.933232683070693,11.008691674290942,0.1528256738686748,1.9890976235420763,1.2004070076005118,0.08928402741373274,0.020211150958513207,0.2301050135632009,1.3378908409098695,1.0,14.0,2.067087360063772,0.10556292005191116,5.009374020081563,5.745222929936306,1.0554140127388534,0.20169851380042467,5.535519565665009,14.0,1.977858434457365,0.06234557998133335,4.851127716171413,7.382165605095541,1.0994237185319988,0.18152866242038215,5.712812583935613,14.0,1.8948904779461273,0.04730970461987853,4.6662616379355,8.898089171974522,1.143716509958548,0.17006369426751589,5.777578720193193,1.0,1.79460114364439,0.03394401004037421,4.435586844050414,11.008691674290942,1.2004070076005118,0.1528256738686748,5.833642059252454,14.0,1.6447786235951236,0.017921431062959885,4.085064412393369,15.237179487179487,1.3339883805917385,0.12179487179487179,5.911651932037189,14.0,1.562929655398359,0.013207092907615969,3.8875134991344726,18.096153846153847,1.4589430399608416,0.1136587771203156,5.93352633349999,14.0,1.4485495792556145,0.00783167687880428,3.6096264328208303,22.916129032258066,1.7616801508954751,0.09548387096774191,5.959582862652602,14.0,1.3906717135182483,0.005730459799273719,3.4680835940967105,25.72077922077922,2.037994880953856,0.08741258741258741,5.970344873928137,14.0,1.3277863718096812,0.0037339029697849827,3.3138650750695255,28.960526315789473,2.7019825582448895,0.07751349527665316,5.9808302480491236,14.0,1.2933642388242412,0.002764937330600669,3.2292631910647014,30.546666666666667,3.410153864866509,0.07121794871794872,5.985909755714419,13.0,1.2620254829214672,0.0018272124806201935,3.1523228885827375,31.563291139240505,4.94585421917461,0.06357513794222654,5.990712882987757,13.0,1.2470280789221593,0.0013077958786719092,3.1156085034873895,31.928571428571427,6.515158497416563,0.05841033966033966,5.993396328632738,12.0,1.232950261041651,0.0008141659630169014,3.081154403659602,32.0,9.75,0.053574326517364504,5.995979252844224,1.2049075619081198,0.00018898439839798442,3.0119854281727023,5.999074549758891,1.999628521786831,32.0,0.03958143767060965,1.9999434849299988,0.0025464700273354728,3.0094389581453385,3.011985428172701,1.6476896936236796,0.16867353051359268,3.8662139382888094,10.675,1.6291737117821554,0.15649562593265595,3.838190840556405,10.8125,0.1469114500207105,0.16542743186223463,0.018515981841524143,1.7884469430503809,1.8410900909298225,1.8244927597173504,-0.052643147879441854,-0.03604581666696921,S_k_p2
3.4,3.0,44051.0,2198.0,1.7804715818415786,0.033539330891742186,4.400869958266333,5.834558655058039,1.9336731080554321,11.240164684354987,0.1484622422408333,1.9889173679009027,1.1767920678487924,0.09168535751344073,0.01831233498105466,0.23509563984693893,1.358601337444155,1.0,14.0,2.0640128538797757,0.11285832908115627,4.990744641077705,5.713375796178344,1.0617834394904457,0.2070063694267516,5.507128194059501,14.0,1.9747141006474445,0.06387513377061764,4.840972550962684,7.356687898089172,1.1055505004549588,0.18550955414012738,5.699262680080106,14.0,1.8890253310210885,0.043976830854970006,4.656598081270268,8.980891719745223,1.1302446668688708,0.17197452229299362,5.786511852290969,1.0,1.7804715818415786,0.033539330891742186,4.400869958266333,11.240164684354987,1.1767920678487924,0.1484622422408333,5.834558655058039,14.0,1.6329592584659012,0.01794845348674229,4.05547546593464,15.525641025641026,1.3070248520057999,0.12243589743589745,5.910793617601354,14.0,1.5445465636840143,0.012474082919134714,3.842655284831334,18.621794871794872,1.4132344301588142,0.10774161735700197,5.9376230828704495,14.0,1.4289632960484622,0.0074672809155186355,3.5612073187478765,23.593548387096774,1.70815225015758,0.09016129032258065,5.962419781989761,14.0,1.375033313058549,0.005624061407039267,3.4291471905358133,26.31168831168831,1.9879154840304283,0.08454045954045954,5.972028525311537,14.0,1.3122543877795498,0.0035862031894399182,3.275256664664715,29.585526315789473,2.6451416848573044,0.07439271255060728,5.982331848959783,14.0,1.2799707731871093,0.0026684691931980293,3.1959242291779764,31.02,3.3574487466968,0.06717948717948717,5.9869550940746015,13.0,1.2509209095549774,0.0016458890772763268,3.1248334402715288,31.810126582278482,4.905697535135483,0.05927458617332035,5.99177140895455,13.0,1.2369418047238256,0.0011649252577541232,3.0906071239229327,31.974025974025974,6.50544616673649,0.055163586413586416,5.994028733430726,12.0,1.2243142004348815,0.0006840754863260616,3.0597593878577145,32.0,9.75,0.05010548523206751,5.996290389227456,1.2029447471516974,1.665157942554174e-05,3.0073368905101048,5.999209266564568,1.9997308716617141,32.0,0.03821656050955414,1.999758624957821,0.0015876081199973334,3.005749282390042,3.007336890510105,1.6232728909050465,0.16752591207360865,3.806893359152203,10.8,1.6521494420469538,0.1450984996985686,3.912725855569532,10.9,0.15719869093653216,0.1283221397946248,-0.028876551141907347,1.7926713247398693,1.849329436857546,1.8175584646019196,-0.05665811211767702,-0.024887139862050878,S_k_p2
3.4,4.0,44068.0,2198.0,1.846458489435542,0.023844263326607627,4.580379828598944,5.867724298337661,1.9479600116703515,10.377859103385179,0.16320641846716868,1.9872353206367352,1.3087750462407373,0.13915380479538947,0.01651910825307002,0.3563317914314568,1.8913643473726258,0.9826166514181153,14.0,2.10895870749681,0.08665542583559983,5.142413629988625,5.477707006369426,1.1140127388535033,0.23779193205944804,5.584891589720988,14.0,2.032521269922455,0.047965240621565715,5.0093553138737885,7.012738853503185,1.181498331816803,0.19665605095541402,5.776193769892452,14.0,1.9442583898132055,0.03330681892594351,4.810685746144098,8.490445859872612,1.2263926802143361,0.18726114649681527,5.83215081721062,1.0,1.846458489435542,0.023844263326607627,4.580379828598944,10.377859103385179,1.3087750462407373,0.16320641846716868,5.867724298337661,14.0,1.699965941349883,0.013534865815082875,4.229612554652085,14.333333333333334,1.43994462280066,0.13782051282051283,5.931740684226223,14.0,1.605826245611091,0.009678708041270117,4.000047551965822,17.30128205128205,1.5429449706615206,0.1210552268244576,5.950265048765115,14.0,1.4797690037752094,0.005697239067065685,3.6908766508374247,22.232258064516127,1.8287234248437096,0.10225806451612902,5.970296919952875,14.0,1.4186237370787345,0.003989721300195936,3.5405747607465416,25.025974025974026,2.101136469493102,0.09228271728271728,5.978622285985535,14.0,1.3441371428747577,0.0025341401885092935,3.3565416469041303,28.625,2.7373133149883087,0.07886302294197031,5.986073162460883,14.0,1.305065222670322,0.0019250269158101634,3.25977551630209,30.35333333333333,3.4341258737417433,0.07294871794871796,5.989610802128662,13.0,1.2676977518029777,0.001217780596749895,3.1674177086123194,31.670886075949365,4.927751122907309,0.06609055501460563,5.9933870791297705,13.0,1.25077263257088,0.0009121046220599859,3.1255634244941093,31.935064935064936,6.51379695573244,0.06118881118881119,5.9950550752252285,12.0,1.2356154670094133,0.0005717520219942474,3.088181039490542,32.0,9.75,0.057043167802661485,5.99694086822227,1.2115754717912348,3.696644366169011e-05,3.0288832298125943,5.999524016730562,1.9998290167623,32.0,0.05141037306642402,1.9998906259510345,0.001549418504746789,3.0273338113075345,3.0288832298125934,1.6488596333114898,0.10896770150661461,3.958697531018803,10.6375,1.6384554396986928,0.10436629917178841,3.9395891504890495,10.6125,0.19759885612405226,0.20800304973684924,0.010404193612796986,1.8711011417678887,1.8575712207623072,1.8456077495760523,0.013529921005581806,0.02549339219183644,S_k_p2
3.4,5.0,44085.0,2198.0,1.7829025454502132,0.03779796003020429,4.400559423580226,5.820412189849158,1.9275380766063175,11.145471180237877,0.15029206840734746,1.9897854510242015,1.182811317989726,0.08247222733993016,0.020642799328699717,0.21346961339721868,1.257682733278398,1.0,14.0,2.0491339452699435,0.11425940497110582,4.951445755718199,5.796178343949045,1.0445859872611465,0.19426751592356686,5.497413189656017,14.0,1.9595976467600007,0.069731607976437,4.794396704935346,7.445859872611465,1.0878980891719743,0.1751592356687898,5.675398900252166,14.0,1.875177897478672,0.0459312836790344,4.619047818178128,9.101910828025478,1.1128298453139218,0.15987261146496815,5.77567495798632,1.0,1.7829025454502132,0.03779796003020429,4.400559423580226,11.145471180237877,1.182811317989726,0.15029206840734746,5.820412189849158,14.0,1.6351751763150038,0.01972376392718602,4.058352294896731,15.397435897435898,1.316988592872732,0.12179487179487179,5.9042169656740136,14.0,1.5468806071596106,0.014204488265816146,3.845894785500303,18.5,1.4237854828437344,0.10971400394477317,5.9307275351132285,14.0,1.4290963601267055,0.009091947043114898,3.55910297975209,23.587096774193547,1.7092260398214831,0.09467741935483868,5.955629160560278,14.0,1.3716126343492527,0.006851507950733095,3.4187543239470326,26.51298701298701,1.9699842576041489,0.0869130869130869,5.9662854117084425,14.0,1.3109505528438394,0.004496124870776178,3.2706321948034343,29.638157894736842,2.636070363675689,0.076417004048583,5.977647453684296,14.0,1.2822231659199754,0.0033617552209557347,3.2005152819685048,30.953333333333333,3.362499567420591,0.06974358974358973,5.982892060816745,13.0,1.2540553645574373,0.0020587969070125873,3.132050216033073,31.81645569620253,4.90406288280931,0.062317429406037,5.988955206022616,13.0,1.2414941606636067,0.0013683993175594268,3.101682802682677,31.967532467532468,6.506807708420612,0.05847277722277723,5.99198395057757,12.0,1.228645099894372,0.0007837433161662477,3.0704371347616806,32.0,9.75,0.053939467705290484,5.994704990208255,1.2100041967406812,0.0001276782802817067,3.0248189744312803,5.998130276726331,1.9993341994820166,32.0,0.04413102820746133,1.9995469451828276,0.0046032366510271126,3.0202157377799157,3.0248189744312812,1.646590044921434,0.18158194225747767,3.844102198917368,10.6875,1.6543366388814227,0.15178921711995677,3.9081577715236215,10.95,0.1363125005287793,0.12856590656879052,-0.007746593959988779,1.8011205424830758,1.866408553330288,1.84753301814666,-0.06528801084721217,-0.04641247566358415,S_k_p2
3.44949,0.0,44494.0,2198.0,2.0404762047055063,0.012794587068225982,5.081998631161426,5.91708295447921,1.9680961224703282,7.975754803293687,0.20867056091209799,1.9891898327160213,1.863819478275105,0.21720561685076237,0.01183415999359934,0.5523742411011583,2.6848593650247152,0.818847209515096,14.0,2.1873612313544553,0.05516292309262587,5.3856586937471995,4.993630573248407,1.2388535031847134,0.2717622080679405,5.673059879000873,14.0,2.1573954253470564,0.023548858007256913,5.358165276356757,6.089171974522293,1.407946618137701,0.21815286624203822,5.887945556508214,14.0,2.0874614952729984,0.02073117069691385,5.187556982137126,6.974522292993631,1.579112324335254,0.22484076433121017,5.8756524162145185,1.0,2.0404762047055063,0.012794587068225982,5.081998631161426,7.975754803293687,1.863819478275105,0.20867056091209799,5.91708295447921,14.0,1.93272864015042,0.006863034104753745,4.82152704921892,10.544871794871796,2.248841454515425,0.1769230769230769,5.965275777729278,14.0,1.8456081194554355,0.005118867395260878,4.606341997545697,12.628205128205128,2.3896142977050565,0.16346153846153846,5.971352449207854,14.0,1.730755244951253,0.003057234553968788,4.32230226054718,16.219354838709677,2.7793727561559187,0.1429032258064516,5.984188681949279,14.0,1.6673471254337235,0.002231764583083514,4.165020166709684,18.62987012987013,3.0825172026525394,0.13374125874125875,5.988398581748726,14.0,1.5725558235994308,0.0014747138660833091,3.9291774881994517,22.75,3.6134289396122288,0.12036099865047234,5.992327274262305,14.0,1.5121455875415934,0.0011225302969332359,3.778680173408584,25.54,4.192669785346644,0.11217948717948718,5.9942184724421725,13.0,1.4393710093692171,0.0007598874006621559,3.5972876923220505,29.158227848101266,5.40258020693614,0.10329438493995456,5.995986735832626,13.0,1.4044466480443893,0.0005825313138113616,3.510242823140256,30.90909090909091,6.746016696900218,0.0995879120879121,5.996966439014979,12.0,1.3731681089763308,0.0003823044631879472,3.432346815746045,31.974683544303797,9.757962433646385,0.09643784485556636,5.997983650147867,1.3269516426297068,1.4335070615878465e-05,3.3173576039683432,5.999724065479635,1.9999032434696729,32.0,0.09599636032757052,1.9999271354020558,0.0010259776568447157,3.3163316263108404,3.3173576039683423,1.6688390127644517,0.07502490531530179,4.059560173938178,10.0625,1.6683785574740237,0.06925468024695737,4.067064373314623,10.1,0.3716371919410546,0.37209764723148253,0.0004604552904279302,2.0145158357584467,1.9380431789063113,1.9402799899403496,0.07647265685213528,0.07423584581809735,S_k_p4
3.44949,1.0,44511.0,2198.0,2.0187598694847413,0.014628328132739904,5.024957181512744,5.91131713792641,1.9655629365978906,8.209515096065873,0.20166795692870718,1.9897170156424686,1.7785375484025987,0.20346626950007066,0.012524519489556712,0.5186392689077072,2.5014215616149333,0.8751143641354071,14.0,2.18187577227202,0.0633802400592541,5.35961907059117,5.019108280254777,1.2305732484076433,0.27282377919320594,5.652762297334269,14.0,2.157687370756455,0.028505212126807282,5.351460608700926,6.031847133757962,1.410555050045496,0.2285031847133758,5.8673703514326006,14.0,2.085557726548706,0.02499337144488847,5.176404259204433,6.942675159235669,1.5648316651501364,0.22356687898089173,5.8637459395389895,1.0,2.0187598694847413,0.014628328132739904,5.024957181512744,8.209515096065873,1.7785375484025987,0.20166795692870718,5.91131713792641,14.0,1.901139331069952,0.008303438707867003,4.740393169613078,10.871794871794872,2.0889063697321615,0.16858974358974357,5.959595802792127,14.0,1.8219593986147633,0.006099793557795791,4.545748806200215,12.826923076923077,2.2868204729853336,0.15729783037475345,5.968635695840189,14.0,1.689713325619705,0.0036096351275695443,4.218868861357908,16.870967741935484,2.6059973816426947,0.1335483870967742,5.9825023713721635,14.0,1.6111492421723046,0.0026983598011891857,4.023825565728978,19.75974025974026,2.818669168167604,0.12262737262737264,5.987038649447601,14.0,1.5051416744991464,0.0016279063722140993,3.760412326689545,24.230263157894736,3.34781661779844,0.10619095816464239,5.992026638429124,14.0,1.4413505046653061,0.0011296426033621286,3.601681797758222,27.32,3.883669378441867,0.09647435897435895,5.994451531376749,13.0,1.3724669385664872,0.0006377139285755221,3.4302107755233546,30.39873417721519,5.14587571684029,0.08580817916260952,5.996754072358132,13.0,1.341595085351946,0.00046327225461782984,3.3532928049979374,31.272727272727273,6.659757851073599,0.08082542457542458,5.997654787913197,12.0,1.3106973551541203,0.0002627294382774132,3.276349293727885,31.77848101265823,9.820732952225399,0.07674050632911393,5.998648854382723,1.261602367946465,3.434312481420676e-05,3.1539544051789408,5.999850984285973,1.999938880387053,32.0,0.07415832575068244,1.9999961179278039,0.0007913317137407145,3.153163073461262,3.1539544051789408,1.6413234393927454,0.08048963123812058,3.982574151624682,10.475,1.6560343884161828,0.08577982802235617,4.011416229006922,10.225,0.3774364300919959,0.3627254810685585,-0.014710949023437392,1.9988846174750274,1.9667374117121905,1.9375908974491947,0.03214720576283679,0.061293720025833096,S_k_p4
3.44949,2.0,44528.0,2198.0,2.0368974180810016,0.014682043211163016,5.07022048038576,5.910398717906222,1.9652388915650199,7.988106129917658,0.20849461608839467,1.9894187134928347,1.8554274116145113,0.213899586625106,0.01450329136939755,0.5464265967643214,2.6054776171792526,0.8124428179322964,14.0,2.178343807699697,0.05642514340522118,5.36122180414141,5.031847133757962,1.2292993630573248,0.2685774946921444,5.6631596801721,14.0,2.162293296640614,0.027928636890407917,5.363840286265923,6.006369426751593,1.4343949044585986,0.2197452229299363,5.872438856397812,14.0,2.0878151807573877,0.02173697346446084,5.186932491696777,6.942675159235669,1.5915225962996662,0.22165605095541405,5.870522842901777,1.0,2.0368974180810016,0.014682043211163016,5.07022048038576,7.988106129917658,1.8554274116145113,0.20849461608839467,5.910398717906222,14.0,1.9267771067162738,0.008004364525079645,4.804936220003064,10.5,2.2851986681916427,0.1733974358974359,5.960890220321822,14.0,1.8504113813830032,0.005799590300659916,4.6173290680065175,12.423076923076923,2.5425295650914848,0.16272189349112423,5.968521207804649,14.0,1.7431698673493667,0.0034168559052262203,4.352799384515578,15.793548387096774,3.0821243794072157,0.14258064516129032,5.98302842675489,14.0,1.6795302112454986,0.002526779964270191,4.195035358167341,18.136363636363637,3.440352387047954,0.13274225774225776,5.98752247180047,14.0,1.5843343671165535,0.001536193742895615,3.9585316271770403,22.05263157894737,4.0091263916313755,0.12036099865047234,5.992135921361469,14.0,1.5223285653976972,0.0011866119189405033,3.804041495615832,24.826666666666668,4.5017073806752474,0.11326923076923076,5.994086091224379,13.0,1.4518554379068638,0.0007693770923246881,3.628484529128672,28.227848101265824,5.63594907774048,0.10548523206751055,5.996275009937211,13.0,1.4160236265739603,0.0005882816582557414,3.5391766439475165,30.136363636363637,6.935827634677365,0.10064935064935066,5.9971851069674855,12.0,1.3728337555846988,0.0004118160748386909,3.431466664849489,31.639240506329113,9.867262851832558,0.09515985069782537,5.9979889945038485,1.2997610783838969,8.048164718488238e-05,3.249281973488965,5.999527107719967,1.9998155420242607,32.0,0.08871701546860783,1.9999496814804858,0.0007552280613675582,3.2485267454570472,3.2492819734889657,1.6336041624481843,0.07324042355322001,3.9741497707906306,10.25,1.680562470991008,0.07399033706895573,4.090420671874087,10.1375,0.40329325563281726,0.35633494708999347,-0.04695830854282379,1.99404746642379,1.9293363201809528,1.963590615592308,0.06471114624283665,0.030456850831481776,S_k_p4
3.44949,3.0,44545.0,2198.0,2.0380639495477983,0.013247470738031257,5.0752886677624485,5.916438669851362,1.9677303997044435,7.979871912168344,0.20501090857906962,1.9895981836166494,1.8472516961538006,0.21015361705310695,0.011239582251035456,0.5341892966161708,2.58727924474193,0.843092406221409,14.0,2.1859069021105197,0.05556989735344141,5.381412409246138,5.006369426751593,1.235031847133758,0.27176220806794055,5.672423994571453,14.0,2.1687583746262784,0.022338009150603275,5.388388922839791,5.987261146496815,1.4288140734000603,0.23089171974522293,5.892246412053538,14.0,2.100066737271851,0.021549302256939875,5.217842889794218,6.802547770700637,1.6136133859063795,0.23057324840764332,5.870667184494563,1.0,2.0380639495477983,0.013247470738031257,5.0752886677624485,7.979871912168344,1.8472516961538006,0.20501090857906962,5.916438669851362,14.0,1.921245926423345,0.007170119255578547,4.792359637174995,10.551282051282051,2.187537447227254,0.17115384615384613,5.9629234723478906,14.0,1.8414474322210992,0.005680969444429591,4.595097126386103,12.435897435897436,2.407937363490769,0.15754437869822482,5.969056686432952,14.0,1.718414434323504,0.003392654389568168,4.290947104224408,16.12258064516129,2.8071783970312407,0.13693548387096774,5.982786860839979,14.0,1.6477639002458715,0.0025209279438808837,4.115628358698857,18.662337662337663,3.061548756857293,0.1258741258741259,5.986961108329036,14.0,1.5427214710347263,0.0015007800806915263,3.8545525074657787,22.99342105263158,3.553337573901029,0.11108299595141699,5.992048115218101,14.0,1.481530754781312,0.0010691018180498208,3.7022232342262047,25.866666666666667,4.136710101748034,0.10185897435897436,5.994312750116418,13.0,1.4144055675287368,0.0006730273126357672,3.535004377852888,29.037974683544302,5.415470719115492,0.09380071405387859,5.996437833270977,13.0,1.3798898545649012,0.0005083468568367063,3.4489621161269977,30.603896103896105,6.82058101158689,0.09034715284715285,5.99737170609639,12.0,1.3470572154520337,0.00032793400061031014,3.3671511376291687,31.670886075949365,9.857339227632872,0.08775559883154821,5.998340967778303,1.2885353414369214,4.882875606782022e-05,3.2212651104582015,5.9996214795092815,1.9998575502510711,32.0,0.08462238398544131,1.9999389312301754,0.0012270234972269712,3.220038086983074,3.2212651104582015,1.6673793804537773,0.07928825897209316,4.049516062676303,10.2125,1.6413051192603791,0.07289300493250342,3.9939232907521927,10.425,0.37068456909402103,0.3967588302874192,0.026074261193398174,2.0001305418560573,1.9662631472079504,1.9193719912886695,0.03386739464810768,0.0807585505673883,S_k_p4
3.44949,4.0,44562.0,2198.0,1.822317462293175,0.029514889495320665,4.5115213214899565,5.8529395753005655,1.9411415619350814,10.679780420860018,0.1579280737560701,1.9897869865660365,1.2463449189318356,0.10695425841495898,0.01652127688228845,0.2737674804576048,1.5339772281873822,1.0,14.0,2.0789524462070235,0.09435827769985126,5.055843698967782,5.649681528662421,1.0738853503184715,0.2186836518046709,5.556487891109122,14.0,1.9988894446144403,0.05495037525514407,4.914798048653385,7.222929936305732,1.1293903548680617,0.1910828025477707,5.738110103888213,14.0,1.9182949881716602,0.03730909410918645,4.7397738292653715,8.694267515923567,1.1768274188656354,0.17324840764331206,5.812008946244594,1.0,1.822317462293175,0.029514889495320665,4.5115213214899565,10.679780420860018,1.2463449189318356,0.1579280737560701,5.8529395753005655,14.0,1.6691656860251265,0.015440987452988653,4.149752733883334,14.820512820512821,1.3810552110296097,0.12692307692307692,5.922864090450997,14.0,1.579751517617367,0.011579354650655543,3.9320097620674344,17.75,1.4922395400723574,0.11316568047337278,5.941699353719852,14.0,1.4610370991587511,0.007313015744138266,3.641623224280669,22.670967741935485,1.7890377135388187,0.09741935483870967,5.96355609611962,14.0,1.4058503864846417,0.005317527541439925,3.5066496748994442,25.376623376623378,2.0706301666234563,0.08991008991008992,5.973092378575991,14.0,1.3404884871697236,0.003489055463810526,3.3459876347285924,28.69078947368421,2.7319383897195175,0.0796221322537112,5.981678862485667,14.0,1.3068982925519534,0.0026289335726860765,3.2633023310208538,30.3,3.4418392962590225,0.0739102564102564,5.985925002291988,13.0,1.2731881425211726,0.0018095455855242722,3.1802560379246447,31.411392405063292,4.971272883070802,0.06645569620253164,5.990219028809863,13.0,1.2550414344929874,0.0013496653460438716,3.1355790882134027,31.772727272727273,6.548380114509146,0.061095154845154834,5.992660855611624,12.0,1.2378525327886833,0.0008735035558695168,3.0933210766379045,31.981012658227847,9.75597182523479,0.05663745537163259,5.995190922410133,1.2109886946707218,0.00014934543324240934,3.0272477185269406,5.998748578222791,1.9995330775965163,32.0,0.045040946314831666,1.9997819958007055,0.004222726336424517,3.0230249921905576,3.0272477185269393,1.6691011371953697,0.14834014751642358,3.9502426217137887,10.5125,1.6795373258589428,0.13486201925941915,3.9965502857582296,10.5125,0.15321632509780536,0.14278013643423226,-0.010436188663573098,1.8216106011106663,1.8725592915252822,1.8591398550737677,-0.05094869041461562,-0.037529253963101195,S_k_p4
3.44949,5.0,44579.0,2198.0,1.827964169016382,0.02959631584862406,4.525515948768018,5.854255243047519,1.9415529757329646,10.605672461116194,0.15838553029769864,1.990286436629486,1.258982749993729,0.11107807515138252,0.018093408302561953,0.28459176579466566,1.6128046725910286,1.0,14.0,2.094291652557789,0.09105314212772238,5.099149418202889,5.598726114649682,1.0878980891719745,0.22080679405520168,5.577981916482185,14.0,2.013559723864498,0.05418333801568241,4.952624302637722,7.114649681528663,1.1474067333939943,0.19347133757961785,5.746746871289982,14.0,1.9275739114390853,0.04157706851877204,4.756569175819555,8.560509554140127,1.1993478920230511,0.17643312101910824,5.798279209105506,1.0,1.827964169016382,0.02959631584862406,4.525515948768018,10.605672461116194,1.258982749993729,0.15838553029769864,5.854255243047519,14.0,1.6751388620712226,0.015608115764415299,4.164434981531435,14.711538461538462,1.3994425364840941,0.12980769230769232,5.923339145659936,14.0,1.5898052531145754,0.011428952249811379,3.9573697044117218,17.506410256410255,1.5164477927274065,0.1166173570019724,5.942806004989606,14.0,1.4675130685801947,0.006852620617611305,3.65850374052407,22.496774193548386,1.8029709847762267,0.09919354838709675,5.965376494379247,14.0,1.4078992385948519,0.0051301389586951955,3.512052888049087,25.363636363636363,2.0675934134482223,0.09003496503496503,5.973897992838385,14.0,1.3396605646742596,0.0032629729463973596,3.344256952266053,28.80263157894737,2.7173233948678703,0.07810391363022942,5.9829071054131235,14.0,1.3056604331227122,0.0022877680282606563,3.2607194307643885,30.30666666666667,3.438776832184693,0.07102564102564102,5.987765253508407,13.0,1.269934346459929,0.0014713959433141411,3.172628772234851,31.531645569620252,4.95013288323172,0.06353456669912365,5.992016522935663,13.0,1.25180789651641,0.0010169928856839196,3.1279942519624986,31.863636363636363,6.529136992040217,0.05756743256743257,5.994258707336538,12.0,1.2324146176783797,0.0006240660290220026,3.0801004451524157,31.99367088607595,9.751990608411596,0.05245861733203505,5.996331787400965,1.2049019505569578,9.737089837447144e-05,3.0121088200448325,5.999252166178594,1.9997182650934064,32.0,0.041401273885350316,1.9998805483642217,0.002584763962544639,3.009524056082326,3.0121088200448334,1.6516563109245652,0.14438002602710576,3.9125707382707544,10.9,1.6347657959228639,0.1466799980919035,3.8668944926693043,11.125,0.1763078580918167,0.19319837309351806,0.016890515001701356,1.8120882852661993,1.8903616602048687,1.8622468902381766,-0.07827337493866948,-0.050158604971977216,S_k_p4
3.48,0.0,44800.0,2198.0,1.8346642540453786,0.030714806021505798,4.540588426081188,5.85349981945027,1.9409283378095878,10.516925892040256,0.16232669434865224,1.9915764794900568,1.2660336207454232,0.10582245412768052,0.017599389970779505,0.2710953907281399,1.5274064962396348,1.0,14.0,2.0971403671412,0.0954540606332136,5.099669826903179,5.579617834394904,1.0929936305732486,0.2218683651804671,5.56939136427866,14.0,2.0237223646416473,0.047464796088909945,4.988108717470754,7.082802547770701,1.1614801334546556,0.19187898089171976,5.772874400283303,14.0,1.9407570151424032,0.0377414545475898,4.795280356034624,8.48407643312102,1.2162319280153675,0.1821656050955414,5.817035275834167,1.0,1.8346642540453786,0.030714806021505798,4.540588426081188,10.516925892040256,1.2660336207454232,0.16232669434865224,5.85349981945027,14.0,1.6881173453432319,0.01451463161096775,4.198521415941627,14.461538461538462,1.409355748156653,0.13205128205128205,5.929204088246424,14.0,1.6042365694951255,0.010672872008067227,3.9945821157257124,17.153846153846153,1.5399491891351498,0.11982248520710059,5.946685696792053,14.0,1.4764173288879947,0.006669563597403091,3.6810389768238827,22.129032258064516,1.8284107638873879,0.09983870967741935,5.9669783773816825,14.0,1.4150475134754705,0.005232316906020353,3.5297703083296454,25.006493506493506,2.097176930293125,0.09115884115884115,5.974220967375513,14.0,1.3416128544760606,0.003405022633274252,3.3489246022402397,28.54605263157895,2.7423594201135955,0.07835695006747638,5.983240503637336,14.0,1.3045191901645496,0.002537968881571899,3.2574910220890168,30.19333333333333,3.450899698861953,0.07166666666666666,5.987659617256107,13.0,1.2668439880343672,0.0016217779664153492,3.1646773031362945,31.588607594936708,4.940358309514088,0.06361570918532944,5.991964842833507,13.0,1.2493837265408936,0.0010971766933350444,3.1218135513122314,31.896103896103895,6.521784666945957,0.05925324675324675,5.9944902156716475,12.0,1.2339889150055254,0.0006071088263679077,3.0840616242742622,32.0,9.75,0.05377718273287895,5.996778614187228,1.2050261692286643,0.00011891792739771034,3.0123870461805637,5.9988058598198375,1.9995623139641465,32.0,0.04413102820746133,1.9997604932184494,0.0023316142635542107,3.010055431916369,3.0123870461805637,1.6718055118294397,0.15112774902101567,3.952822156042076,10.775,1.661955241028242,0.1640210549317846,3.908856520172928,10.875,0.16285874221593888,0.17270901301713648,0.009850270801197603,1.8627020523075757,1.8949574113187662,1.878231445431921,-0.032255359011190206,-0.015529393124345,S_k_p4
3.48,1.0,44817.0,2198.0,2.3690448845897025,0.00043960236903589547,5.921952807920704,5.961856448823005,1.9871389488179902,4.182982616651418,0.30251952987543107,1.9878667267583758,3.1791525733085657,0.08039118655797797,0.002188856546531624,0.20355072260587054,0.9290490749122723,0.04757548032936871,14.0,2.2962492974659523,0.001813919670440528,5.737902364159222,4.050955414012739,1.4859872611464968,0.33121019108280253,5.753058560914567,14.0,2.389729904970835,0.0009506378055893968,5.972898805718704,4.089171974522293,1.972520473157416,0.24920382165605096,5.995479712496589,14.0,2.353154373483279,0.0008544654209523239,5.88160423557677,4.127388535031847,2.4544282681225353,0.2974522292993631,5.911994739205262,1.0,2.3690448845897025,0.00043960236903589547,5.921952807920704,4.182982616651418,3.1791525733085657,0.30251952987543107,5.961856448823005,14.0,2.379249812003834,0.00029315826757344193,5.947684792608224,4.262820512820513,4.855031542531543,0.2471153846153846,5.9985912410233135,14.0,2.368560651646345,0.00017885989263282507,5.921133339276915,4.371794871794871,6.239252645502646,0.2642998027613412,5.986754936762697,14.0,2.3655840057766278,9.049018551279909e-05,5.9138242791633,4.554838709677419,9.467229902713774,0.24516129032258063,5.999525039449758,14.0,2.361116950834951,6.509638350647087e-05,5.902694732512117,4.675324675324675,12.189141414141414,0.24413086913086912,5.999654044687087,14.0,2.352336751589641,3.982935475710381e-05,5.880782134941964,4.967105263157895,17.849616228070175,0.24940958164642374,5.998406058033394,14.0,2.346531750416824,3.0249350906312127e-05,5.8662840020157,5.273333333333333,23.157771043771046,0.24346153846153848,5.9998363373969426,13.0,2.3382102678230994,2.2145213122084114e-05,5.845492451738064,5.8354430379746836,33.14278727601512,0.24322460240181762,5.9998787867249765,13.0,2.3316926427639295,1.711024667232814e-05,5.829205941539815,6.402597402597403,42.074115927362676,0.24303821178821178,5.999904929937612,12.0,2.3291130856614517,1.0413171509442628e-05,5.822767094396363,7.253164556962025,58.77852211080059,0.2433260305095748,5.99994174578866,2.3081725060605383,8.958656305679824e-07,5.7704299213529,5.999988353766106,1.9999958193001586,20.0,0.24385805277525022,1.9999973124092105,0.00014877670115563533,5.748421465149174,5.74867184719486,2.1078478313915134,0.0032770482041951433,5.264704006172491,4.2125,2.1522001850522168,0.0025526375667046354,5.376671506280485,4.25,0.2611970531981891,0.21684469953748575,-0.044352353660703336,2.3712607385867344,2.1601860264313277,2.1530446172202096,0.21107471215540657,0.2182161213665244,S_k_p4
3.48,2.0,44834.0,2198.0,1.8724757529938545,0.026213000346068025,4.641869881965533,5.870203803265233,1.9479969343063885,10.046203110704482,0.16813287353086073,1.9912041886162353,1.357904542087982,0.1438470381259417,0.016193254298105742,0.36698207436948027,1.9761076880095974,1.0,14.0,2.1141807006496927,0.08045524455398453,5.164768884793255,5.515923566878981,1.1114649681528663,0.2229299363057325,5.615221403345034,14.0,2.0520213735553146,0.04456993826006337,5.063198526498192,6.872611464968153,1.208128601759175,0.20222929936305734,5.793525078280279,14.0,1.9767651976924918,0.03360209193512275,4.891509856328545,8.095541401273886,1.2997421898695782,0.18917197452229298,5.831625661626014,1.0,1.8724757529938545,0.026213000346068025,4.641869881965533,10.046203110704482,1.357904542087982,0.16813287353086073,5.870203803265233,14.0,1.7322853603024428,0.012823457284025655,4.3114782148300685,13.679487179487179,1.5349017834282184,0.13942307692307693,5.935816626812837,14.0,1.6461660928430684,0.009386025714933638,4.1013361935352695,16.30128205128205,1.6679250223174371,0.1264792899408284,5.95270091703885,14.0,1.5180742747269056,0.005514893899108607,3.786913345968601,21.10967741935484,1.9624064102345185,0.10725806451612903,5.971952057951436,14.0,1.4548330726593448,0.0042062308984151765,3.6307733353007396,23.961038961038962,2.2231081388447156,0.09852647352647352,5.979062159012106,14.0,1.3714247901264691,0.002783452337858372,3.4243867968093853,28.04605263157895,2.8039127624712017,0.08544197031039136,5.98638931992407,14.0,1.3230721458188093,0.0020534458573136403,3.304600195761052,30.213333333333335,3.452495151383175,0.07673076923076923,5.98996286606099,13.0,1.2795675443260812,0.0013838529397293931,3.1968430814056097,31.61392405063291,4.937906494457374,0.06649626744563453,5.993225849721523,13.0,1.2599628520140298,0.001026566254977038,3.148367280652609,31.935064935064936,6.513887725178049,0.06256243756243755,5.9949143155629425,12.0,1.2423901694635686,0.0007184436508530245,3.104897758182642,32.0,9.75,0.05961944173969491,5.9964543454255415,1.216014321116132,0.0001764313716838828,3.0397711557328044,5.998818283463741,1.9995472840306858,32.0,0.054140127388535034,1.999841347431532,0.0008207440963596246,3.0389504116364296,3.0397711557328044,1.6495975043510192,0.15426353861392558,3.8925984529566597,10.55,1.6670942749641235,0.1494444720925024,3.943568979271555,10.425,0.22287824864283534,0.20538147802973095,-0.017496770613104395,1.8422523444736834,1.8794143998682233,1.8754981828987722,-0.03716205539454004,-0.03324583842508872,S_k_p4
3.48,3.0,44851.0,2198.0,2.373148238620598,0.0006634635858837791,5.93187540117267,5.960497597423843,1.9866113779459866,4.12580054894785,0.30452530086564855,1.9876935013898334,3.1875288633294123,0.05450097478820412,0.003608208512946537,0.13991709147229353,0.572471907299788,0.05032021957913998,14.0,2.2975509932622336,0.0016868008469476574,5.741347281885163,4.031847133757962,1.4910828025477707,0.33227176220806787,5.751127261190626,14.0,2.3918098451934298,0.0008318080798907321,5.978276900863739,4.070063694267516,1.9766454352441616,0.24920382165605096,5.996044748432351,14.0,2.355519615231316,0.001062357710366884,5.887205501512739,4.089171974522293,2.462314225053079,0.29936305732484075,5.90884676772802,1.0,2.373148238620598,0.0006634635858837791,5.93187540117267,4.12580054894785,3.1875288633294123,0.30452530086564855,5.960497597423843,14.0,2.385640263552027,0.0002849103994156345,5.9636732932809435,4.173076923076923,4.871794871794871,0.2487179487179487,5.998594785335845,14.0,2.378139516649044,0.0003349318809098677,5.944846393801247,4.217948717948718,6.283333333333333,0.2675049309664694,5.9857674135312235,14.0,2.3796024418235233,0.00020678872153081078,5.94869592147651,4.316129032258065,9.526881720430106,0.2479032258064516,5.998970509151876,14.0,2.377697839206877,0.00014182544374793542,5.94403185985157,4.3896103896103895,12.258080808080809,0.24762737262737264,5.999285591911445,14.0,2.3738718674845822,8.364642228906784e-05,5.934554199078019,4.552631578947368,18.030372807017546,0.25345816464237514,5.998193516381966,14.0,2.3720073532575556,6.0089837624026645e-05,5.929928248387452,4.706666666666667,23.60992592592593,0.2473076923076923,5.999705057498049,13.0,2.3678130153221835,4.4487602938380886e-05,5.919465806901049,5.044303797468355,33.96455696202531,0.2471600129827978,5.999782131021431,13.0,2.3645106198335117,3.563172225232855e-05,5.9112231020004,5.383116883116883,43.41694495980211,0.24706543456543453,5.999830533493743,12.0,2.3591893722309405,2.6643455066166077e-05,5.8979334653947495,6.113924050632911,59.615140555646875,0.24689629990262904,5.999877111039333,2.352670929788047,1.7170688986212213e-06,5.881674748866769,5.99999111602212,1.9999964663177405,16.0,0.24658780709736125,1.9999993280986004,6.699423974770532e-05,5.86405935603856,5.86430774377036,2.1415387863530446,0.0008742941701462892,5.352535524627392,3.9375,2.1707070169321705,0.0008631354728766861,5.425472839121111,4.025,0.23160945226755336,0.2024412216884275,-0.029168230579125876,2.377347668309244,2.1314617431081375,2.1553922104788037,0.24588592520110605,0.22195545783044,S_k_p4
3.48,4.0,44868.0,2198.0,2.3808191574216444,7.573063255973661e-05,5.9519342976052725,5.963044782403405,1.9876563505902825,4.049405306495883,0.306425504961644,1.9877815416599875,3.228668910382085,0.038224093189243205,0.0008110221118426444,0.09631859013820482,0.42057351320362246,0.00960658737419945,14.0,2.300489544363007,0.0003884288300738979,5.750641217662407,4.012738853503185,1.4968152866242037,0.33227176220806787,5.7544953179257945,14.0,2.3975818353831717,0.0003564891770960224,5.993419854692285,4.019108280254777,1.993205944798301,0.25,5.998304892175401,14.0,2.361948313495668,0.00020780492469696518,5.9045590763521245,4.031847133757962,2.4878677585683957,0.2987261146496816,5.912643275134595,1.0,2.3808191574216444,7.573063255973661e-05,5.9519342976052725,4.049405306495883,3.228668910382085,0.306425504961644,5.963044782403405,14.0,2.3951325735004434,5.2793314534318513e-05,5.987752243779306,4.064102564102564,4.957264957264957,0.24935897435897436,5.999738026092417,14.0,2.388710955172326,4.136459536371517e-05,5.971715341037771,4.096153846153846,6.415277777777778,0.2682445759368836,5.987058145213907,14.0,2.3926808665134867,2.189485072682992e-05,5.981669324007627,4.148387096774194,9.804301075268818,0.24919354838709679,5.99989073132402,14.0,2.3921640824404986,1.562421184526912e-05,5.980386769783477,4.188311688311688,12.682436611008042,0.24925074925074928,5.999921965678721,14.0,2.390555015122933,9.371946489831662e-06,5.976373479887596,4.282894736842105,18.790131578947367,0.25548245614035087,5.9985395865428845,14.0,2.3901684169225756,6.005576421674874e-06,5.975412033941805,4.386666666666667,24.72888888888889,0.2491025641025641,5.999969980431295,13.0,2.3886322124887123,3.3776518620333167e-06,5.971575464743987,4.6075949367088604,36.037974683544306,0.24902629016553068,5.9999831138054835,13.0,2.387581576837263,2.5987646869661055e-06,5.968950043946126,4.8311688311688314,46.5974025974026,0.249000999000999,5.99998700706032,12.0,2.3861847570839445,1.969942659325821e-06,5.965458937795872,5.3164556962025316,65.10108499095841,0.24896543330087637,5.999990150572954,2.3878136816702917,2.2396602794572118e-07,5.969533868226687,5.999996192571931,1.9999986562019678,12.0,0.24931756141947226,1.9999990294783725,3.2618703963291636e-06,5.957696854170582,5.957742359738576,2.1756398009322266,0.00041533085719321907,5.438476506044776,3.9875,2.174343182632562,0.00033909837734559246,5.435349309015386,3.9875,0.20517935648941776,0.20647597478908253,0.0012966182996647646,2.385328045785582,2.1649495855399974,2.1722937232545894,0.22037846024558436,0.21303432253099153,S_k_p4
3.48,5.0,44885.0,2198.0,1.882092394585602,0.025459732932429802,4.6670413870653595,5.873609541956247,1.9493832696746056,9.93046660567246,0.1714406362164825,1.991302229895804,1.3816967214954405,0.1493873727906164,0.016483108576122563,0.3806730944911937,2.018377475160036,1.0,14.0,2.115964563401769,0.09162932227520362,5.152467425091618,5.3949044585987265,1.1369426751592357,0.24097664543524422,5.56717960067322,14.0,2.055628097576025,0.04407123917223948,5.072963385181703,6.828025477707007,1.2200788595693053,0.20461783439490447,5.793192915660547,14.0,1.9684115702874279,0.035824460457678495,4.867292235032051,8.146496815286625,1.2881912850065715,0.1961783439490446,5.8184269864412945,1.0,1.882092394585602,0.025459732932429802,4.6670413870653595,9.93046660567246,1.3816967214954405,0.1714406362164825,5.873609541956247,14.0,1.7414104164635347,0.012572483761316384,4.334667315516861,13.5,1.5653915536625704,0.14102564102564102,5.937586005880817,14.0,1.6581886140223288,0.009782787187098841,4.130797354275174,16.128205128205128,1.7040142178544049,0.1306706114398422,5.952131937627827,14.0,1.5367502287095562,0.005880601781612914,3.8330546691014704,20.787096774193547,2.0055552013321933,0.11161290322580643,5.971575527718653,14.0,1.4734787284289805,0.004547219827049537,3.6768759913318765,23.5974025974026,2.2799537153351634,0.10277222777222778,5.9777848820963655,14.0,1.3929793744180028,0.002882115058888591,3.4781252634566746,27.585526315789473,2.8748651574738058,0.08965924426450742,5.985684282642034,14.0,1.3535161707503356,0.0021745695111240514,3.380528572609151,29.606666666666666,3.536231755698126,0.08352564102564103,5.989046559151154,13.0,1.3132093172615977,0.0012615453556104107,3.2811309751205795,31.272151898734176,4.993613966850404,0.07489451476793248,5.993462623512964,13.0,1.2940833200852244,0.0008607405026835692,3.2339171894590355,31.766233766233768,6.549650886747662,0.07180319680319681,5.9955033992957585,12.0,1.2746975079322391,0.0005382345422675293,3.1859364180171963,31.930379746835442,9.771896692527562,0.06893054203180786,5.997186136061937,1.2300188883101466,0.00010474813243455117,3.0748900985767142,5.9995673495574,1.999820867141655,32.0,0.062329390354868064,1.9999954460314333,0.00102706930607942,3.0738630292730997,3.074890098576713,1.6532934892970084,0.1441390438652134,3.9170251574447,10.825,1.6742738491668754,0.12844635249076966,3.993015094181034,10.6875,0.2287989052885937,0.20781854541872669,-0.020980359869867016,1.8688933943181785,1.8932826230790027,1.8897484082161584,-0.024389228760824427,-0.020855013897980303,S_k_p4
3.52,0.0,45200.0,2198.0,2.1250011156716755,0.014347544844612018,5.2909814719122705,5.921974945203891,1.9692091334530932,6.945562671546203,0.23270462382996696,1.9928972461178467,2.1188592400280415,0.20250989048611287,0.0104400590932681,0.5141068099955817,2.3980132404415593,1.0,14.0,2.237078080298131,0.0525644034607744,5.513848595554167,4.617834394904459,1.3363057324840766,0.2972399150743099,5.677448125119279,14.0,2.246281599237174,0.018020075308731547,5.588673885129838,5.286624203821656,1.6160752198968757,0.23646496815286625,5.915834583198083,14.0,2.183460814965916,0.02181197541412844,5.425934074293596,5.898089171974522,1.8677838438984933,0.2535031847133758,5.868273791137871,1.0,2.1250011156716755,0.014347544844612018,5.2909814719122705,6.945562671546203,2.1188592400280415,0.23270462382996696,5.921974945203891,14.0,2.0519410064884656,0.00505195089406598,5.122274589880064,8.551282051282051,2.7434113774611513,0.19647435897435897,5.975361269854498,14.0,1.9982718289372166,0.004642833314994701,4.988715322370549,9.833333333333334,3.085812284264297,0.1955128205128205,5.973333744713136,14.0,1.9131769870846487,0.0023069036510842025,4.779482112234996,12.32258064516129,3.8084298449003464,0.1761290322580645,5.988293130046067,14.0,1.8635622460702048,0.0016309659768603453,4.6564591662102215,13.987012987012987,4.384470183742417,0.16845654345654346,5.991659182182421,14.0,1.7818838069239216,0.001105058298144101,4.453051929862587,17.11842105263158,5.424266056634211,0.15797908232118757,5.994002263866645,14.0,1.7308711313560745,0.0007724571772476333,4.326019142624315,19.433333333333334,6.428825656252992,0.15205128205128204,5.996028316320742,13.0,1.6784275390471095,0.0004895659328469212,4.195334498718503,22.430379746835442,8.323651406572226,0.14658390133073676,5.997447105046332,13.0,1.650500459705881,0.0003581226385828875,4.125713965306828,24.38961038961039,10.005903839727663,0.14451173826173824,5.99812183290091,12.0,1.6220901311694524,0.000222560969062668,4.054891486470037,26.79746835443038,12.95085055334939,0.14382505679974036,5.9988006812349415,1.4881593093348264,2.2696477010697436e-05,3.7203642286215497,5.999837545968731,1.9999382831639068,32.0,0.13466787989080983,1.9999761101999494,0.001797268072043503,3.7185669607455543,3.7203642286215484,1.8006016060496832,0.11174450937662654,4.333887251059268,8.9625,1.7717165243244917,0.1265741692872705,4.239430056880323,8.9,0.32439950962199227,0.3532845913471838,0.028885081725191553,2.090205635009567,2.025177260784977,2.0457213669480834,0.06502837422459012,0.04448426806148369,S_k_p4
3.52,1.0,45217.0,2198.0,2.1447314342672863,0.012694640431759606,5.342786625020575,5.928902777020207,1.972069378862816,6.712259835315645,0.23661059891617992,1.9930170598298962,2.1849241665115406,0.1977185682339126,0.009405563428766476,0.5013410380167858,2.3237517614937993,1.0,14.0,2.226435904879278,0.0445481362152764,5.4992675578752825,4.687898089171974,1.3165605095541402,0.2951167728237792,5.691361626959139,14.0,2.2396018554117405,0.016181104710252848,5.574732981463972,5.375796178343949,1.5904155292690323,0.2356687898089172,5.923516152120656,14.0,2.1800254261689527,0.01800040791918378,5.423062953543605,5.936305732484076,1.8461480133454655,0.24904458598726115,5.880144751421161,1.0,2.1447314342672863,0.012694640431759606,5.342786625020575,6.712259835315645,2.1849241665115406,0.23661059891617992,5.928902777020207,14.0,2.072644569196374,0.0047952158992071985,5.1744185991421245,8.243589743589743,2.850630902949907,0.19775641025641025,5.976502676659389,14.0,2.0227367250322814,0.004036437043254763,5.0507871570158205,9.314102564102564,3.345947621779665,0.19600591715976334,5.975764398413119,14.0,1.9469998649948919,0.0020635419426929262,4.86440434957319,11.477419354838709,4.229413271961872,0.1785483870967742,5.989847984855534,14.0,1.9016222353783339,0.0015513809679478024,4.7517285169939125,13.045454545454545,4.81969822331624,0.17182817182817187,5.9923772246815,14.0,1.8370426830076,0.0010954344701718667,4.590963555813742,15.736842105263158,5.838045028581909,0.16649797570850203,5.994106203306639,14.0,1.7921214280356075,0.000762512081994006,4.479159801966026,17.886666666666667,6.757023405778023,0.16083333333333333,5.996190854631998,13.0,1.7383045158464467,0.0004855938964825001,4.345032898771393,20.943037974683545,8.38536541576154,0.15770042194092826,5.997613289608639,13.0,1.7066018315966842,0.00037265508807059867,4.265945596359605,23.292207792207794,9.671558577420322,0.15628121878121878,5.998164454359152,12.0,1.6777744893521256,0.0002523409993083182,4.19405771188135,26.759493670886076,12.041112176660823,0.1556110029211295,5.998708680149446,1.612023387292638,1.7245768043849807e-05,4.0300325995795285,5.999896750432314,1.99995983488809,32.0,0.15468607825295724,1.9999885777184714,0.002384936763093068,4.027647662798215,4.030032599579528,1.8345612537463531,0.10303974180379583,4.431843521660189,8.45,1.829028366073043,0.11773705700631118,4.395965329673142,8.325,0.31017018052093315,0.3157030681942432,0.005532887673310061,2.1800215848403175,2.1041319665332896,2.107257555872399,0.0758896183070286,0.07276402896791946,S_k_p4
3.52,2.0,45234.0,2198.0,2.135695459673851,0.01327946067055328,5.319319458178796,5.9254951365301265,1.970738558619858,6.816102470265325,0.234956717573369,1.9926588042493567,2.1572041153925876,0.20087221406570846,0.009759866553587555,0.5091019934825912,2.3641568281853815,1.0,14.0,2.2283719834516287,0.04991191190284748,5.4960620907748,4.662420382165605,1.3254777070063695,0.29299363057324834,5.678197580953458,14.0,2.2375622226205722,0.012599730238185298,5.575005961194152,5.43312101910828,1.5801637852593267,0.23328025477707007,5.937798993620706,14.0,2.1716816306634326,0.019364103300723443,5.400157921707496,6.050955414012739,1.819280153675058,0.2490445859872612,5.877022511054554,1.0,2.135695459673851,0.01327946067055328,5.319319458178796,6.816102470265325,2.1572041153925876,0.234956717573369,5.9254951365301265,14.0,2.066977872308327,0.004782736585741331,5.160270575892205,8.352564102564102,2.839623695392926,0.19999999999999998,5.976010426520188,14.0,2.004679885257083,0.004389672962991593,5.005115203698221,9.673076923076923,3.2253878574699004,0.19280078895463515,5.973814604640595,14.0,1.924487260346091,0.0023806422860864524,4.807647187436097,11.993548387096775,4.0602969286298345,0.17467741935483871,5.9880263183359865,14.0,1.879111161675699,0.001793702746707233,4.695087350069187,13.577922077922079,4.650791636081278,0.1707042957042957,5.991061973366713,14.0,1.8095863182784016,0.0011859853706259397,4.522186817640065,16.473684210526315,5.751608107206931,0.16270242914979757,5.99375973161927,14.0,1.759776222780955,0.0008509506532101578,4.398164130972572,18.966666666666665,6.596288227525103,0.15724358974358973,5.995804385552648,13.0,1.6978609913281497,0.0006122701719421439,4.243734073062461,22.531645569620252,7.8765492744988235,0.15169587796170073,5.99707176537733,13.0,1.65808369145152,0.0004893351428009881,4.144475225914599,25.11038961038961,8.852196233026115,0.1484453046953047,5.997714160349295,12.0,1.6102287521888932,0.0003611407605286755,4.025030169331439,29.0126582278481,10.91723174636496,0.14658390133073676,5.998300880920484,1.5733894101785606,4.262928706566527e-05,3.933409581515803,5.999822989506909,1.999926786739948,32.0,0.15150136487716107,1.9999978349962244,0.0010780120942566725,3.9323315694419003,3.9334095815158037,1.8545346161570897,0.0962865520139389,4.491906712371815,8.5125,1.810269192826489,0.12882221827263204,4.332439654657274,8.25,0.2811608435167614,0.3254262668473622,0.044265423330600795,2.1389262592329166,2.057424152862291,2.0631799741710193,0.0815021063706264,0.07574628506189801,S_k_p4
3.52,3.0,45251.0,2198.0,2.1204503331353086,0.014441126902230378,5.279464142484927,5.921836297967657,1.9691317236884756,6.98444647758463,0.23129706524034063,1.9929328075534922,2.1009468294234988,0.20006390195887105,0.011180071263692455,0.5084443681052676,2.359256087515006,1.0,14.0,2.210113325969393,0.04867056308980564,5.452277470288775,4.802547770700637,1.2910828025477705,0.2802547770700637,5.681622660892459,14.0,2.2178311806218463,0.01667170644850989,5.519570391881851,5.592356687898089,1.5372763117986048,0.22611464968152867,5.922162839268532,14.0,2.158756252504287,0.020143855213948677,5.3666748484397955,6.159235668789809,1.788014356485694,0.24267515923566876,5.873918755375368,1.0,2.1204503331353086,0.014441126902230378,5.279464142484927,6.98444647758463,2.1009468294234988,0.23129706524034063,5.921836297967657,14.0,2.0496443342872195,0.005286623245447011,5.116180900849877,8.58974358974359,2.72759053415162,0.19647435897435894,5.973778115213044,14.0,2.0024765374810483,0.004898763811903664,4.998843197984765,9.679487179487179,3.16249724862341,0.1940335305719921,5.971890264623917,14.0,1.9288915086740908,0.0024891998374804237,4.818494971929007,11.825806451612904,4.027388352215642,0.17661290322580644,5.987759715333754,14.0,1.8861593717680207,0.0018980002996402418,4.712551428970591,13.305194805194805,4.7181978833353675,0.1717032967032967,5.990690418921162,14.0,1.8279071012959356,0.001234174922264157,4.567916490856443,15.664473684210526,6.031613132286581,0.16447368421052633,5.993437694893882,14.0,1.7926694556508884,0.00089942649701511,4.480324499381698,17.393333333333334,7.311325323749513,0.15916666666666668,5.9954502534563465,13.0,1.7464016896480965,0.0005417864032846417,4.365191544515314,19.943037974683545,9.438434835775164,0.1522233041220383,5.9972026278164385,13.0,1.7133248670506889,0.0003708647083806063,4.28275587056415,22.162337662337663,10.941560009000115,0.14919455544455545,5.998033281473062,12.0,1.6663843389125783,0.00023639170172100655,4.165606259728864,26.120253164556964,12.758887558306323,0.14648247322297958,5.998696402413714,1.5443173955583265,1.0750716402441185e-05,3.8607773628212128,5.999910412345212,1.9999665538762699,32.0,0.13876251137397635,1.9999844716805621,0.0021993847499938626,3.85817826494392,3.8603776498319142,1.8424994808093806,0.10698865609739032,4.445765717877366,8.4125,1.7991978911384705,0.10905635705871655,4.3344101922581,8.7875,0.277950852325928,0.3212524419968381,0.043301589670910134,2.0519125076912315,2.0046373683632472,1.9884329513229346,0.04727513932798424,0.0634795563682969,S_k_p4
3.52,4.0,45268.0,2198.0,1.9079116028229952,0.022199810809706854,4.736479290842928,5.889504805694836,1.955768331628376,9.630832570905763,0.1749243437258076,1.992514485569689,1.440330636122036,0.16139011994746977,0.01309356762492225,0.409760817987729,2.1359427774083137,1.0,14.0,2.137710513613535,0.07541871554964416,5.231148210709371,5.369426751592357,1.1471337579617833,0.23673036093418257,5.631872368719321,14.0,2.0716720756588165,0.03746030692340091,5.122989728761941,6.732484076433121,1.2447679708826203,0.20222929936305734,5.818431864166709,14.0,1.9829089497776096,0.02966228385940489,4.912778948654916,8.05732484076433,1.31073703366697,0.18853503184713372,5.846669881801839,1.0,1.9079116028229952,0.022199810809706854,4.736479290842928,9.630832570905763,1.440330636122036,0.1749243437258076,5.889504805694836,14.0,1.7625899664781675,0.010374490226942997,4.390913180855004,13.173076923076923,1.6085783637432838,0.14423076923076922,5.946531314453694,14.0,1.6604037415537432,0.007214388652677673,4.1401877709053405,16.07051282051282,1.6860983033221895,0.1279585798816568,5.961874039043005,14.0,1.5368509695404946,0.0041306005798738745,3.8359315229814253,20.516129032258064,2.0007420324155527,0.10677419354838708,5.9778059056377915,14.0,1.4738533513914376,0.0031638680042338006,3.6798875764722427,23.155844155844157,2.2911094159545877,0.09777722277722278,5.983200512084073,14.0,1.3836690630399382,0.0020427426305357384,3.4561085436540417,27.13157894736842,2.903303344542304,0.08299595141700405,5.988945723363141,14.0,1.334464251479548,0.0015404816229395084,3.3338499062644593,29.373333333333335,3.5581501930379758,0.07384615384615384,5.9916239189941045,13.0,1.2867155721175059,0.001009189486736064,3.21527514606366,31.09493670886076,5.024332239760071,0.06402142161635832,5.994482503269516,13.0,1.2670098894414057,0.0007603446191886622,3.1663842066747314,31.714285714285715,6.561206776167845,0.06012737262737263,5.995982556613934,12.0,1.2467677283881484,0.0005094865332901932,3.116155091170435,32.0,9.75,0.05611002921129503,5.997474621709071,1.2122239659536795,0.00012781843183251596,3.03036818723645,5.999458277388291,1.9997768196521528,32.0,0.050500454959053684,1.999989846878786,0.00110593564628004,3.0292622515910246,3.0303681872364505,1.6923205162589245,0.1340702486269174,4.029695917706936,10.7875,1.666187705741487,0.14002213201077232,3.9554360663375574,11.0125,0.21559108656407067,0.24172389708150832,0.026132810517437655,1.924245638757255,1.9509268307583736,1.9422443743249862,-0.02668119200111895,-0.01799873556773127,S_k_p4
3.52,5.0,45285.0,2198.0,2.112964175312245,0.014517741316418949,5.260633826305985,5.923095001735496,1.969525753473026,7.084629460201281,0.2268632556830178,1.9935179663884324,2.076048073863719,0.20125008147627357,0.010626440807960678,0.5109020343609383,2.3843174289406246,1.0,14.0,2.21822765265988,0.05741391188947442,5.459448263815487,4.789808917197452,1.2898089171974523,0.28874734607218683,5.674922942608584,14.0,2.222138716689833,0.015858019201968984,5.5315597629216295,5.560509554140127,1.5434030937215648,0.23328025477707007,5.926125634698889,14.0,2.1597566524820464,0.022885211870289825,5.36506381339968,6.171974522292993,1.7800272975432208,0.2426751592356688,5.872942559410628,1.0,2.112964175312245,0.014517741316418949,5.260633826305985,7.084629460201281,2.076048073863719,0.2268632556830178,5.923095001735496,14.0,2.0331067495529234,0.005143276336127314,5.075051959378117,8.801282051282051,2.65273555354527,0.19006410256410255,5.975276538149244,14.0,1.9717372909929123,0.0044729761121746646,4.9226337633140185,10.173076923076923,2.9991084036362676,0.1871301775147929,5.975331583960743,14.0,1.886313973948471,0.002259760047433503,4.712395294800027,12.63225806451613,3.719556977537255,0.16758064516129034,5.989040960209989,14.0,1.8371207795487958,0.0016283895540197895,4.5903593645409595,14.409090909090908,4.234758794407101,0.16108891108891107,5.9919459733938965,14.0,1.761993774048294,0.0010716804194536957,4.403376914491553,17.50657894736842,5.12657018692897,0.1508940620782726,5.994504919109409,14.0,1.7135673956738313,0.0007516910022049336,4.282790952681271,19.706666666666667,5.89343485322872,0.14358974358974358,5.996266142542401,13.0,1.6519250495149436,0.00044262419159122153,4.129148687499971,22.974683544303797,7.221827434317171,0.13619766309639725,5.997757873621255,13.0,1.6111506340164723,0.0003094973046016079,4.027412339084279,25.42207792207792,8.430216009218606,0.13208666333666333,5.998414346829789,12.0,1.5657632023358286,0.00020998131087407798,3.9140930338732596,28.21518987341772,11.240277065966954,0.12891512495942875,5.998931309565752,1.4328874040999684,2.8370374121067243e-05,3.582175954688739,5.999864124040304,1.999945251222061,32.0,0.12420382165605096,1.9999925344756726,0.00044674303578657785,3.581729211575892,3.58217595468874,1.7553198385652558,0.1304695757731818,4.192595232753367,9.2875,1.7617688346739218,0.12456262360824052,4.217578151272443,9.175,0.35764433674698926,0.35119534063832325,-0.006448996108666005,2.144615929244854,2.077290734721542,2.070732423644084,0.06732519452331254,0.0738835056007704,S_k_p4
3.54409,0.0,45440.0,2198.0,2.377434474238179,0.00032968005698948946,5.943091665509964,5.961874101181187,1.9871814737080662,4.0827996340347665,0.3055457808431276,1.9877252239270098,3.2069979959046746,0.04180280890569441,0.001874929746909534,0.10685331707061484,0.4393776613522619,0.03385178408051235,14.0,2.298050664215379,0.0011041576018368134,5.743470424135694,4.025477707006369,1.4923566878980892,0.3333333333333333,5.751715537521168,14.0,2.3934219549379825,0.0005941486284933631,5.9826636644022155,4.057324840764331,1.9809523809523812,0.25,5.997174820303877,14.0,2.35824051587606,0.00029348723688443805,5.895161058834823,4.070063694267516,2.4729299363057327,0.29936305732484075,5.911967670164887,1.0,2.377434474238179,0.00032968005698948946,5.943091665509964,4.0827996340347665,3.2069979959046746,0.3055457808431276,5.961874101181187,14.0,2.3907113312373633,0.00021117325813725698,5.976461568206203,4.115384615384615,4.907051282051282,0.2496794871794872,5.998952104421606,14.0,2.3846730843250774,0.00014550746540418726,5.961464449614589,4.141025641025641,6.358333333333333,0.26849112426035504,5.98653982094681,14.0,2.3878669883827266,9.633734319802529e-05,5.969522964942019,4.212903225806452,9.670967741935485,0.24951612903225803,5.999519217884546,14.0,2.386472524017573,7.291298861128665e-05,5.966071940561015,4.285714285714286,12.425974025974025,0.2495004995004995,5.999635839897509,14.0,2.384909354834569,4.804428479202185e-05,5.962201320659231,4.394736842105263,18.303242481203007,0.2557354925775978,5.998350998161747,14.0,2.38477642019081,3.4031599722907186e-05,5.961890003077442,4.5,23.99511111111111,0.24955128205128205,5.9998298891914725,13.0,2.383362455217861,2.1110324137472132e-05,5.958374472558446,4.7215189873417724,34.737974683544294,0.24951314508276531,5.9998944613751615,13.0,2.38221092293606,1.543016532916692e-05,5.955504162092156,4.9480519480519485,44.593939393939394,0.2495004995004995,5.9999228545061305,12.0,2.380372214409718,9.873157124560104e-06,5.950915726288608,5.443037974683544,61.76606389391199,0.24949285946121388,5.999949322418885,2.378341197387139,1.0451725129811962e-06,5.945851425709078,5.999988204470316,1.9999957197659344,12.0,0.24977252047315743,1.9999974617208234,2.0934864022211247e-05,5.932469691837605,5.932545755121008,2.175516389250963,0.0003630785737996467,5.438246355266708,3.975,2.162619619120922,0.0006819331527141981,5.405526148073233,3.9875,0.20191808498721597,0.21481485511725706,0.01289677013004109,2.385328045785582,2.167653390443826,2.1843115516820664,0.21767465534175587,0.20101649410351533,S_k_p8
3.54409,1.0,45457.0,2198.0,2.3822658006452895,0.00010514214055229875,5.955506788402397,5.963060263084488,1.9876517069813122,4.032936870997255,0.3065662608206067,1.9878262167233116,3.2353592123034027,0.03125796194987555,0.0009501517534427654,0.07911382449543043,0.33520797253763135,0.013723696248856358,14.0,2.300606073012029,0.0005826432451108553,5.750641217662407,4.012738853503185,1.4968152866242037,0.33227176220806787,5.754299225815614,14.0,2.3971140049051294,0.00023765945139736334,5.992428523085727,4.025477707006369,1.9919927206551409,0.25,5.998869928111163,14.0,2.3614803203404797,0.0002770732329289984,5.903285191001807,4.038216560509555,2.486351228389445,0.2987261146496815,5.912573772397228,1.0,2.3822658006452895,0.00010514214055229875,5.955506788402397,4.032936870997255,3.2353592123034027,0.3065662608206067,5.963060263084488,14.0,2.3948133138856136,5.279331453431282e-05,5.986954094742232,4.064102564102564,4.956501831501832,0.2496794871794872,5.999738026092417,14.0,2.3874400941738014,4.107204271127566e-05,5.968538627370438,4.096153846153846,6.419642857142858,0.26775147928994086,5.987141263897191,14.0,2.390099986444376,1.7515880581468523e-05,5.975223692290068,4.122580645161291,9.843317972350231,0.2479032258064516,5.999912585055753,14.0,2.3885693117415316,1.0416141230187101e-05,5.9714076551419835,4.142857142857143,12.758812615955474,0.24750249750249748,5.999947977113377,14.0,2.385451781234466,4.680569507689142e-06,5.963622432231902,4.184210526315789,19.034492481203007,0.2536268556005398,5.9985723870376235,14.0,2.3839025184681937,2.0018588072368004e-06,5.959753293382272,4.233333333333333,25.232380952380954,0.2472435897435898,5.999989993465556,13.0,2.380565835210236,5.629419770055528e-07,5.9514137436126235,4.3544303797468356,37.27215189873418,0.2471194417396949,5.99999718561982,13.0,2.3780895964548376,3.2484558588229797e-07,5.945223503868715,4.467532467532467,48.96103896103896,0.2470342157842158,5.999998375867392,12.0,2.373968681209526,2.814203799052949e-07,5.9349212808932466,4.7025316455696204,71.12386980108498,0.2468760142810776,5.999998592924154,2.3675270361272225,0.0,5.918817590318056,5.999998208261321,1.9999994027537735,8.0,0.24749772520473157,1.9999994027537735,0.0,5.913172340659106,5.913172340659106,2.1600091702922755,0.0007545126164197113,5.398891156806059,4.0125,2.1402637351369984,0.002197136062932048,5.347363633748097,4.025,0.22225663035301402,0.24200206550829106,0.019745435155277047,2.3854273866663096,2.186457141136789,2.1800332811421606,0.19897024552952086,0.20539410552414827,S_k_p8
3.54409,2.0,45474.0,2198.0,2.335282940525449,0.007059078416153599,5.827618733689392,5.952346105954636,1.981762342512828,4.574107959743825,0.29189246252375256,1.9934863645055698,2.990293570920286,0.11681052126843197,0.003776719202649821,0.29495496519439357,1.2607260775801106,1.0,14.0,2.296978860018063,0.03400964318143583,5.691432685273004,4.146496815286624,1.459872611464968,0.32696390658174096,5.710440601063524,14.0,2.3639645674274234,0.002495424239672106,5.90616828220905,4.32484076433121,1.9005762814680012,0.24761146496815287,5.988134245331679,14.0,2.3295364881038267,0.011951232903936255,5.805914370903661,4.414012738853503,2.3481953290870488,0.2910828025477707,5.896161556574923,1.0,2.335282940525449,0.007059078416153599,5.827618733689392,4.574107959743825,2.990293570920286,0.29189246252375256,5.952346105954636,14.0,2.3276293989365557,0.0006511175459231858,5.818096821022504,4.897435897435898,4.3945868945868956,0.2403846153846154,5.996768988669351,14.0,2.3167043818094895,0.001932489861902363,5.78886221973087,5.096153846153846,5.5688390313390315,0.2559171597633136,5.984090571410477,14.0,2.3071523012942925,0.0003201478636994285,5.767400531440181,5.535483870967742,8.06038835716255,0.23887096774193547,5.998368295955593,14.0,2.29834429136284,0.00023732668466309553,5.745504738380106,5.8896103896103895,9.933642547928262,0.23851148851148848,5.998773868788822,14.0,2.2850064987722583,0.00033043678600542864,5.712020591751637,6.578947368421052,13.420193950786054,0.24266194331983806,5.997628035043749,14.0,2.2775706113286365,0.00013048722531580146,5.693730797483618,7.12,16.600554112554114,0.23801282051282052,5.999340990937058,13.0,2.2736456013041373,8.43043159624024e-05,5.683987546786399,7.80379746835443,22.39306811332128,0.23864005193119117,5.99957340605241,13.0,2.2719310573616274,6.136553839595273e-05,5.679735595096475,8.305194805194805,27.821232735518446,0.2388548951048951,5.999693687850058,12.0,2.2736663360366918,3.926649924181227e-05,5.6841069403428675,8.79746835443038,38.76413502109705,0.2391877637130802,5.99980425774377,2.2360754879221485,1.1198729067629642e-05,5.590171921711769,5.9999440075166905,1.9999776029292076,21.0,0.23657870791628755,1.9999962672357081,0.001383832357582531,5.563852485871237,5.565371239710337,2.1445263295948123,0.09624313534661112,5.216951120967114,4.625,2.141289501154587,0.10858264792717234,5.190349780995708,4.525,0.19075661093063667,0.19399343937086178,0.0032368284402251035,2.3423709671448707,2.181958662455208,2.2027750652072373,0.16041230468966294,0.13959590193763313,S_k_p8
3.54409,3.0,45491.0,2198.0,2.3538434355150497,0.006813489246324528,5.874388354918138,5.953399370620253,1.98219529379131,4.375114364135407,0.29783939756492367,1.9935247968489802,3.0720002105752333,0.09244052566173443,0.0034093240185909444,0.23383695935955295,0.99734464962787,1.0,14.0,2.303577105977795,0.031012071861090455,5.7124246571528525,4.127388535031847,1.4668789808917198,0.3248407643312101,5.723580632147534,14.0,2.373558213668121,0.0020201053368775206,5.930865376164984,4.235668789808917,1.9279951471034273,0.24761146496815287,5.990394389074728,14.0,2.3391546476135234,0.011845617649395332,5.830118192559713,4.318471337579618,2.3809523809523814,0.2910828025477707,5.8986305219565125,1.0,2.3538434355150497,0.006813489246324528,5.874388354918138,4.375114364135407,3.0720002105752333,0.29783939756492367,5.953399370620253,14.0,2.355788303554837,0.0005103353738317817,5.888705255826344,4.564102564102564,4.600579975579976,0.2458333333333333,5.997467585710072,14.0,2.3433499584387296,0.0018944445983754767,5.855533229199262,4.762820512820513,5.8124338624338625,0.2618343195266272,5.984045257484117,14.0,2.3383873047462496,0.00023790698291527347,5.845611401391249,5.109677419354838,8.472811059907833,0.2446774193548387,5.998765980404291,14.0,2.3335086789487094,0.00017793191459050493,5.833504799499886,5.383116883116883,10.537342815914245,0.24475524475524477,5.999062713786341,14.0,2.325533022841781,0.0002896640571711999,5.813398061018695,5.901315789473684,14.595491569833676,0.24898785425101214,5.997809532233364,14.0,2.319743471644876,8.855966248343468e-05,5.7992258396184635,6.406666666666666,17.99092448292448,0.2441025641025641,5.999527162365355,13.0,2.312150000007555,6.757601471509861e-05,5.7802736359968145,7.234177215189874,23.47408625130144,0.24391431353456672,5.999632947589817,13.0,2.306245532856219,5.3941324635731346e-05,5.765532920153593,7.8311688311688314,28.445894941998837,0.24369380619380623,5.999699168992683,12.0,2.2993560094392262,3.469258098937126e-05,5.74833798472658,8.841772151898734,36.89567099567099,0.24324488802336902,5.999798418341203,2.2977550121496955,5.823205074584337e-06,5.744378795566627,5.999956550364052,1.9999835757196591,14.0,0.24340309372156507,1.9999932810229204,0.00035749963615617705,5.733514138436109,5.733994591655822,2.1961036126975104,0.08885957224006696,5.356969673383675,4.375,2.18684087924641,0.0905183600901733,5.331324657980764,4.375,0.1577398228175393,0.1670025562686397,0.009262733451100402,2.3427900188399247,2.16470236951878,2.1988792557375048,0.17808764932114457,0.1439107631024197,S_k_p8
3.54409,4.0,45508.0,2198.0,2.380825628939752,0.0007508160182623536,5.95093784832199,5.961979447412906,1.9870762104648818,4.050777676120768,0.3061439932437187,1.988325822363484,3.2249520759813533,0.03531506417929453,0.0021886471062208756,0.08978777277742316,0.373752072976528,0.11436413540713632,14.0,2.303861237088637,0.006542161222871435,5.7498398508872866,4.006369426751593,1.4980891719745222,0.3333333333333333,5.746224958436114,14.0,2.3975818353831717,0.0003564891770960167,5.993419854692285,4.019108280254777,1.9932059447983015,0.25,5.998304892175401,14.0,2.3624197721769313,0.0023715364838452647,5.9024921257165595,4.038216560509555,2.4846830451925994,0.29936305732484075,5.909882588043887,1.0,2.380825628939752,0.0007508160182623536,5.95093784832199,4.050777676120768,3.2249520759813533,0.3061439932437187,5.961979447412906,14.0,2.392972310187808,0.00014078217209149516,5.982219602211382,4.083333333333333,4.94017094017094,0.24935897435897436,5.999301402941966,14.0,2.386158734683386,0.0003910620637145341,5.964810243612896,4.115384615384615,6.393055555555555,0.26775147928994086,5.986542622955037,14.0,2.3870229094969573,6.130558203508252e-05,5.967465315369341,4.180645161290323,9.748387096774193,0.24806451612903227,5.999694047738416,14.0,2.383505362218386,5.735698178570443e-05,5.9586773700732865,4.240259740259741,12.56425479282622,0.24737762237762237,5.999713708873017,14.0,2.3757740866351678,6.205896306443748e-05,5.939342128143321,4.3618421052631575,18.533552631578946,0.25185560053981104,5.998421313919866,14.0,2.368697192385838,2.8034685646722107e-05,5.921700928936124,4.493333333333333,24.25511111111111,0.24423076923076925,5.999859887715629,13.0,2.3534773702363974,1.970702253212908e-05,5.883663865057194,4.746835443037975,35.0753164556962,0.2409526127880558,5.9999014874405665,13.0,2.3371254876546783,1.526958344113192e-05,5.842790814761534,5.025974025974026,44.83030303030303,0.23751248751248755,5.999923662093535,12.0,2.306612391620474,1.238340766996929e-05,5.76651240393968,5.449367088607595,62.69855334538879,0.2300592340149302,5.9999380871950105,2.210789731548401,5.972414456323349e-07,5.526973433008833,5.99999402757269,1.9999978101104148,10.0,0.2256596906278435,1.9999988055128228,0.0002648963636397604,5.52403379011122,5.524150895698511,2.126806390516319,0.007751291372865931,5.305389039231498,4.875,2.086653695907424,0.009636058368267674,5.20218015221616,5.05,0.254019238423433,0.2941719330323278,0.04015269460889481,2.3749443375184978,2.1600987794719115,2.1560120255603685,0.21484555804658656,0.21893231195812957,S_k_p8
3.54409,5.0,45525.0,2198.0,2.3766827813166915,0.00044806350511749146,5.941034858034053,5.962079648286503,1.987210528260462,4.093321134492223,0.3048420015483144,1.987954036476457,3.207993871534585,0.051589891341753735,0.0019224537352946056,0.1309679751489532,0.5540182123186751,0.05901189387008234,14.0,2.2987239178484677,0.0031074306405911947,5.742148648660284,4.038216560509555,1.4898089171974522,0.33121019108280253,5.751750028383268,14.0,2.393333091894018,0.000987205980194553,5.981851920764752,4.050955414012739,1.9821656050955414,0.25,5.994987812910037,14.0,2.358681451026493,0.0013489258643203023,5.89468023876975,4.063694267515924,2.4740673339399457,0.2980891719745223,5.910319026872046,1.0,2.3766827813166915,0.00044806350511749146,5.941034858034053,4.093321134492223,3.207993871534585,0.3048420015483144,5.962079648286503,14.0,2.386436954684107,0.00018177467680959903,5.965819724695053,4.166666666666667,4.888329263329263,0.24807692307692308,5.999051022975086,14.0,2.379369192663892,0.0002099564773187327,5.948108046943753,4.198717948717949,6.331679894179894,0.266025641025641,5.9866409988242095,14.0,2.3788601522796067,7.735327507666331e-05,5.947034350786402,4.303225806451613,9.61136712749616,0.24693548387096773,5.99959060064496,14.0,2.374411885779122,5.64177655420401e-05,5.9359450877994915,4.396103896103896,12.334724799010512,0.24625374625374624,5.999704334532315,14.0,2.3650384480403788,3.6310566851786196e-05,5.912541654250668,4.598684210526316,18.009194862155386,0.25016869095816463,5.998447059361207,14.0,2.3578954726292816,2.4689303968372656e-05,5.89470164761725,4.76,23.50592592592593,0.2430769230769231,5.999871249256556,13.0,2.3463670900737785,1.538704471692317e-05,5.865894644617369,5.082278481012659,33.71654611211573,0.23977604673807207,5.999921573045077,13.0,2.3372636099864925,1.1477865686937716e-05,5.843141808167701,5.422077922077922,42.767882910740056,0.23951048951048953,5.999941748372397,12.0,2.3225470411505005,7.363831024987255e-06,5.806356557129714,6.158227848101266,57.21809414214478,0.2389240506329114,5.999962806733845,2.2941368689112047,8.95865629679804e-07,5.735340828479567,5.999988353766106,1.9999958193001588,14.0,0.24067333939945404,1.9999973124092105,0.0008652258591007391,5.725567370833863,5.726879197688701,2.1214458293887137,0.005753503056232923,5.294984318887435,4.475,2.1245604966312195,0.005038294072395311,5.303843800469456,4.35,0.2552369519279778,0.25212228468547204,-0.003114667242505753,2.358336298290068,2.1710165439269664,2.146164690136933,0.187319754363101,0.212171608153135,S_k_p8
3.545,0.0,45450.0,2198.0,2.0096996640116473,0.01897347236732979,4.995788951478124,5.907069072899835,1.9626985335108356,8.321591948764867,0.19955661904426775,1.9941760926781318,1.7055184408455222,0.17909425130462395,0.011190704713880225,0.4538907189653949,2.2447377581659937,1.0,14.0,2.1864191878454324,0.07095259934827496,5.359619070591168,5.019108280254777,1.2312101910828026,0.2717622080679405,5.64471460447475,14.0,2.153595063225698,0.026852076164456895,5.3437095438175595,6.095541401273885,1.4020018198362147,0.2197452229299363,5.8747822113659485,14.0,2.077202936189478,0.02803725587067224,5.150951456667686,7.050955414012739,1.5418562329390353,0.22165605095541405,5.857164088937748,1.0,2.0096996640116473,0.01897347236732979,4.995788951478124,8.321591948764867,1.7055184408455222,0.19955661904426775,5.907069072899835,14.0,1.884786542229027,0.008190751010544983,4.699680229056751,10.974358974358974,1.9988956912033835,0.1663461538461538,5.9583276788625215,14.0,1.7991243912235642,0.006220602080457047,4.488480074938225,13.096153846153847,2.193425242341651,0.1499013806706114,5.968590728286078,14.0,1.6647650273598793,0.003555587875180135,4.156579186586928,17.141935483870967,2.517229802292699,0.12629032258064513,5.981942483510999,14.0,1.5828536771337383,0.0024177346241518317,3.9535075908981177,20.064935064935064,2.781265919854036,0.11463536463536463,5.987623268118286,14.0,1.4784659153076085,0.0016006808385804424,3.69376376701115,24.42105263157895,3.3190566834627324,0.09986504723346828,5.991978897652103,14.0,1.41673347203431,0.0011357119336993786,3.5401301121852256,27.30666666666667,3.8810451738447296,0.09147435897435896,5.994284853659596,13.0,1.3478756583594242,0.0007433416814184161,3.3685741333764323,30.170886075949365,5.204305836737272,0.08081791626095422,5.996252553430776,13.0,1.310897971800683,0.0005536377475905494,3.276414472880321,31.25974025974026,6.662214637655605,0.07258366633366634,5.9972040965564855,12.0,1.2722115593096925,0.0003579057660324612,3.179992039625183,31.955696202531644,9.764199673336055,0.06375770853618953,5.998172410312154,1.213111676775489,8.116449630080069e-05,3.032657445194271,5.999590927314262,1.9998365876059871,32.0,0.047315741583257506,1.9999718548351288,0.0037697533362845356,3.028887691857853,3.032657445194271,1.6574368738440923,0.1619831007895418,3.900617533425918,10.75,1.6534229430702099,0.16173121258120826,3.890960538803712,10.9875,0.352262790167555,0.3562767209414375,0.004013930773882457,1.9905603460693564,1.9759750479453446,1.987289792810634,0.014585298124011326,0.0032705532587224665,S_k_p8
3.545,1.0,45467.0,2198.0,2.377307322300329,0.0003145922042440908,5.942796417444457,5.961937441027298,1.9872076162743515,4.08508691674291,0.30568653670209023,1.9877264629732772,3.2053413497146344,0.040939933480546295,0.0016348744673023057,0.10411873742621727,0.4415382293743116,0.03979871912168344,14.0,2.2990240878606265,0.0007768576601477902,5.746394933161346,4.025477707006369,1.4929936305732485,0.33227176220806787,5.754103133705434,14.0,2.3946958402883007,0.00059414862849338,5.985848377778011,4.044585987261146,1.9838641188959663,0.25,5.997174820303876,14.0,2.358682424944976,0.0005012921615805206,5.8959541241200695,4.063694267515924,2.4740673339399457,0.2987261146496815,5.911759161952787,1.0,2.377307322300329,0.0003145922042440908,5.942796417444457,4.08508691674291,3.2053413497146344,0.30568653670209023,5.961937441027298,14.0,2.3912169048243235,0.00019357548662584214,5.97775189883087,4.115384615384615,4.906135531135531,0.2496794871794872,5.999039429051695,14.0,2.3844374321211896,0.00013494690207390038,5.960891159949865,4.160256410256411,6.337698412698413,0.26849112426035504,5.986633212715161,14.0,2.3875760008711873,8.757940290731395e-05,5.968808633073606,4.251612903225807,9.607066052227342,0.24951612903225803,5.999562925348014,14.0,2.386084992912542,7.29129886112751e-05,5.965103112798436,4.337662337662338,12.306586270871986,0.24962537462537462,5.9996358398975085,14.0,2.383984935135582,4.530374437595215e-05,5.959894382222389,4.506578947368421,17.98231516290727,0.2557354925775978,5.998372476202444,14.0,2.383235182586149,3.358635822686177e-05,5.958037576928031,4.68,23.352402116402118,0.24955128205128205,5.999824996842134,13.0,2.380997768318161,2.157929850093928e-05,5.952462051847651,5.050632911392405,33.29770946353224,0.24951314508276531,5.999886111995828,13.0,2.379565801795465,1.5700788219693866e-05,5.948890953306332,5.415584415584416,42.29033189033189,0.2495004995004995,5.999915437654542,12.0,2.378960457471476,1.027180676418832e-05,5.9473857359685445,6.075949367088608,57.973417721518985,0.24959428756897112,5.999942451262166,2.379697725534471,5.225863795033092e-07,5.9492435299566075,5.999994102227738,1.9999978598804529,14.0,0.24977252047315743,1.9999987308577736,0.0010519829038436043,5.931919176515261,5.932969907315441,2.1790658120535005,0.00030391977429710114,5.447208650472307,4.0125,2.1603128818313797,0.0002887042652261973,5.400349148180611,3.925,0.19824151024682868,0.21699444046894945,0.018752930222120767,2.372316291158418,2.1693218498861637,2.128942627929439,0.20299444127225344,0.24337366322897847,S_k_p8
3.545,2.0,45484.0,2198.0,2.350937064488216,0.007285780222915312,5.866413990886168,5.951063766404378,1.9812593287271543,4.398444647758463,0.2972411851643325,1.9933451421796435,3.0549617697033065,0.09308120457708177,0.005000238251072338,0.23690197519790898,0.9847777164773052,1.0,14.0,2.2962911105897783,0.03374457778456776,5.690110909797594,4.159235668789809,1.4573248407643313,0.3248407643312102,5.712760329617537,14.0,2.370965160486574,0.003687847123017619,5.921881130531909,4.24203821656051,1.9219896875947833,0.2484076433121019,5.983399538788972,14.0,2.341469092222921,0.012609941461175207,5.834757818365537,4.280254777070064,2.3892174704276616,0.29299363057324834,5.894947076463963,1.0,2.350937064488216,0.007285780222915312,5.866413990886168,4.398444647758463,3.0549617697033065,0.2972411851643325,5.951063766404378,14.0,2.351977645291349,0.000981261654059628,5.878472220747282,4.596153846153846,4.562728937728937,0.2461538461538462,5.995165063066131,14.0,2.3463411012977153,0.002206489358748058,5.862543019206167,4.6923076923076925,5.845039682539682,0.26282051282051283,5.982566303472843,14.0,2.3439367363113615,0.0004452362023972027,5.859173986474808,4.967741935483871,8.610445468509985,0.24548387096774196,5.997785616445765,14.0,2.3390694909929715,0.00030844146984910245,5.847211065277653,5.201298701298701,10.785497835497836,0.24525474525474528,5.998462502574322,14.0,2.331544228492633,0.00038582673060625234,5.828281831135673,5.644736842105263,15.06484962406015,0.24983130904183537,5.997356907955348,14.0,2.327333280398813,0.0001483197313076919,5.818110721400073,6.04,18.735682539682543,0.24493589743589753,5.9992590755765995,13.0,2.324854608322578,8.504885508445369e-05,5.812008947523818,6.651898734177215,24.977396021699818,0.24505030834144761,5.999574922867753,13.0,2.324204971827928,5.6051648188567e-05,5.810428352097537,7.136363636363637,30.143599257884972,0.24525474525474528,5.999719801766359,12.0,2.3237825932771536,2.8286848173558545e-05,5.809414052920625,7.677215189873418,40.892405063291136,0.24517202207075625,5.999858580643695,2.308413962595441,1.0078730255713708e-05,5.771019788393219,5.999950502986472,1.9999801414187388,8.0,0.2429481346678799,1.9999969391350456,0.0,5.771019788393217,5.771019788393217,2.212280761609568,0.08221468245166917,5.407379880346417,4.275,2.1739155004498465,0.1025460271183479,5.280969710447094,4.3625,0.13865630287864805,0.17702156403836966,0.03836526115972161,2.3596816849292663,2.2201649657671596,2.1871027373893273,0.1395167191621067,0.1725789475399392,S_k_p8
3.545,3.0,45501.0,2198.0,2.375027395744485,0.0003809790911442322,5.9369970207244975,5.961697223580949,1.9871054148299354,4.1079597438243365,0.3044549229361672,1.9877340195743425,3.200831590641746,0.055696644270116516,0.002095055297907354,0.14188653495901854,0.585944511039343,0.035224153705397984,14.0,2.2990240878606265,0.0007768576601477958,5.746394933161346,4.025477707006369,1.4929936305732485,0.33227176220806787,5.754103133705434,14.0,2.394357615894067,0.0008318080798907151,5.984646327615331,4.044585987261146,1.9847133757961781,0.25,5.996044748432351,14.0,2.357714726052034,0.0005869744737679879,5.893406353419433,4.070063694267516,2.472550803760995,0.2980891719745223,5.91108355698308,1.0,2.375027395744485,0.0003809790911442322,5.9369970207244975,4.1079597438243365,3.200831590641746,0.3044549229361672,5.961697223580949,14.0,2.3877322557439906,0.0002287710296486832,5.9689874828155025,4.147435897435898,4.897435897435898,0.2487179487179487,5.998864779791515,14.0,2.3802079261277775,0.00018687206076790244,5.950239507228294,4.205128205128205,6.314087301587302,0.26750493096646943,5.986415609923256,14.0,2.38252137770409,0.00011823219392485522,5.956126095969337,4.309677419354839,9.572350230414747,0.24870967741935482,5.999409949225878,14.0,2.3825304306928086,8.593316514902628e-05,5.956197176984297,4.363636363636363,12.341960420531848,0.2488761238761239,5.9995708113108694,14.0,2.3808014270206694,5.23426110948507e-05,5.95192505363503,4.506578947368421,18.157236842105263,0.25506072874493924,5.998318588848884,14.0,2.380166319835908,3.6477836063670095e-05,5.950361082835673,4.66,23.73125925925926,0.24891025641025644,5.999808763979104,13.0,2.3778211056955096,2.2892739811279844e-05,5.944518425129057,5.018987341772152,33.87914406268836,0.24894514767932485,5.999875792601048,13.0,2.3762220994930616,1.656698471223524e-05,5.940530398255584,5.357142857142857,43.354820936639115,0.24893856143856147,5.99990677566458,12.0,2.3744490983565445,1.0224993350772551e-05,5.936107408401336,5.974683544303797,61.63057153816647,0.24890457643622202,5.999937432366546,2.368871307821596,1.4184534915528957e-06,5.922176141873753,5.999982455994589,1.9999936791803659,16.0,0.24886260236578708,1.9999960432705297,3.70688522951168e-05,5.900892722490582,5.901114310894623,2.1900496491381363,0.00022209392609281453,5.474790981956202,3.9625,2.1457090933012197,0.001439026570549773,5.362114193397224,3.9875,0.1849777466063487,0.22931830244326523,0.04434055583691654,2.371918496014613,2.140969820464588,2.1425041105376037,0.23094867555002396,0.22941438547700788,S_k_p8
3.545,4.0,45518.0,2198.0,2.373170216341856,0.000423624794165438,5.932290103663393,5.961647937710579,1.9870747709721386,4.1299176578225065,0.30417341121824193,1.9877744591487676,3.1881306365181024,0.056513255168881005,0.0019223781224238022,0.14358281420934296,0.6068770964842463,0.05215004574565416,14.0,2.2951273893066313,0.0013595009052586398,5.735779221908691,4.057324840764331,1.4847133757961783,0.33014861995753714,5.753514857374893,14.0,2.388794244014751,0.000712978354192039,5.9709161425055886,4.101910828025478,1.9707612981498333,0.2484076433121019,5.996609784368114,14.0,2.354314306144151,0.0006562427820000154,5.884801401187378,4.10828025477707,2.4602669093114953,0.2980891719745223,5.9110140542457135,1.0,2.373170216341856,0.000423624794165438,5.932290103663393,4.1299176578225065,3.1881306365181024,0.30417341121824193,5.961647937710579,14.0,2.3826044837992093,0.0002639665726715698,5.956115259639016,4.2243589743589745,4.836996336996337,0.2483974358974359,5.998690130531334,14.0,2.375459111699767,0.00018657950811548,5.938367909987246,4.282051282051282,6.239880952380952,0.2665187376725838,5.98649872860654,14.0,2.3766612658748087,0.00010947425363408658,5.94148895330657,4.4,9.44116743471582,0.24758064516129033,5.999453656689346,14.0,2.3756832365994325,8.33291298413584e-05,5.939083097803819,4.487012987012987,12.109214594928881,0.24762737262737264,5.9995838170281965,14.0,2.3743774597888296,5.2732059282648746e-05,5.9358645513831485,4.6644736842105265,17.68317669172932,0.25387989203778677,5.998327570889917,14.0,2.3748392582678184,3.7812696589233734e-05,5.9370414266246625,4.8133333333333335,23.075894179894178,0.248525641025641,5.999807429982542,13.0,2.3744401253751795,2.2611322804114047e-05,5.936066396453742,5.10126582278481,33.3337552742616,0.2488640051931191,5.999879451311337,13.0,2.3733744585266012,1.6296291737654296e-05,5.933411701878896,5.441558441558442,42.52294372294372,0.249000999000999,5.999908995297162,12.0,2.3719347120404572,1.2171748603065954e-05,5.929818522478238,6.037974683544304,58.271187462326694,0.24914800389483932,5.999929575567591,2.3486180062702995,2.9862339276931493e-06,5.871540536324857,5.999979096463875,1.9999920367433157,12.0,0.24749772520473157,1.9999970137889824,2.372089746559013e-05,5.8586127862136035,5.8588042187449645,2.1617441019598855,0.0014390957259824643,5.402201611310741,4.1375,2.1513065308732964,0.0018113571240422066,5.375549291497178,4.125,0.21142611438197045,0.2218636854685596,0.010437571086589159,2.3775467816915943,2.1791759575063683,2.1633728632412046,0.19837082418522567,0.21417391845038974,S_k_p8
3.545,5.0,45535.0,2198.0,2.378320456728079,0.00031702804159059784,5.945325599757813,5.961957472313051,1.98721348142382,4.073193046660567,0.30575691463157156,1.9877365095597275,3.2126263451400687,0.04043776325409183,0.0018070680733561582,0.10328682267220053,0.42684887253950615,0.03385178408051235,14.0,2.298043026119367,0.0016256719585627714,5.742669057360573,4.019108280254777,1.494267515923567,0.3333333333333333,5.74913184922672,14.0,2.393551561021791,0.0009506378055894138,5.982452945846092,4.050955414012739,1.9813163481953286,0.25,5.995479712496589,14.0,2.356824305499424,0.0006890707899109061,5.891027157563694,4.076433121019108,2.469366090385199,0.2987261146496815,5.909801849781032,1.0,2.378320456728079,0.00031702804159059784,5.945325599757813,4.073193046660567,3.2126263451400687,0.30575691463157156,5.961957472313051,14.0,2.390525017265233,0.00022877102964871736,5.975969386618609,4.115384615384615,4.910256410256411,0.24935897435897436,5.998864779791515,14.0,2.3837139777640814,0.0001768966027425515,5.9590195995060915,4.153846153846154,6.348611111111111,0.26799802761341224,5.986342764325039,14.0,2.387017374091902,0.00010947425363412668,5.967379223849303,4.219354838709678,9.664516129032258,0.24903225806451615,5.999453656689346,14.0,2.385718744038409,8.593316514904359e-05,5.964167960348298,4.279220779220779,12.434817563388991,0.2491258741258741,5.9995708113108694,14.0,2.3833735257855877,5.624969139642202e-05,5.958349439926874,4.394736842105263,18.285526315789472,0.2552294197031039,5.9983053138245905,14.0,2.382441142976058,4.070446241376165e-05,5.956041800746525,4.52,23.88533333333333,0.24903846153846157,5.999796534134369,13.0,2.3802783920331043,2.73973022208911e-05,5.9506548841294284,4.765822784810126,34.370464135021095,0.24902629016553068,5.9998622818451715,13.0,2.3792356294567814,2.2037696585202222e-05,5.948056017097076,4.9480519480519485,44.601443001443,0.249000999000999,5.99988765957307,12.0,2.377356959446947,1.592503136457019e-05,5.94336851107032,5.3354430379746836,63.05822784810126,0.2489451476793249,5.999917378867533,2.37563359878316,1.6424189022146152e-06,5.939081533329547,5.99998223202941,1.9999935298701692,11.0,0.24886260236578708,1.9999962672357081,3.143613198924414e-05,5.9265698896929315,5.926593095708852,2.1803341387114417,0.0007876893896432979,5.449653812694139,3.9625,2.149407533470199,0.0007463677441876593,5.3723992820592175,4.025,0.19798631801663724,0.2289129232578797,0.030926605241242466,2.374571554980394,2.146576211705016,2.164811316195372,0.2279953432753778,0.20976023878502226,S_k_p8
3.5475,0.0,45475.0,2198.0,2.3486353897634005,0.0070326189776616505,5.86103954594201,5.952269861454596,1.9817457474923115,4.425434583714547,0.2960799493278907,1.9934228839114687,3.049128109615301,0.09938717815204422,0.003939771645726149,0.25173404984679404,1.0578737667075195,1.0,14.0,2.3033594175425915,0.03225199135265784,5.710020556827491,4.10828025477707,1.470063694267516,0.32908704883227174,5.716324478462886,14.0,2.374832099018439,0.0020201053368775488,5.934050089540781,4.222929936305732,1.930300272975432,0.24920382165605096,5.990394389074728,14.0,2.33942514754352,0.010918483775680499,5.832185143195278,4.318471337579618,2.3851986654534425,0.2917197452229299,5.900726182981604,1.0,2.3486353897634005,0.0070326189776616505,5.86103954594201,4.425434583714547,3.049128109615301,0.2960799493278907,5.952269861454596,14.0,2.346828465870342,0.0007567041749918285,5.8659361084133685,4.641025641025641,4.553113553113553,0.2442307692307692,5.99624504088881,14.0,2.339883241365746,0.001958124188427799,5.846770917131724,4.756410256410256,5.823611111111111,0.2608481262327416,5.983734058123716,14.0,2.3339433281673188,0.000315481275406062,5.834385098505186,5.103225806451613,8.482334869431645,0.24419354838709678,5.998426058209997,14.0,2.3272516863245682,0.0002501920045836319,5.817753927804546,5.383116883116883,10.522603586889302,0.24388111888111888,5.998750955133838,14.0,2.3204436759424585,0.00032098666226670024,5.800627709862747,5.894736842105263,14.41892230576441,0.2483974358974359,5.997665773924961,14.0,2.3169971220294796,0.0001288468863508522,5.7922995347441715,6.32,17.841227513227512,0.24423076923076925,5.999356100190007,13.0,2.3117966030014014,8.33454147536932e-05,5.779366489381373,7.025316455696203,23.608830620855937,0.2439548847776696,5.999583401433629,13.0,2.3090822125712265,6.151828717960039e-05,5.772613253997297,7.525974025974026,28.7543599257885,0.2438499000999001,5.999691600132081,12.0,2.3062655939063053,3.980490330809903e-05,5.7656042774108,8.063291139240507,38.85424954792043,0.2433463161311263,5.9997994996410675,2.299527962722912,2.2396602794572118e-07,5.748819570858238,5.999996192571931,1.9999986562019678,9.0,0.24158325750682438,1.9999990294783725,5.781326305439243e-05,5.74738352961435,5.747407107718043,2.2043522679891234,0.0920651730251442,5.372782910435092,4.3625,2.177264071426709,0.09293425575546181,5.3037587949335805,4.35,0.14428312177427705,0.1713713183366914,0.027088196562414346,2.360132474940309,2.21465073493254,2.1907537672879416,0.14548174000776906,0.1693787076523675,S_k_p8
3.5475,1.0,45492.0,2198.0,2.355187531261549,0.00701074312276362,5.877452713469728,5.952351089441975,1.9817801154397374,4.356816102470265,0.29836723203603355,1.9934278836526649,3.075174269158716,0.08797246014094362,0.003998027482102581,0.22340593350877863,0.9385715139334045,1.0,14.0,2.3024910190669394,0.03222008872692573,5.707897414576961,4.114649681528663,1.4687898089171973,0.32802547770700635,5.7162731149737205,14.0,2.3764442087629916,0.0017824458854801741,5.938436853079258,4.210191082802548,1.935213830755232,0.2484076433121019,5.991524460946253,14.0,2.341522378572272,0.01164133166309803,5.83634394893603,4.286624203821656,2.386866848650288,0.2949044585987261,5.8976517719890715,1.0,2.355187531261549,0.00701074312276362,5.877452713469728,4.356816102470265,3.075174269158716,0.29836723203603355,5.952351089441975,14.0,2.355234432297744,0.0006863130889461521,5.88705661111094,4.576923076923077,4.579822954822955,0.246474358974359,5.996594339409169,14.0,2.348174756224827,0.0021135809867624065,5.867266519081925,4.705128205128205,5.827579365079365,0.2642998027613412,5.9832474258586155,14.0,2.3457918079538653,0.00030360433133295707,5.864024113387664,5.012903225806451,8.551766513056837,0.2466129032258065,5.998473149543936,14.0,2.3417436740043804,0.00022828409584006384,5.854016758867189,5.266233766233766,10.68178726035869,0.24650349650349654,5.998845957188676,14.0,2.3359869847945633,0.0003178705279356258,5.839490656194504,5.743421052631579,14.846757518796991,0.25101214574898784,5.997696950373432,14.0,2.331205493698531,0.00011147954268851734,5.827846514932294,6.233333333333333,18.133968253968256,0.24608974358974356,5.999432191363221,13.0,2.32748471347563,7.583366711666695e-05,5.818598033188399,6.943037974683544,23.698553345388785,0.24602401817591685,5.99961343495415,13.0,2.325516667425657,5.4263841754105375e-05,5.813710272801511,7.428571428571429,28.76561533704391,0.2458166833166833,5.999720941123549,12.0,2.3253912088509514,3.759895635005907e-05,5.813421623692855,7.962025316455696,39.543821579264616,0.24571973385264528,5.9998028326297765,2.3199803096308593,5.3006207965111685e-06,5.799942823145954,5.999974990272052,1.9999898965504184,10.0,0.24476797088262056,1.9999987308577734,2.2238092709502723e-05,5.796928833239939,5.797110747259129,2.1669421781907983,0.09452728976023606,5.275564510836641,4.4625,2.1893603168419267,0.08702067822918605,5.342869774761037,4.4,0.18824535307075063,0.16582721441962223,-0.022418138651128405,2.373225695152205,2.2003854754878818,2.2127259940148125,0.17284021966432384,0.1604997011373925,S_k_p8
3.5475,2.0,45509.0,2198.0,2.344856252695875,0.00719121530508103,5.851353808782066,5.952114128164755,1.9816409709532248,4.476212259835315,0.29548173692729957,1.9935998487775692,3.0269195681821484,0.10401306694037066,0.0040936778838161735,0.2633381317103418,1.143673284092232,1.0,14.0,2.3068263018067374,0.03218111374159919,5.718794083904446,4.10828025477707,1.4713375796178343,0.32696390658174096,5.722407834876739,14.0,2.3751308172993646,0.0022577647882747708,5.934440396065999,4.2165605095541405,1.9340006066120714,0.2484076433121019,5.989264317203204,14.0,2.3430671535267877,0.012196896076819388,5.839372539701738,4.286624203821656,2.396724294813467,0.2929936305732484,5.898283945986218,1.0,2.344856252695875,0.00719121530508103,5.851353808782066,4.476212259835315,3.0269195681821484,0.29548173692729957,5.952114128164755,14.0,2.3454345909526753,0.00075028655401914,5.862461047550659,4.711538461538462,4.534798534798535,0.2439102564102564,5.996460755267356,14.0,2.3330256656198154,0.001964416357235199,5.829617539513686,4.916666666666667,5.720072751322751,0.25961538461538464,5.983976480332118,14.0,2.3235982872672323,0.00035377628034205093,5.8084650537475655,5.348387096774194,8.310378510378511,0.24145161290322578,5.99828235561438,14.0,2.316072520393022,0.00026339879945151706,5.789786202783377,5.636363636363637,10.408869305297875,0.2408841158841159,5.998727059133284,14.0,2.300721514718547,0.0003402411683731618,5.751293425043809,6.2894736842105265,14.237425448648358,0.24418016194331982,5.997655762513737,14.0,2.290894220410925,0.00013401471287440478,5.7270345289580025,6.84,17.52334736722972,0.2377564102564103,5.9993588657642976,13.0,2.275572869109285,9.049608296741321e-05,5.688796428648761,7.822784810126582,22.811734970167585,0.23677377474845832,5.9995627156801286,13.0,2.2651366832254105,6.076664973616889e-05,5.662750558088922,8.603896103896103,27.341487669447947,0.23654470529470528,5.999706635644501,12.0,2.24977884990665,3.614569994535282e-05,5.624392906216708,9.867088607594937,35.493780158783885,0.23582035053554043,5.9998251100992706,2.22409517230471,4.703315806153796e-06,5.560230875788066,5.999977379395082,1.9999908920264253,17.0,0.23612374886260237,1.9999987308577736,0.00037386220678534225,5.5503628518791075,5.55107405831416,2.168164317686967,0.09168670914909036,5.2828807304937815,4.7,2.166309545428041,0.08650454136486956,5.286017051522799,4.725,0.176691935008908,0.17854670726783395,0.0018547722589259408,2.3313810506699757,2.174484234133866,2.1691654534412157,0.15689681653610998,0.1622155972287602,S_k_p8
3.5475,3.0,45526.0,2198.0,1.9905387279400801,0.01899251363131736,4.947858049403224,5.907310865562268,1.9627727839769835,8.590118938700824,0.19466535294531634,1.9942846695027197,1.6538902619186242,0.18115301513168897,0.010656976089458101,0.4590182509682196,2.3064358193897982,1.0,14.0,2.173184209141793,0.07170078593151082,5.325409343957217,5.165605095541402,1.1961783439490448,0.256900212314225,5.6545632062848386,14.0,2.1293300601172875,0.025027648214220495,5.285783677971889,6.337579617834395,1.3412799514710343,0.2157643312101911,5.878409584882157,14.0,2.0522657639886357,0.028059521981816042,5.088575126998866,7.350318471337579,1.4595844707309678,0.20828025477707005,5.864245753584432,1.0,1.9905387279400801,0.01899251363131736,4.947858049403224,8.590118938700824,1.6538902619186242,0.19466535294531634,5.907310865562268,14.0,1.8570966084059113,0.007689298792226112,4.631207572826439,11.570512820512821,1.8592166171351692,0.16314102564102564,5.962045653607798,14.0,1.7625228752610456,0.005847440723654624,4.397536027067131,13.878205128205128,2.0003322075328738,0.14546351084812623,5.97064035876486,14.0,1.626995533505376,0.0034344517579959466,4.062337156126446,18.07741935483871,2.323986277863455,0.12129032258064519,5.982878332769703,14.0,1.5494087485494175,0.0027557245037779926,3.8693882846178766,21.032467532467532,2.5671568120247628,0.10976523476523477,5.986494219891448,14.0,1.4534535577868508,0.001829379669026661,3.6308898249635875,25.25657894736842,3.1582069502363326,0.0979251012145749,5.9909907854160425,14.0,1.400933359202672,0.001379067712727243,3.5002647964375897,27.8,3.7921697386407427,0.08974358974358973,5.993371057500199,13.0,1.338052587981978,0.0009455279923003721,3.343713177966495,30.556962025316455,5.122943801631627,0.0802093476144109,5.995481531789744,13.0,1.3052500278127817,0.0007338415869655013,3.262024307151506,31.564935064935064,6.593602773858614,0.07526848151848152,5.996571531069769,12.0,1.2763967161419199,0.0004951661009163032,3.1902490412034243,31.943037974683545,9.767915475704369,0.06951882505679974,5.9977193020697595,1.2259400620582799,1.6051592639954038e-05,3.0648260777567398,5.999892568875401,1.9999588390942538,32.0,0.050955414012738856,1.999985591510628,0.004531505455983192,3.060294572296119,3.0648260777567407,1.6791017701675977,0.15577572740418438,3.9640908343127172,10.5125,1.6548942935376219,0.16471691204205183,3.8901603657809765,10.8,0.3114369577724825,0.3356444344024583,0.0242074766299758,2.018594862544628,2.0095520660581507,2.012807674800817,0.009042796486476871,0.005787187743810318,S_k_p8
3.5475,4.0,45543.0,2198.0,2.370232558790362,0.0063582099818635576,5.916044082003111,5.955511812896278,1.9830512009714714,4.20128087831656,0.30251952987543107,1.9936434220976105,3.154594170696641,0.06949535300184093,0.0022286957807143297,0.17553433660405135,0.754806620636434,1.0,14.0,2.31182134148985,0.03166667174446935,5.73205334610792,4.050955414012739,1.4866242038216562,0.33014861995753714,5.718805439779001,14.0,2.3885856257043256,0.001307126982685436,5.969503373786785,4.095541401273885,1.9690021231422505,0.24920382165605096,5.993784604689301,14.0,2.359874658191564,0.011509626764845661,5.882422205331638,4.10828025477707,2.4548832271762207,0.2980891719745223,5.898373868403112,1.0,2.370232558790362,0.0063582099818635576,5.916044082003111,4.20128087831656,3.154594170696641,0.30251952987543107,5.955511812896278,14.0,2.378439514021013,0.0002639665726715641,5.945702835193525,4.282051282051282,4.8006715506715505,0.24807692307692308,5.998690130531334,14.0,2.3716210143672876,0.0017515172991617695,5.926425259969476,4.371794871794871,6.142460317460317,0.266025641025641,5.984850588130278,14.0,2.370921906303697,0.00014012704465170232,5.927094575192264,4.580645161290323,9.167741935483871,0.2482258064516129,5.99930068056721,14.0,2.3689342032202267,8.853720045653846e-05,5.92220270224988,4.733766233766234,11.667037724180583,0.24800199800199801,5.9995578055935415,14.0,2.3629141299220087,0.00022632132386129168,5.906945842819229,5.144736842105263,16.443045112781952,0.2532051282051282,5.998153986836283,14.0,2.359520713488519,3.80353173374696e-05,5.898744730745292,5.553333333333334,20.57466666666667,0.24769230769230774,5.99980987615721,13.0,2.354077111467429,2.533238896511496e-05,5.885154780085124,6.360759493670886,27.0118116061154,0.24764686790003243,5.999873353653657,13.0,2.350910063053247,1.8516198394956476e-05,5.877247383335524,7.0,32.242368021588796,0.2475337162837163,5.99990742541082,12.0,2.3504944915003487,1.1045800519632965e-05,5.876219660050088,7.841772151898734,41.83885692366705,0.2474845829276209,5.9999447728123485,2.3503573830408993,1.194482889488313e-06,5.875891665877914,5.999993430331739,1.9999974119496164,15.0,0.2470427661510464,1.9999994027537735,8.387613287881835e-05,5.861475933458882,5.861988014538859,2.2218895215222747,0.0843637316725255,5.428178206296899,4.1875,2.198379850699165,0.10386330413766845,5.34015467054141,4.0625,0.1483430372680874,0.17185270809119713,0.02350967082310973,2.370732899236649,2.2030686640509862,2.209132998992859,0.16766423518566317,0.16159990024379084,S_k_p8
3.5475,5.0,45560.0,2198.0,2.343026071738884,0.00737774515717577,5.846498561611446,5.950633902801472,1.981085385881432,4.483989021043001,0.29453163487930184,1.9933162703351932,3.0156058031629853,0.10155265239945352,0.004890792967800315,0.2574615883237164,1.083845365227788,1.0,14.0,2.3017219041700785,0.03537182044977296,5.701247029750539,4.10828025477707,1.4713375796178343,0.32696390658174096,5.707175271306686,14.0,2.3701253758685903,0.0030895728681655877,5.9206790803692275,4.254777070063694,1.9177434030937215,0.2484076433121019,5.985309065652868,14.0,2.333617715133907,0.012167386232487202,5.815793208486035,4.369426751592357,2.35797694874128,0.2917197452229299,5.895971661254342,1.0,2.343026071738884,0.00737774515717577,5.846498561611446,4.483989021043001,3.0156058031629853,0.29453163487930184,5.950633902801472,14.0,2.3446501856509343,0.0009041784575485495,5.860269196441013,4.685897435897436,4.503052503052502,0.24519230769230768,5.99553040271729,14.0,2.33244191727719,0.0021200372353049842,5.827924737340018,4.903846153846154,5.647222222222222,0.2601084812623274,5.982903628369617,14.0,2.3282967705276807,0.00041260031836299715,5.820123025841658,5.258064516129032,8.192319508448541,0.24467741935483875,5.9979433837603935,14.0,2.3251198579605212,0.00031302987706347744,5.812330100085707,5.4935064935064934,10.221923314780458,0.24488011988011982,5.998437991275674,14.0,2.3179526418156526,0.0003692510832436053,5.794327727914267,6.0,14.053195488721803,0.24839743589743593,5.997439238011166,14.0,2.3133811422921826,0.00016030462679842946,5.7832123987902575,6.46,17.23428571428571,0.24461538461538462,5.999199100122078,13.0,2.30626341080995,0.00012394133952102395,5.765472615015594,7.1645569620253164,22.757052441229654,0.24452288218111004,5.999380611682185,13.0,2.303892094650918,9.458506773799255e-05,5.759588359025689,7.461038961038961,28.86209029066172,0.24422452547452544,5.999527248883011,12.0,2.303249255577853,5.9894973175221e-05,5.758033296484869,7.8164556962025316,40.504520795660035,0.24415774099318405,5.999700592946336,2.293938247582565,5.599184897064902e-06,5.734837220179066,5.99997648351808,1.9999902947777277,8.0,0.24158325750682438,1.9999996267189522,0.0,5.734837220179066,5.734837220179066,2.168489026102214,0.09233775795749696,5.2827159283192895,4.4375,2.183063166478115,0.08344978523942628,5.332483238336148,4.4875,0.17453704563667038,0.15996290526076917,-0.014574140375901212,2.3401424383391447,2.1980688781457762,2.1723124326188454,0.14207356019336825,0.1678300057202993,S_k_p8
3.55,0.0,45500.0,2198.0,2.3528887461497483,0.006905120625729997,5.8718641844357755,5.952930513570363,1.9820084643148779,4.383348581884721,0.2969244844816666,1.9934814459078123,3.0706158104374026,0.09656295775278416,0.0037394142548853376,0.2444532415684746,1.0435954389739843,1.0,14.0,2.30675644514344,0.03225199135265702,5.718513125829615,4.082802547770701,1.4777070063694266,0.32908704883227174,5.716324478462886,14.0,2.3800572465035215,0.0023765945139735656,5.946578224487843,4.165605095541402,1.9440097057931454,0.24920382165605096,5.988699281267442,14.0,2.34456250999214,0.011083965771440395,5.844780326323186,4.261146496815287,2.398316651501365,0.29363057324840763,5.899979609140693,1.0,2.3528887461497483,0.006905120625729997,5.8718641844357755,4.383348581884721,3.0706158104374026,0.2969244844816666,5.952930513570363,14.0,2.3554475313682772,0.0006159220029004187,5.8876949454163405,4.538461538461538,4.6198662448662455,0.2448717948717949,5.9969436379295304,14.0,2.347926897264858,0.0019063880392941929,5.866957661103204,4.634615384615385,5.919979557479558,0.2615877712031558,5.984034687714983,14.0,2.3422555398329132,0.0002937818496190326,5.855198176807854,4.922580645161291,8.721063166224457,0.24403225806451614,5.998534853780799,14.0,2.3355114697766433,0.0002383111601666495,5.838421207701358,5.175324675324675,10.923949138884204,0.24375624375624377,5.9988248627169085,14.0,2.32618776069101,0.0003108737746328968,5.815003091065576,5.631578947368421,15.244954716336295,0.24822874493927122,5.997741395426231,14.0,2.320028667458336,0.00010926805665166128,5.799907766560862,6.06,19.018418470418474,0.2433974358974359,5.999461068388723,13.0,2.312188253894137,6.550401344403385e-05,5.780372378715175,6.708860759493671,25.79234478601567,0.24306231742940607,5.9996800635359815,13.0,2.3093637275118675,4.917508166511133e-05,5.773335556157171,7.090909090909091,32.40403665598471,0.24300699300699302,5.999761109791065,12.0,2.3046611776074566,3.157085993082461e-05,5.761605587728744,7.670886075949367,44.466710504685174,0.24277831872768582,5.999847416044561,2.302008866222873,4.703317785903494e-06,5.755015110580503,5.99997737937926,1.9999908920204914,11.0,0.24249317561419473,1.9999987308577736,0.0008999646076142457,5.7498910043862015,5.750768191278323,2.2036109907304593,0.0870025873204894,5.378523595845414,4.425,2.172341091802145,0.09244733262396895,5.292181730569409,4.5375,0.149277755419289,0.18054765434760345,0.031269898928314444,2.3550340605238764,2.2086857917782963,2.2032857895398035,0.14634826874558046,0.15174827098407306,S_k_p8
3.55,1.0,45517.0,2198.0,2.05487626544642,0.01750237355301709,5.110937103286525,5.913271093281617,1.965256239909533,7.774473924977127,0.21092265465550003,1.9942930686818174,1.8583087442190829,0.19177984707930668,0.010465763515519467,0.4867638419217397,2.3223540409261667,1.0,14.0,2.2167842714643946,0.06438202921606315,5.445387634836892,4.840764331210191,1.2783439490445858,0.2823779193205945,5.6698654885510695,14.0,2.1849980470728636,0.020299518675814893,5.432045839668437,5.853503184713376,1.4635122838944494,0.22929936305732485,5.901917052904328,14.0,2.105324900941007,0.02542553045104257,5.225173956675954,6.7834394904458595,1.6219543018906077,0.22866242038216564,5.86801153441649,1.0,2.05487626544642,0.01750237355301709,5.110937103286525,7.774473924977127,1.8583087442190829,0.21092265465550003,5.913271093281617,14.0,1.9389031689837815,0.006932764955315303,4.836858775026481,10.14102564102564,2.1751813001813,0.1762820512820513,5.965455393293133,14.0,1.846135500210148,0.005858218270779665,4.6065514231192,12.301282051282051,2.3052644687900106,0.16222879684418146,5.970297642862468,14.0,1.7134603502103969,0.003181130061228477,4.278879180434149,16.058064516129033,2.667533970980794,0.13596774193548386,5.9840762843949165,14.0,1.6375901346757653,0.0022904663803352586,4.09053963711891,18.48701298701299,2.9695589258475317,0.12237762237762238,5.988315552221221,14.0,1.5335703075632616,0.001358334993043515,3.831888266418588,22.473684210526315,3.5986320179485887,0.10619095816464239,5.993168888105347,14.0,1.4669416234566206,0.0009976725839758711,3.6658575497655876,25.366666666666667,4.186613565079851,0.09628205128205126,5.995010859815456,13.0,1.3884912707060053,0.0006588719056480661,3.4702398689065403,29.196202531645568,5.3769836682555106,0.08528075300227198,5.996688814904562,13.0,1.3475501851340808,0.00047493373069524376,3.368163062239159,30.967532467532468,6.728815463894124,0.07810939060939061,5.997566991326706,12.0,1.3140549894120424,0.0002564520169749529,3.2847527955046427,31.77848101265823,9.823614594878377,0.07209509899383318,5.998526939112083,1.2516322640013817,2.2621094718289214e-05,3.1290467283613768,5.999859123296673,1.999945500733985,32.0,0.061419472247497726,1.9999832025384197,0.001531279686320409,3.1275154486691807,3.129046728361377,1.6798319234765262,0.14539994045202792,3.9814798980132737,10.625,1.6790868287684746,0.16220344577676502,3.9544119032560388,10.425,0.3750443419698939,0.3757894366779455,0.000745094708051619,2.049436424444087,2.019317665729976,2.030854601644738,0.030118758714110436,0.018581822799348106,S_k_p8
3.55,2.0,45534.0,2198.0,2.037217444862367,0.018012585700151428,5.06602473360569,5.912284187353369,1.964757200551072,8.01555352241537,0.2054331761559575,1.9946831606682396,1.818052304511591,0.20000832406371546,0.010417718267646307,0.5074812620824812,2.4578301765351984,1.0,14.0,2.204292792850004,0.0686936660649212,5.4076914830276275,4.936305732484076,1.2560509554140127,0.2717622080679405,5.66153741350804,14.0,2.182172922799095,0.02266280015820201,5.421438106760434,5.859872611464968,1.4702456778889899,0.2269108280254777,5.892871715601806,14.0,2.1122090984031563,0.02627518014542921,5.241109975789747,6.726114649681529,1.6544585987261147,0.22866242038216564,5.8683642313303315,1.0,2.037217444862367,0.018012585700151428,5.06602473360569,8.01555352241537,1.818052304511591,0.2054331761559575,5.912284187353369,14.0,1.915461858304883,0.007136550120214946,4.777949820581885,10.602564102564102,2.1452158219692157,0.17083333333333334,5.964891123619106,14.0,1.8414579456584574,0.005762762224760209,4.595000720809003,12.429487179487179,2.35864991418397,0.15853057199211046,5.971236844885122,14.0,1.716310788083642,0.00304278418994418,4.2862127939241885,16.10967741935484,2.7204435469626373,0.1353225806451613,5.985056981342958,14.0,1.6390900643881385,0.0022531828851848693,4.094345386642569,18.766233766233768,2.985410682999048,0.12387612387612387,5.988852649371289,14.0,1.5268964105997744,0.0013353742400802572,3.8152379651393153,23.05921052631579,3.4854848918141537,0.10644399460188933,5.993426334242521,14.0,1.4538367423245233,0.0009860148203977145,3.6331128335807126,26.30666666666667,4.01346685260835,0.09717948717948718,5.995198459318479,13.0,1.373170310101887,0.0006608540273735357,3.4319344942136576,30.17721518987342,5.1877021316967955,0.0880395975332684,5.996834541291952,13.0,1.3331115250124388,0.0005290139240989809,3.331985291644948,31.37012987012987,6.638309830960396,0.08173076923076925,5.997518208271564,12.0,1.2903838924963618,0.00038721732740390377,3.225378905249798,31.943037974683545,9.768180890159249,0.07258195391106784,5.998242579025701,1.21799753710676,7.227047491475957e-05,3.0448854370545275,5.999653585262476,1.9998604382625205,32.0,0.04777070063694268,1.9999808881334866,0.0014313974516303855,3.043454039602282,3.0448854370545275,1.6835184543403692,0.15054021444426774,3.9829858141845222,10.575,1.6610659550999365,0.1705030063911296,3.8969103781631476,10.75,0.3536989905219978,0.3761514897624305,0.02245249924043269,2.104669800885319,2.061849839335426,2.0657371988608304,0.04281996154989234,0.03893260202448793,S_k_p8
3.55,3.0,45551.0,2198.0,2.3728467442357135,0.006581600043729746,5.9222444605236895,5.954383141986099,1.9826005139807903,4.166971637694419,0.30301217538180025,1.993553473444872,3.1660774190737593,0.06138668653019096,0.0033042218457766813,0.15630784850552307,0.643801947776214,1.0,14.0,2.3115243724617,0.03010323433072665,5.733656079658161,4.063694267515924,1.4834394904458599,0.32908704883227174,5.724493225068185,14.0,2.387909176915858,0.0017824458854800893,5.967099273461424,4.095541401273885,1.9668789808917198,0.25,5.991524460946253,14.0,2.359250297575381,0.01122250238790359,5.881291990356596,4.114649681528663,2.45276008492569,0.2968152866242038,5.899840603665959,1.0,2.3728467442357135,0.006581600043729746,5.9222444605236895,4.166971637694419,3.1660774190737593,0.30301217538180025,5.954383141986099,14.0,2.380853626576943,0.0003871509732515875,5.951553339982479,4.237179487179487,4.817612942612943,0.2483974358974359,5.998078858120703,14.0,2.3734003649140325,0.0018745947577401229,5.9306890201484705,4.314102564102564,6.1837301587301585,0.2657790927021696,5.984148748165367,14.0,2.3735055919657073,0.0002014326266866989,5.933461830974236,4.47741935483871,9.265745007680492,0.2482258064516129,5.998994728322939,14.0,2.3711899822265403,0.00014061790660724904,5.927764028706439,4.616883116883117,11.775572047000619,0.24812687312687315,5.999297691246985,14.0,2.3665348604026413,0.0002728564884523046,5.915927866273924,4.934210526315789,16.713674812030074,0.2531207827260459,5.997910725531019,14.0,2.364515217648349,7.474905565469332e-05,5.9111759205373895,5.206666666666667,21.238285714285716,0.24814102564102564,5.999626391802304,13.0,2.360483425562685,5.9688062910293784e-05,5.901119031812346,5.69620253164557,29.041952983725135,0.24809315157416423,5.999701638151694,13.0,2.3580431999978755,4.8251406610861744e-05,5.895035622884771,6.084415584415584,35.90476190476191,0.2480332167832168,5.999758790118255,12.0,2.3550718407373235,3.4902150691874396e-05,5.887627248617268,6.632911392405063,48.29511754068715,0.2478497241155469,5.999825510096975,2.355500597869956,9.182842993560314e-06,5.8887377204104,5.999951398850989,1.9999807386693318,8.0,0.24749772520473157,1.9999960432705297,0.0,5.886113689148104,5.886113689148104,2.2143563469521226,0.0980984544969494,5.388743185634882,4.0,2.203459187615001,0.10178816902060059,5.355965715506601,4.0375,0.15849039728359093,0.1693875566207126,0.010897159337121654,2.3726016927378946,2.1790732016872094,2.192951880194581,0.193528491050685,0.17964981254331358,S_k_p8
3.55,4.0,45568.0,2198.0,2.376617331798705,0.0003735977961316625,5.940982932802565,5.9618717672299795,1.9871660564779499,4.092406221408966,0.30515870223098035,1.9877832904746513,3.203897094061779,0.04585337291773894,0.0017982076585687334,0.1167649535177654,0.48928778424112396,0.04666056724611162,14.0,2.300106402058883,0.0011652864902216937,5.7485180754118765,4.019108280254777,1.4949044585987261,0.33227176220806787,5.753710949485073,14.0,2.395501895160577,0.0004753189027946984,5.98804175954725,4.038216560509555,1.9877464361540798,0.25,5.9977398562396385,14.0,2.359384307111132,0.0005012921615805094,5.89770882953546,4.057324840764331,2.477858659387322,0.2987261146496816,5.911759161952787,1.0,2.376617331798705,0.0003735977961316625,5.940982932802565,4.092406221408966,3.203897094061779,0.30515870223098035,5.9618717672299795,14.0,2.388275082657936,0.00017597771511438745,5.970423740072168,4.141025641025641,4.896825396825397,0.2487179487179487,5.999126753681786,14.0,2.3807308838261756,0.0001554829234295439,5.951593985180296,4.198717948717949,6.307936507936508,0.26725838264299806,5.986612666545026,14.0,2.3814509249691866,0.00010071631334339243,5.953476237952951,4.296774193548387,9.571428571428571,0.24806451612903227,5.999497364152813,14.0,2.378850010101588,8.079329955357927e-05,5.947003835304639,4.37012987012987,12.32723337268792,0.24725274725274726,5.999596657417065,14.0,2.3741635491433097,5.705616322381728e-05,5.935323288613437,4.532894736842105,18.096813055365686,0.25303643724696356,5.998313840614071,14.0,2.371621721288903,4.361730812675546e-05,5.928988877260066,4.7,23.60784992784993,0.2471794871794872,5.999774911688402,13.0,2.367035028715251,3.2097258753527314e-05,5.917539425899998,5.031645569620253,33.88377445339471,0.2471194417396949,5.999832803092456,13.0,2.3633048819650213,2.7188144377078616e-05,5.908221422695988,5.37012987012987,43.112610333389554,0.2470342157842158,5.999858462347773,12.0,2.357414786204329,2.08765925424766e-05,5.893505650622008,6.10126582278481,57.87788919940817,0.24687601428107755,5.999891316956395,2.351315471447602,2.3889771521012904e-06,5.8782850951532755,5.999981485476136,1.999993032166328,14.0,0.24749772520473157,1.9999970137889824,4.2389889700237274e-05,5.863679925590125,5.864023106813499,2.1505060140767838,0.0008157514980910718,5.375041407944822,3.9875,2.1514433869286185,0.0018756588312581646,5.3757949790746595,4.1375,0.22611131772192117,0.22517394487008646,-0.0009373728518347058,2.3800788675767612,2.1740807812005647,2.153906740327863,0.20599808637619624,0.22617212724889837,S_k_p8
3.55,5.0,45585.0,2198.0,2.031769419558219,0.017324176683773666,5.053437283869886,5.912603002695198,1.965092942003808,8.075022872827082,0.20596101062706737,1.9938584055542612,1.7905323823782198,0.19306387503453704,0.009896537033348052,0.4886170864796858,2.371654840594834,1.0,14.0,2.1921816479540075,0.06584050170936574,5.381693367320969,5.031847133757962,1.2305732484076433,0.2664543524416136,5.668331611017706,14.0,2.151009603150303,0.02466611828933033,5.340524830441764,6.1210191082802545,1.397816196542311,0.22213375796178345,5.879135265758775,14.0,2.096052762055955,0.024971249095892524,5.202675031496049,6.898089171974522,1.5912698412698412,0.22484076433121017,5.871933898728431,1.0,2.031769419558219,0.017324176683773666,5.053437283869886,8.075022872827082,1.7905323823782198,0.20596101062706737,5.912603002695198,14.0,1.9099718055488684,0.00751405049890218,4.763658438123817,10.724358974358974,2.125570654416808,0.17243589743589743,5.962897853453872,14.0,1.8183880587451289,0.0057775973326377695,4.537303750863866,12.807692307692308,2.2686278891387253,0.15433925049309666,5.970367332679211,14.0,1.681044128093872,0.003333203450323071,4.1976105150591945,16.81290322580645,2.603733273120982,0.12903225806451613,5.983097140428905,14.0,1.6012619555781966,0.0022547826961830794,3.9997727149012166,19.616883116883116,2.852437853216965,0.11675824175824177,5.98855788470449,14.0,1.4951777954121852,0.0014513022100601498,3.7357675352153725,23.894736842105264,3.444705276423488,0.101889338731444,5.992738065009573,14.0,1.43686139723123,0.0010043266639435562,3.59064700308216,26.453333333333333,4.0749849481647615,0.09217948717948718,5.994950541167176,13.0,1.375664489191089,0.0006226342664172907,3.438227271578097,29.170886075949365,5.420101448222827,0.08154819863680622,5.996923485921132,13.0,1.3381402400246531,0.0004523033413302111,3.3446721450496373,30.72077922077922,6.806529893763328,0.07673576423576423,5.997760013074931,12.0,1.3021396882599565,0.0002922983970769419,3.2549107730542763,31.867088607594937,9.793157305585671,0.07097938980850373,5.998555106597228,1.2436035904702998,2.59811867540094e-05,3.1089700043956183,5.999870096906331,1.9999480385731925,32.0,0.059144676979071886,1.9999913399823983,0.0008334608844289048,3.1081365435141137,3.1089700043956174,1.6754219328585294,0.16153911500425217,3.946246159639945,10.4,1.6806348439697885,0.15246025496467244,3.972896727477463,10.4,0.35634748669968963,0.35113457558843053,-0.0052129111112591,2.0075497609245696,1.9974185517708456,1.9823359798335483,0.010131209153723817,0.025213781091021435,S_k_p8
3.5525,0.0,45525.0,2198.0,2.3828797546660696,0.006881893454485953,5.946876546483447,5.955886621282323,1.983001575942612,4.068161024702653,0.3054402139489056,1.9944699579425325,3.2195644360214355,0.045444085614626296,0.0028403683420978104,0.11451300777186034,0.4777022654336212,0.8696248856358646,14.0,2.3425043101942524,0.06899761038179476,5.7527643599129386,4.006369426751593,1.4980891719745222,0.3333333333333333,5.68584670477606,14.0,2.395751256510846,0.0006307168030985195,5.988432066072468,4.031847133757962,1.98895966029724,0.25,5.996682920717324,14.0,2.3741047680227596,0.024714846970911128,5.898189649600533,4.057324840764331,2.4799059751289048,0.2987261146496816,5.887541621848165,1.0,2.3828797546660696,0.006881893454485953,5.946876546483447,4.068161024702653,3.2195644360214355,0.3054402139489056,5.955886621282323,14.0,2.3896935787584304,0.0001289813622752805,5.974040474852663,4.115384615384615,4.9252136752136755,0.2487179487179487,5.999312996865356,14.0,2.3857048944824837,0.003670656384163187,5.958756251629964,4.141025641025641,6.381944444444444,0.26701183431952663,5.983346008094925,14.0,2.384059904428833,5.2534845507177315e-05,5.960070958803821,4.219354838709678,9.720430107526882,0.24758064516129033,5.999702780086233,14.0,2.3800175424157484,3.992254247280509e-05,5.949983972225661,4.292207792207792,12.513605442176871,0.24687812187812191,5.999772829167121,14.0,2.3716713780963157,0.00041816059608774426,5.928551204346657,4.440789473684211,18.405263157894737,0.25109649122807015,5.998121430329469,14.0,2.3638272557105076,1.8238486050462892e-05,5.909540781547192,4.6,24.035555555555554,0.24371794871794872,5.999896376458611,13.0,2.3483438603345395,1.2103036579355173e-05,5.8708414962814786,4.89873417721519,34.55696202531646,0.24042518662771828,5.999930485065626,13.0,2.33797443711172,8.500032718664747e-06,5.844923342730223,5.12987012987013,44.57142857142857,0.23794955044955043,5.999950572673767,12.0,2.3209799364895303,5.206244744086675e-06,5.80244203185671,5.620253164556962,62.53164556962025,0.2351509250243427,5.9999683411430365,2.0282481512290667,2.986212166433688e-07,5.0706199301408414,5.999994326192917,1.999998009190567,16.0,0.19927206551410373,1.999998506892595,0.0003827664744090475,5.061640208904892,5.0634672182519145,2.0403908323391375,0.11727462412019134,4.925065144667557,5.975,2.029476032896974,0.1250774748629062,4.886073869948073,5.9875,0.34248892232693207,0.35340372176909574,0.01091479944216367,2.3837096870293535,2.24358534066731,2.224931849521515,0.14012434636204402,0.15877783750783822,S_k_p8
3.5525,1.0,45542.0,2198.0,2.0538486530383215,0.01700647265524605,5.109111923612934,5.913813157060624,1.9656022281351264,7.794144556267154,0.2103596312196495,1.9938394701922166,1.866030468718026,0.19841332199626247,0.009938589419704855,0.5030556986283224,2.411789153608574,1.0,14.0,2.203627438239003,0.06849359699644056,5.4063282001028465,4.8789808917197455,1.2668789808917196,0.2823779193205945,5.647352756374709,14.0,2.181346260952902,0.02166496007742174,5.420868212266122,5.86624203821656,1.4632089778586592,0.22531847133757962,5.894590947972873,14.0,2.1061289047525853,0.024105382873103424,5.229164187571808,6.764331210191083,1.6356030735011626,0.22611464968152867,5.868681956159189,1.0,2.0538486530383215,0.01700647265524605,5.109111923612934,7.794144556267154,1.866030468718026,0.2103596312196495,5.913813157060624,14.0,1.9315325016204186,0.0066746909095728646,4.818819217686689,10.282051282051283,2.1620410628507796,0.1756410256410256,5.965490652751996,14.0,1.8488382419858613,0.005106756874856451,4.61443546965237,12.256410256410257,2.3293878163460207,0.16074950690335305,5.973287877589962,14.0,1.7095004704049752,0.0027307084133336755,4.269655113392438,16.135483870967743,2.6639724586928875,0.13483870967741934,5.985523589153889,14.0,1.6308062816778996,0.0020121182313487325,4.073997526847726,18.72077922077922,2.9342826564428517,0.12100399600399601,5.988988316847533,14.0,1.5212829303903603,0.0012686385734783294,3.8013043681156833,22.986842105263158,3.5149283564104823,0.10416666666666666,5.992938541822272,14.0,1.4554307815946372,0.000942874913996056,3.637162641615599,25.773333333333333,4.13219969384915,0.09371794871794872,5.994565257738081,13.0,1.3824931090843473,0.000595848207110506,3.4553390004002025,28.873417721518987,5.452398082912128,0.0819539110678351,5.996424941739539,13.0,1.3450889439616898,0.000434083616032732,3.362071234480175,30.318181818181817,6.897896716286992,0.07511238761238762,5.997336090217486,12.0,1.3099191889194493,0.0002874192642566367,3.2743668434022393,31.354430379746834,9.97230490065201,0.06998539435248295,5.998173109788519,1.251643130716163,2.0007779781394675e-05,3.1290778151207355,5.999861736464251,1.999947242894823,32.0,0.06278434940855324,1.999980589513259,0.0011344642054905586,3.1279433508716643,3.129077815120736,1.6825681632189344,0.15508608818066438,3.97379127577634,10.5125,1.6942443678915375,0.13868362190157207,4.027585486876485,10.575,0.3712804898193871,0.359604285146784,-0.011676204672603108,2.061644645733624,2.0285802739446246,2.0399636465120583,0.03306437178899959,0.0216809992215663,S_k_p8
3.5525,2.0,45559.0,2198.0,2.376979636307032,0.0006107389950005867,5.94153298227508,5.961756459035843,1.9870485733469483,4.091491308325709,0.30515870223098035,1.9880622574737206,3.2087112795712978,0.05111796544314641,0.0022123756542624293,0.1299052846241481,0.5551479688405636,0.0827996340347667,14.0,2.302354002747362,0.0034958594706651037,5.750641217662407,4.012738853503185,1.4961783439490446,0.3333333333333333,5.751357844162908,14.0,2.3967757805108953,0.00047531890279468706,5.991226472923047,4.025477707006369,1.9906581740976643,0.25,5.9977398562396385,14.0,2.3609117804797792,0.0015567307890163736,5.899944355015923,4.044585987261146,2.480436760691538,0.29936305732484075,5.9101105186599465,1.0,2.376979636307032,0.0006107389950005867,5.94153298227508,4.091491308325709,3.2087112795712978,0.30515870223098035,5.961756459035843,14.0,2.389449794828085,0.00015837994360294415,5.973386917154808,4.134615384615385,4.910612535612535,0.2487179487179487,5.9992140783118755,14.0,2.38250525595171,0.00028896706224122395,5.955829689285916,4.173076923076923,6.343716931216932,0.2675049309664694,5.986479116439147,14.0,2.3836914776002724,9.19583730526467e-05,5.9590907564411015,4.27741935483871,9.623246287762417,0.24838709677419354,5.999541071616281,14.0,2.3810295183333112,7.030895330368219e-05,5.952468332403323,4.363636363636363,12.36125541125541,0.24787712287712285,5.9996488456148365,14.0,2.375331746256723,6.21439914326084e-05,5.938236149654657,4.5394736842105265,18.13015350877193,0.2532051282051282,5.9983274504683015,14.0,2.3709340502310456,4.251401868220484e-05,5.927271354549592,4.726666666666667,23.629185185185186,0.24621794871794872,5.99978400784726,13.0,2.363128230239572,3.182070575139711e-05,5.907772844540302,5.063291139240507,33.94810126582278,0.24468516715352157,5.999836449992629,13.0,2.3614423307076957,2.4424339115906876e-05,5.903569190260564,5.35064935064935,43.60346320346321,0.24441183816183817,5.999873573030006,12.0,2.3614004696112536,1.6957730448060972e-05,5.903475737432463,5.981012658227848,59.92537673297167,0.24563859136643948,5.9999112796405765,2.2559227040289334,1.7170758228601812e-06,5.639804184458598,5.999987532558123,1.9999952718274334,17.0,0.23521383075523203,1.999998133617194,0.0019584006516977035,5.6235222560421745,5.625784291448442,2.12824144566693,0.006249015189371954,5.311230091383267,4.6,2.0987839332100147,0.0061652715066693895,5.237711925765032,4.7125,0.24873819064010183,0.27819570309701724,0.029457512456915413,2.3828524680022625,2.1589656410984945,2.1811424854269967,0.2238868269037676,0.20170998257526535,S_k_p8
3.5525,3.0,45576.0,2198.0,2.3765506503301537,0.002054624861273328,5.938294688533475,5.960254814440941,1.9860667298598893,4.103385178408051,0.3045604898303892,1.9894860537323278,3.199592645841502,0.05066787404736418,0.0035507274241824917,0.12835207107844426,0.5371108666845273,0.25800548947849955,14.0,2.3089373997262297,0.019248716786587548,5.743470424135694,4.025477707006369,1.4936305732484076,0.33121019108280253,5.733561589860699,14.0,2.3950340646825348,0.0003564891770960224,5.987050427940693,4.044585987261146,1.9865332120109187,0.25,5.998304892175401,14.0,2.362387541533721,0.006676486476155856,5.895954124120069,4.063694267515924,2.4746739460115257,0.2980891719745223,5.905583733209077,1.0,2.3765506503301537,0.002054624861273328,5.938294688533475,4.103385178408051,3.199592645841502,0.3045604898303892,5.960254814440941,14.0,2.3846736029373483,0.00019357548662583075,5.961393644113432,4.17948717948718,4.871336996336996,0.24807692307692308,5.999039429051695,14.0,2.3782232065549906,0.0010210498925902999,5.944026441548593,4.211538461538462,6.301785714285714,0.266025641025641,5.985912756911519,14.0,2.3756062824721624,9.34137643553864e-05,5.938875585533872,4.329032258064516,9.539272913466462,0.24629032258064515,5.999522128667152,14.0,2.370239332345501,6.943794207969899e-05,5.925494173950634,4.435064935064935,12.244279529993817,0.24525474525474525,5.999639305945676,14.0,2.3601605726651393,0.00013617664539108807,5.900197166694761,4.671052631578948,17.846898496240602,0.24966261808367066,5.998309712483311,14.0,2.3524509797230544,3.492035478981137e-05,5.881075068775452,4.913333333333333,23.087449735449738,0.24333333333333335,5.9998076518009995,13.0,2.3384511747739665,2.345557382514486e-05,5.846092753574179,5.3924050632911396,32.705304400241104,0.24168289516390784,5.999868475180476,13.0,2.3254399570151874,1.7216658362909917e-05,5.813574067550424,5.87012987012987,41.06295609152752,0.2398538961038961,5.999902228129235,12.0,2.299763127799892,1.184304918978599e-05,5.749390054925945,6.9113924050632916,53.19585182749738,0.23596234988640052,5.9999321562744194,2.034711525609645,1.7917287848945307e-06,5.086776126430935,5.9999892496272835,1.9999958192994995,20.0,0.1924476797088262,1.9999988055128228,0.0011660664355373832,5.068426758905204,5.069613883907097,1.9738975852619511,0.02967398436597877,4.890232986605908,6.2,1.9772895493021996,0.03219469860538735,4.894931825347418,5.8375,0.40265306506820253,0.3992611010279541,-0.0033919640402484408,2.3810612713546178,2.160387065991107,2.1735451175875493,0.2206742053635109,0.20751615376706892,S_k_p8
3.5525,4.0,45593.0,2198.0,2.356839379051169,0.0067218084107372985,5.882015735011818,5.953744894869999,1.9823410288197543,4.343549862763037,0.2989654444366247,1.9935149696013796,3.0856026445344833,0.08794317067633198,0.003454577255336465,0.22239877116795898,0.9509936184514052,1.0,14.0,2.307205018656094,0.03104994118998092,5.721437634855266,4.082802547770701,1.4770700636942673,0.33014861995753714,5.719509191838673,14.0,2.383022253825009,0.001188297256986794,5.955773188677043,4.1528662420382165,1.9520776463451623,0.2484076433121019,5.994349640625064,14.0,2.348607083853662,0.010918483775680493,5.855139983970632,4.222929936305732,2.4136336063087658,0.2949044585987261,5.900726182981604,1.0,2.356839379051169,0.0067218084107372985,5.882015735011818,4.343549862763037,3.0856026445344833,0.2989654444366247,5.953744894869999,14.0,2.361595706504357,0.0005664747435987102,5.903139554145494,4.493589743589744,4.639652014652015,0.2467948717948718,5.997197591254403,14.0,2.352060761390097,0.0018327224750685788,5.87740281976264,4.660256410256411,5.887301587301587,0.263560157790927,5.984356108500181,14.0,2.3488701475522697,0.0002412342078746557,5.871813517568862,4.993548387096774,8.598463901689707,0.24612903225806454,5.998797098561604,14.0,2.3460083404997047,0.00017988305127990357,5.864751026672342,5.214285714285714,10.797557204700063,0.24600399600399603,5.999102109501689,14.0,2.339801313975478,0.0002916763930209384,5.849065770349164,5.677631578947368,14.965272556390977,0.2510964912280702,5.997835627815417,14.0,2.3361197101613844,0.00010013192091678983,5.840149077522086,6.06,18.55657142857143,0.2458974358974359,5.999499579503623,13.0,2.3301947249033006,6.193820948443028e-05,5.825393904944024,6.7215189873417724,24.561301989150085,0.24537487828627072,5.9996903846369305,13.0,2.3270966632757317,4.418636329973246e-05,5.81767537864438,7.103896103896104,30.376747062461348,0.24512987012987014,5.9997791024214635,12.0,2.322996127798652,2.2304285799550406e-05,5.807456863067929,7.5886075949367084,41.89855334538879,0.24464459591041873,5.999888486415301,2.323580025942714,4.4793032483170236e-07,5.808949392961297,5.999997760330963,1.999999104133546,8.0,0.2443130118289354,1.9999998506841308,0.0,5.808949392961297,5.808949392961297,2.1916287107139,0.09971368410381147,5.329501250629032,4.275,2.2007758250627147,0.08491681046073131,5.374564346965689,4.2875,0.16521066833726916,0.15606355398845428,-0.009147114348814878,2.365884682482824,2.2018324018990327,2.2218903362671023,0.16405228058379118,0.14399434621572205,S_k_p8
3.5525,5.0,45610.0,2198.0,2.3487499219931887,0.00688049271686899,5.861554065907669,5.953092676910389,1.9820707280645065,4.426806953339433,0.2961855162221128,1.993491665889308,3.0495033328976606,0.09943643946677183,0.0037653149923754896,0.2512705440525444,1.067439821885046,1.0,14.0,2.3042817437473473,0.031305284493403605,5.713746432628264,4.114649681528663,1.4694267515923567,0.32696390658174096,5.721308511692398,14.0,2.3711400490512924,0.0023765945139735487,5.9242852308572695,4.254777070063694,1.9230815893236273,0.2484076433121019,5.988699281267442,14.0,2.3347521566894316,0.011622734687656278,5.819446289692093,4.3630573248407645,2.3701850166818317,0.29044585987261146,5.898277953246769,1.0,2.3487499219931887,0.00688049271686899,5.861554065907669,4.426806953339433,3.0495033328976606,0.2961855162221128,5.953092676910389,14.0,2.3458903986269424,0.0006754074278998606,5.863712885425508,4.660256410256411,4.550976800976801,0.2432692307692308,5.996665622908462,14.0,2.3356579431242377,0.0019188816784911455,5.836266535292858,4.801282051282051,5.794444444444445,0.2591222879684418,5.983852669301839,14.0,2.3302531653374965,0.000281231214002052,5.825211066522738,5.103225806451613,8.517050691244242,0.24225806451612905,5.998598995712404,14.0,2.3243086849223817,0.00021147250006921662,5.81045450355585,5.35064935064935,10.650030921459491,0.24225774225774224,5.998945214251458,14.0,2.316986998993462,0.00027646313280826895,5.7920528027844425,5.756578947368421,14.972603383458644,0.24704790823211875,5.997897580013664,14.0,2.3147691328528595,9.351978475008238e-05,5.7867825524550245,6.026666666666666,19.09142857142857,0.2421794871794872,5.999532787181247,13.0,2.3117083455283023,6.195930176167153e-05,5.779177924868111,6.4113924050632916,26.766365280289328,0.2422103213242453,5.999690333428481,13.0,2.310734369510656,4.744797663744829e-05,5.776764751811683,6.6688311688311686,34.04922696351268,0.24235139860139862,5.999762829321087,12.0,2.308680721104795,3.0611553144389304e-05,5.771655885432271,7.151898734177215,46.66600361663653,0.24261603375527432,5.999846965157735,2.2867128586123147,8.95862167560324e-07,5.716780802737535,5.999995520676302,1.9999982082713783,8.0,0.24021838034576887,1.9999997013740014,0.0,5.716780802737534,5.716780802737534,2.1968443788080574,0.08958431995835775,5.357734467082606,4.4,2.1436660508894834,0.11270924953241383,5.190101252925087,4.45,0.15190554318513128,0.2050838711037053,0.05317832791857402,2.3208240493281136,2.185344773493522,2.1752582974635204,0.1354792758345916,0.1455657518645928,S_k_p8
3.555,0.0,45550.0,2198.0,2.3642921384986835,0.0012491858985683964,5.908856567398857,5.960878011525786,1.9865429418757397,4.228728270814273,0.30002111337884435,1.9886204653426525,3.1490436979915484,0.0809497444781071,0.00284970587264855,0.20458869475745187,0.8634162302913327,0.1797804208600183,14.0,2.296508036315691,0.00932229192177359,5.727286652906569,4.082802547770701,1.4783439490445862,0.32802547770700635,5.745475080857493,14.0,2.3825544233469667,0.0010694675312880784,5.9547818570704845,4.159235668789809,1.9537761601455867,0.25,5.9949146765608265,14.0,2.34750253502728,0.0035490977237897046,5.863432690982514,4.197452229299363,2.431983621474067,0.2942675159235668,5.908701041508653,1.0,2.3642921384986835,0.0012491858985683964,5.908856567398857,4.228728270814273,3.1490436979915484,0.30002111337884435,5.960878011525786,14.0,2.3680425797264317,0.00034595158210777186,5.919587521942917,4.384615384615385,4.753871128871129,0.24519230769230768,5.998329267133044,14.0,2.3552563276312592,0.0006041157676585113,5.887234645426661,4.480769230769231,6.115674603174603,0.2603550295857988,5.986164010524861,14.0,2.348064247944797,0.0001417778608941165,5.869947953070651,4.690322580645161,9.168356374807988,0.24080645161290323,5.9993162414660555,14.0,2.3395731339105894,9.641751139887722e-05,5.848788208509374,4.863636363636363,11.639301175015463,0.24000999000999,5.999518623113099,14.0,2.3237811798860055,7.843465776359362e-05,5.809335297728366,5.197368421052632,16.63670112781955,0.24266194331983806,5.998414304636741,14.0,2.3095982665222836,4.0041507317371365e-05,5.7739356040447305,5.473333333333334,21.269950937950938,0.2346153846153846,5.999799859126464,13.0,2.2801397324200035,2.3924926059398707e-05,5.70031344366092,6.0,29.670795660036166,0.22760467380720545,5.999882641112805,13.0,2.2573797391027823,1.580909344288485e-05,5.643425634116791,6.474025974025974,37.448361162646876,0.2219655344655345,5.9999231252253855,12.0,2.2305915159777268,8.74757682198211e-06,5.576465668579083,7.272151898734177,51.446846402542604,0.21805014605647519,5.9999549504072185,2.0670259453961033,1.493103613192659e-06,5.167562623834838,5.999989548263336,1.9999960183865744,16.0,0.21155595996360327,1.999998506892595,0.0007260793764429084,5.1602004928589125,5.165324575923023,2.01422625941969,0.015620372614937272,5.012135089626819,5.3125,2.0110360700188115,0.015624591452618963,5.0041532878681,5.6375,0.35006587907899345,0.353256068479872,0.0031901894008785625,2.3649588560161163,2.1604897804823993,2.170801274427376,0.20446907553371674,0.19415758158873953,S_k_p8
3.555,1.0,45567.0,2198.0,2.374951635433991,0.006422136056727527,5.9277458844998865,5.95516256607748,1.982913476673585,4.148215919487649,0.30410303328876065,1.993606400028182,3.1761801289591776,0.05731941772500813,0.0029543387431878454,0.1454837208865876,0.6191433897679293,1.0,14.0,2.3124901580109345,0.03029744874576361,5.735779221908691,4.057324840764331,1.484076433121019,0.33121019108280253,5.724297132958005,14.0,2.3883264135367086,0.00059414862849338,5.96992481089903,4.10828025477707,1.9686988171064603,0.2484076433121019,5.997174820303875,14.0,2.359378578563689,0.011115757325035327,5.881772810421668,4.1210191082802545,2.457612981498332,0.2974522292993631,5.900519140903343,1.0,2.374951635433991,0.006422136056727527,5.9277458844998865,4.148215919487649,3.1761801289591776,0.30410303328876065,5.95516256607748,14.0,2.381427471284575,0.0003377037139499758,5.953062122640512,4.243589743589744,4.818528693528694,0.2483974358974359,5.998332811445575,14.0,2.377348308342773,0.0017721611905200984,5.9407125290711535,4.282051282051282,6.233730158730158,0.26701183431952663,5.98466153328988,14.0,2.378556895692547,0.00014947125976164905,5.946168032341724,4.425806451612903,9.381566820276499,0.24854838709677424,5.999255553840146,14.0,2.3760335917456086,0.00011571688565278652,5.939910404035543,4.564935064935065,11.948824984539272,0.24850149850149852,5.99941581441318,14.0,2.372344728048387,0.00024241277927869307,5.930498200952049,4.848684210526316,17.158411654135335,0.2541329284750337,5.998062876067302,14.0,2.3710515534714083,5.1847076116171566e-05,5.927551113064347,5.086666666666667,21.98609523809524,0.248525641025641,5.99973199477969,13.0,2.368738508793523,3.2467671406763675e-05,5.921797570476695,5.512658227848101,30.66166365280289,0.24858000649139889,5.999830188151042,13.0,2.3663977729700907,2.3823768771346023e-05,5.91595869677207,5.928571428571429,37.959678416821276,0.2485327172827173,5.999874830301899,12.0,2.3629962020283726,1.735620533366078e-05,5.90746447076293,6.7025316455696204,49.48306208559373,0.24841772151898733,5.999908911580579,2.3649295549308005,1.7170759463169816e-06,5.9123213117130815,5.999989324282334,1.9999958690687958,9.0,0.24795268425841674,1.9999987308577736,1.4913408094391873e-05,5.906087501415723,5.906097600940106,2.213347185441992,0.08928661711780887,5.399438037928266,4.1625,2.2108472718032233,0.10088103650808766,5.375796624745926,3.9625,0.16160444999199886,0.16410436363076775,0.0024999136387688914,2.3803423230501917,2.238401593322009,2.207307786475752,0.14194072972818292,0.17303453657443965,S_k_p8
3.555,2.0,45584.0,2198.0,2.3702620134921486,0.0008135015849252684,5.924434781352984,5.961012978520333,1.9867331589784696,4.1628545288197625,0.30329368709972554,1.9880821007291476,3.171606652725134,0.06255609280860845,0.0024605524423491443,0.15850103528362378,0.672293049931614,0.1111619396157365,14.0,2.2995396183916235,0.0044669315458498345,5.742148648660284,4.038216560509555,1.489171974522293,0.33227176220806787,5.750377383612006,14.0,2.390535959843112,0.0008318080798907547,5.975092187487943,4.082802547770701,1.9734303912647861,0.25,5.996044748432351,14.0,2.3543189607219617,0.0018338040219444838,5.883046695771986,4.114649681528663,2.4576888080072794,0.2974522292993631,5.90983250771048,1.0,2.3702620134921486,0.0008135015849252684,5.924434781352984,4.1628545288197625,3.171606652725134,0.30329368709972554,5.961012978520333,14.0,2.382907628411594,0.00026396657267160965,5.956873121169977,4.217948717948718,4.8379120879120885,0.2483974358974359,5.998690130531334,14.0,2.3725786676592446,0.0003714037003161806,5.930889563597639,4.32051282051282,6.200595238095238,0.2662721893491124,5.986313813075321,14.0,2.372006129643742,0.00013136910436099673,5.929818270452813,4.496774193548387,9.289400921658984,0.2474193548387097,5.999344388030678,14.0,2.368472240662964,9.895334168673133e-05,5.92103217164488,4.64935064935065,11.824759655928487,0.24700299700299697,5.9995057827242295,14.0,2.3610302286386577,7.692859080153877e-05,5.90246017871044,4.973684210526316,16.901055194805195,0.2521929824561403,5.998275266653952,14.0,2.356034682815465,5.451217800743535e-05,5.890004938771649,5.253333333333333,21.609264069264068,0.24538461538461542,5.999724000285324,13.0,2.3461318677721716,3.894642212834034e-05,5.865271249797235,5.7974683544303796,29.893268124280773,0.24367088607594936,5.9998000626968055,13.0,2.3442926397578985,3.135700190324477e-05,5.8606845638918905,6.142857142857143,37.617192331478044,0.2432255244755245,5.9998380526363935,12.0,2.3449617376464817,2.3174866848842983e-05,5.8623695818159325,6.7974683544303796,50.371669680530445,0.2442185978578384,5.999881139238626,2.2395765889457655,4.479393912681928e-06,5.598934753273544,5.999966852849583,1.9999874578185566,15.0,0.2329390354868062,1.9999949234404637,0.0019384124745724517,5.585413914332131,5.5874072572883975,2.087297422574979,0.007769097826404614,5.206589909697841,4.7875,2.1016491628906833,0.008636497107844827,5.241168161564941,4.9875,0.28296459091716963,0.26861285060146534,-0.014351740315704298,2.3673892806950154,2.1311745666780575,2.139033263655067,0.23621471401695818,0.2283560170399476,S_k_p8
3.555,3.0,45601.0,2198.0,2.371650103886461,0.006436337685160936,5.919470753188411,5.955115703838014,1.9828931220509511,4.181610247026533,0.30266028573439363,1.9936033535301811,3.1630402343920183,0.06713483788713541,0.002881659368665663,0.17004482860269582,0.7135150453948312,1.0,14.0,2.3144217291094034,0.0306858775758375,5.740025506409753,4.044585987261146,1.4885350318471338,0.33014861995753714,5.723904948737644,14.0,2.387988189142474,0.0008318080798906924,5.968722760736351,4.10828025477707,1.9670609645131938,0.24920382165605096,5.996044748432351,14.0,2.3567339558677363,0.011803594233055678,5.874129498319757,4.146496815286624,2.443509250834092,0.2968152866242038,5.898677013400847,1.0,2.371650103886461,0.006436337685160936,5.919470753188411,4.181610247026533,3.1630402343920183,0.30266028573439363,5.955115703838014,14.0,2.3781769586656276,0.000302508170927038,5.944988634407678,4.262820512820513,4.816849816849817,0.2471153846153846,5.998507460705755,14.0,2.368967118713444,0.0017697290657365122,5.919763203185005,4.352564102564102,6.177380952380952,0.26503944773175536,5.984750252371698,14.0,2.368892635117359,0.00013594349944597527,5.922027672544227,4.490322580645161,9.317972350230415,0.2467741935483871,5.999322061211078,14.0,2.3671651175809036,0.00011210992826375828,5.917744629059864,4.603896103896104,11.911440940012369,0.24712787212787213,5.999440423480672,14.0,2.3643110671904846,0.00022949842592581265,5.910433420337322,4.848684210526316,17.235996240601505,0.25269905533063425,5.998132051489967,14.0,2.363342935384668,4.9405170948156515e-05,5.908283230705249,5.053333333333334,22.28488888888889,0.24730769230769226,5.9997531094784415,13.0,2.359413778643157,3.4913751918036965e-05,5.898482075980014,5.474683544303797,31.29520795660036,0.24711944173969486,5.999825481927974,13.0,2.3564115104354117,2.5992380625749466e-05,5.890989787517591,5.902597402597403,38.855287569573285,0.2470342157842158,5.999870059264098,12.0,2.351561724637703,1.695699492943325e-05,5.878878876101863,6.7215189873417724,50.50723327305606,0.2468354430379747,5.99991522126484,2.341549796476437,2.2396602794572118e-07,5.85387415524205,5.999996192571931,1.9999986562019678,8.0,0.24613284804367608,1.9999990294783725,0.0,5.853874155242048,5.853874155242048,2.2273011356041565,0.08803843406440313,5.436195187913786,4.25,2.225298707190003,0.07601661857353167,5.449221840114709,4.2625,0.14434896828230448,0.14635139669645802,0.0020024284141535453,2.375303101293639,2.2135138730323076,2.204519987599513,0.1617892282613315,0.17078311369412555,S_k_p8
3.555,4.0,45618.0,2198.0,2.3688602914038634,0.006529723893901727,5.912356142668806,5.9546446895890774,1.982704988565059,4.212259835315645,0.3020620733338025,1.9935714729876683,3.1438967673071057,0.06855880876391954,0.002940256469192813,0.17392150799199046,0.7289314129352241,1.0,14.0,2.3103788919463204,0.033161934539456886,5.7262043280566175,4.050955414012739,1.4853503184713375,0.3322717622080679,5.713348605948078,14.0,2.3860378550036883,0.0013071269826853851,5.963133947035193,4.1210191082802545,1.958022444646649,0.25,5.993784604689303,14.0,2.354564952660457,0.011377453008323112,5.869346202138657,4.165605095541402,2.432741886563542,0.2974522292993631,5.8990954959588855,1.0,2.3688602914038634,0.006529723893901727,5.912356142668806,4.212259835315645,3.1438967673071057,0.3020620733338025,5.9546446895890774,14.0,2.3753637958501717,0.0004399442877859003,5.937749573193749,4.3076923076923075,4.758852258852258,0.2487179487179487,5.997816884230433,14.0,2.367413871047742,0.001853766183732034,5.915754028343756,4.403846153846154,6.104365079365079,0.266025641025641,5.984252413018787,14.0,2.366499558649437,0.00019705365654132604,5.915953316138779,4.606451612903226,9.086328725038403,0.24806451612903224,5.999016582054672,14.0,2.3639245106976956,0.00014843001252983168,5.909588631725444,4.7727272727272725,11.475695732838592,0.24825174825174828,5.999258674095001,14.0,2.360110615262562,0.0002646510818479337,5.899879561533632,5.078947368421052,16.29765037593985,0.25354251012145745,5.997956409868174,14.0,2.3580065284319844,6.875214157856745e-05,5.894913192867594,5.346666666666667,20.662984126984124,0.24801282051282053,5.9996563903264635,13.0,2.3552952551103754,4.504589683642955e-05,5.888170568930684,5.784810126582278,28.475406871609398,0.24776858162934112,5.999774825364715,13.0,2.3531554335784586,3.281466390184193e-05,5.882839361950293,6.136363636363637,35.50117501546073,0.24762737262737264,5.9998359515656725,12.0,2.3494937656835884,1.808262584013653e-05,5.873707290270209,6.658227848101266,48.520795660036164,0.24726144109055503,5.999909593153605,2.3459113200864983,4.479355837361254e-06,5.864771581182489,5.999977603344439,1.9999910413295339,8.0,0.24749772520473157,1.9999985068925947,0.0,5.862986821721922,5.862986821721922,2.2268859935362166,0.08318026700045118,5.442444583339865,4.2125,2.18470013429306,0.09683854589080812,5.316492516896437,4.225,0.14197429786764681,0.18416015711080336,0.04218585924315654,2.3589986540406565,2.2193543530614335,2.178008733387284,0.13964430097922298,0.1809899206533725,S_k_p8
3.555,5.0,45635.0,2198.0,2.3714359225850568,0.00665718879316204,5.9186040232729,5.954068713093895,1.9824705081002445,4.182982616651418,0.3031881202055035,1.9935431650823872,3.158367642573956,0.06340217602708402,0.0035119806289952197,0.1617136965128754,0.6745968784857269,1.0,14.0,2.310495420595344,0.033356148954494694,5.7262043280566175,4.050955414012739,1.4866242038216562,0.33014861995753714,5.7131525138378985,14.0,2.3885856257043256,0.0013071269826854135,5.969503373786785,4.095541401273885,1.9698513800424629,0.24920382165605096,5.993784604689301,14.0,2.3565616082360283,0.011308184700091928,5.874441743539931,4.140127388535032,2.4438125568698816,0.2961783439490446,5.899164998696253,1.0,2.3714359225850568,0.00665718879316204,5.9186040232729,4.182982616651418,3.158367642573956,0.3031881202055035,5.954068713093895,14.0,2.379364587679735,0.00036955320174018977,5.947857139396727,4.269230769230769,4.799297924297924,0.2483974358974359,5.998166182750793,14.0,2.3703435562509902,0.00183272247506859,5.923109806914874,4.378205128205129,6.142063492063492,0.2655325443786982,5.984356108500181,14.0,2.3707671024010364,0.0001664008655238822,5.926668154704304,4.554838709677419,9.198771121351767,0.247741935483871,5.999169558176808,14.0,2.369909054957159,0.00013815028133942788,5.924565411970889,4.662337662337662,11.743413729128015,0.24787712287712285,5.999310366307394,14.0,2.3660915042649044,0.0002588721096047937,5.914840452497853,4.940789473684211,16.882283834586467,0.2532051282051282,5.9979808097412475,14.0,2.3635440153586487,6.341818259899767e-05,5.908764911122722,5.1866666666666665,21.62622222222222,0.24769230769230774,5.9996830638585275,13.0,2.359124110804238,4.4768486647612035e-05,5.897743124280623,5.6645569620253164,29.907052441229652,0.2476062966569296,5.999776222688742,13.0,2.3569631384850602,3.427699501166084e-05,5.892356430720132,6.025974025974026,37.35027829313544,0.24759615384615385,5.999828641769627,12.0,2.358596441082001,2.441574838627615e-05,5.896454479082425,6.386075949367089,52.14575045207956,0.24774829600778972,5.999877931509897,2.345796494902356,2.239651628599404e-07,5.864490901308145,5.999997984296143,1.99999925344366,8.0,0.24613284804367608,1.9999996267189522,0.0,5.864138863662381,5.864138863662381,2.2361145679073373,0.0765489488525377,5.475462996489536,4.225,2.2284823686490376,0.08461604036360124,5.444281861077193,4.1375,0.13532135467771944,0.14295355393601916,0.007632199258299721,2.3728260775092895,2.218945639734304,2.2153943394135833,0.1538804377749861,0.15743173809570654,S_k_p8
3.5575,0.0,45575.0,2198.0,2.3640937360545187,0.006612628498895977,5.900315397387953,5.954248564145007,1.9825453118820369,4.264409881061299,0.3006897037089169,1.9935460909609553,3.124682503376465,0.07973457887280137,0.0031624666618579166,0.20198600283981424,0.8563767289557062,1.0,14.0,2.3077800238051935,0.03254252762189251,5.7206362680801455,4.076433121019108,1.4796178343949045,0.3290870488322717,5.715945042993324,14.0,2.3828136355145837,0.0017824458854801741,5.954360419958239,4.146496815286624,1.9526842584167423,0.25,5.991524460946253,14.0,2.3524909267610674,0.012375191157183284,5.862664530166891,4.178343949044586,2.430391264786169,0.2961783439490446,5.895763153042242,1.0,2.3640937360545187,0.006612628498895977,5.900315397387953,4.264409881061299,3.124682503376465,0.3006897037089169,5.954248564145007,14.0,2.366730711681394,0.0004399442877859402,5.9161668627718065,4.42948717948718,4.699938949938949,0.2474358974358974,5.997816884230433,14.0,2.3608192810024073,0.0019159593531038609,5.899174263476364,4.512820512820513,6.027777777777778,0.26454635108481256,5.9840245371418135,14.0,2.3602364680126455,0.00021038599191730244,5.900275591043737,4.748387096774193,8.949615975422427,0.24741935483870964,5.9989505477716065,14.0,2.3579745110400476,0.00016158659910735462,5.894693897701457,4.928571428571429,11.303648732220159,0.24750249750249753,5.999193314851444,14.0,2.3540875001956802,0.0002881778940968819,5.884786483648055,5.282894736842105,16.001362781954885,0.2521929824561403,5.997857820038763,14.0,2.3527721211023156,8.012641646798121e-05,5.8818101131310865,5.613333333333333,20.15784126984127,0.24756410256410258,5.999599612945224,13.0,2.352005829348376,5.942933538241918e-05,5.879925429367864,6.113924050632911,27.60560578661844,0.24764686790003249,5.9997029901254,13.0,2.350424350160702,4.6961765642409986e-05,5.875990432753292,6.538961038961039,34.03314780457638,0.24756493506493507,5.999765262928205,12.0,2.3478910056240303,3.1671084964554024e-05,5.869680007432629,7.2784810126582276,44.12477396021699,0.24726144109055503,5.999841678477283,2.3375888820419095,2.911583683484764e-06,5.843967837729248,5.999982754565986,1.9999932809941008,8.0,0.24613284804367608,1.9999981336164523,0.0,5.843967837729248,5.843967837729248,2.244552206573436,0.07272792540427168,5.5022886283271815,4.1875,2.1899682248352272,0.10744944357190485,5.31374639673021,4.125,0.11954152948108288,0.17412551121929143,0.054583981738208553,2.381300911078323,2.2090532680301407,2.241829154843408,0.1722476430481824,0.13947175623491523,S_k_p8
3.5575,1.0,45592.0,2198.0,2.3789506391351685,0.006234859901221136,5.938024307986089,5.956056882012473,1.983274007370418,4.10704483074108,0.30515870223098035,1.9936671777325097,3.1989837929682396,0.050627396904701784,0.002062956967826216,0.1282695143458197,0.5515309764059584,1.0,14.0,2.3117170386185024,0.03149283362555827,5.73205334610792,4.050955414012739,1.4866242038216562,0.33014861995753714,5.718985027748096,14.0,2.387988189142475,0.0008318080798907378,5.968722760736351,4.10828025477707,1.9690627843494084,0.2484076433121019,5.996044748432351,14.0,2.3604784896668356,0.011346208946704663,5.884176910747029,4.10828025477707,2.461328480436761,0.2980891719745223,5.899118507251917,1.0,2.3789506391351685,0.006234859901221136,5.938024307986089,4.10704483074108,3.1989837929682396,0.30515870223098035,5.956056882012473,14.0,2.3859133880696826,0.0002287710296486946,5.964440313629733,4.185897435897436,4.867979242979243,0.24903846153846154,5.998864779791515,14.0,2.38264089026,0.0017169946613232996,5.954026733658015,4.198717948717949,6.314484126984127,0.26725838264299806,5.984967947047528,14.0,2.3849513186658733,8.320043276193537e-05,5.962253496015539,4.290322580645161,9.582181259600615,0.24903225806451615,5.999584779079748,14.0,2.383133436359176,6.510088268866361e-05,5.957735939573906,4.383116883116883,12.282467532467532,0.249000999000999,5.999674857049492,14.0,2.3809094292760427,0.00021850948170581681,5.951945808967547,4.552631578947368,17.945253759398497,0.254470310391363,5.998189907796195,14.0,2.3809413422939176,3.0695168377619095e-05,5.952307312982227,4.693333333333333,23.404126984126986,0.24903846153846157,5.999846566720021,13.0,2.380352823764691,1.8295614252573658e-05,5.950854615990349,4.930379746835443,33.7870705244123,0.24902629016553068,5.9999085331894975,13.0,2.3792011178387185,1.4130747943965424e-05,5.947981598474879,5.188311688311688,43.37353123067408,0.249000999000999,5.999930650279574,12.0,2.3789490736540846,7.903211092371112e-06,5.947360829318571,5.563291139240507,61.54359142966737,0.2489451476793249,5.99996142313432,2.3756368463102624,4.703316426102333e-06,5.939085060801017,5.99997558765579,1.9999902947797878,11.0,0.24931756141947226,1.9999981336164523,1.4732007730734351e-05,5.927301516240253,5.927317003035438,2.227386833033942,0.09517695686645211,5.425701647285177,4.0,2.2217775407934885,0.0923195258797815,5.415964563164049,3.9875,0.15156380610122655,0.15717309834167992,0.005609292240453367,2.3889043174917672,2.224895569304155,2.235210610870951,0.16400874818761274,0.15369370662081666,S_k_p8
3.5575,2.0,45609.0,2198.0,2.366762605473334,0.0013947521424493494,5.914814385469664,5.960440068935718,1.98634843893109,4.203568161024703,0.301604616792174,1.9886673955940783,3.1556136452751273,0.07272685178361779,0.0029565296540662003,0.1837733137320324,0.7789582294992906,0.20265324794144557,14.0,2.2988904458182238,0.011530607125447232,5.729930203857389,4.057324840764331,1.4847133757961786,0.33014861995753714,5.739131151607518,14.0,2.3860378550036887,0.0013071269826854248,5.963133947035193,4.1210191082802545,1.962026084319078,0.25,5.993784604689301,14.0,2.3506523999737916,0.004119658193601365,5.8704515126440775,4.165605095541402,2.4387321807703977,0.2961783439490446,5.907538917377378,1.0,2.366762605473334,0.0013947521424493494,5.914814385469664,4.203568161024703,3.1556136452751273,0.301604616792174,5.960440068935718,14.0,2.3737896337995195,0.0003519554302287806,5.933946151353455,4.326923076923077,4.770909645909645,0.24743589743589745,5.998253507380884,14.0,2.363330101382246,0.0006900045839810919,5.907290246579644,4.42948717948718,6.114484126984128,0.2640532544378698,5.985912228754938,14.0,2.359191395914629,0.00015326395508778653,5.89774859385394,4.638709677419355,9.134254992319509,0.245,5.999235119372009,14.0,2.3527596306189915,0.00010155737699423772,5.8817467404819865,4.798701298701299,11.60513296227582,0.24388111888111888,5.999492777006902,14.0,2.33961134830179,9.875228689068976e-05,5.848880242324139,5.151315789473684,16.568094953292324,0.24679487179487178,5.998309661708918,14.0,2.3285651422914624,4.5606173415736845e-05,5.8213444464685296,5.466666666666667,21.213848965848964,0.2392307692307693,5.999764936712119,13.0,2.3128336349506666,2.852551021416985e-05,5.782041299111347,6.044303797468355,29.481163351416512,0.2359217786432977,5.999852144156673,13.0,2.297990270202745,2.2525192908269235e-05,5.7449418877175,6.590909090909091,36.46378066378067,0.23320429570429566,5.999882624152017,12.0,2.2668197706763125,1.8364488206028314e-05,5.667021879958472,7.544303797468355,47.75115348786235,0.22675267770204482,5.99990593368568,2.0646904270031317,2.0903539583727593e-06,5.161722931976891,5.999979992372524,1.9999926340061887,16.0,0.20882620564149226,1.9999961179278039,0.0007865675292708584,5.149752783136913,5.154698354994928,2.034876676177027,0.01640109045398077,5.0625900547615945,5.8625,1.986179865516244,0.018470174537505567,4.937744401984352,5.8,0.3318859292963072,0.38058273995709024,0.04869681066078302,2.3752423601606805,2.1759823630689064,2.154359237629396,0.19925999709177397,0.2208831225312846,S_k_p8
3.5575,3.0,45626.0,2198.0,2.3695208799897136,0.006390439508727574,5.914216540711193,5.955330632692817,1.982980064394697,4.207227813357731,0.30209726229854317,1.9936171292763532,3.1540561146691064,0.07273931343940135,0.0024252047470393,0.18386686390183543,0.7844339339768838,1.0,14.0,2.3106751155614873,0.03010323433072666,5.731532937407629,4.070063694267516,1.4815286624203823,0.3290870488322717,5.724493225068185,14.0,2.3841665330915194,0.0008318080798906982,5.959168620608962,4.146496815286624,1.95674855929633,0.24761146496815287,5.996044748432351,14.0,2.3529588202936567,0.010944392700660381,5.865980461683152,4.191082802547771,2.4344858962693356,0.2949044585987261,5.901870350842757,1.0,2.3695208799897136,0.006390439508727574,5.914216540711193,4.207227813357731,3.1540561146691064,0.30209726229854317,5.955330632692817,14.0,2.371928442138928,0.00026396657267155273,5.929425155488313,4.358974358974359,4.759157509157509,0.246474358974359,5.998690130531334,14.0,2.366620078105409,0.0016856316490799117,5.914021747789903,4.403846153846154,6.1535714285714285,0.2642998027613412,5.985081946241964,14.0,2.3650267953913735,9.195837305260659e-05,5.912429050918854,4.593548387096774,9.216589861751151,0.24629032258064515,5.999541071616281,14.0,2.3606171468740027,7.812105922617833e-05,5.901425685596166,4.779220779220779,11.657792207792209,0.24625374625374627,5.9996098284628525,14.0,2.3556487474164385,0.00021538631231372328,5.8887987890726246,5.0855263157894735,16.699013157894736,0.2515182186234817,5.998202402382549,14.0,2.3529338764284202,3.803964850998061e-05,5.882277631598285,5.346666666666667,21.396761904761902,0.2460897435897436,5.999809865643594,13.0,2.3491736411483406,2.7307549888708733e-05,5.872893141546019,5.7784810126582276,29.941139240506324,0.2461051606621227,5.999863491573506,13.0,2.3468937032169137,2.193075885648676e-05,5.867201361904,6.032467532467533,38.25714285714286,0.24600399600399603,5.999890363259724,12.0,2.3441903057934192,1.7943333039714524e-05,5.860448849483989,6.189873417721519,56.04575045207956,0.24578059071729955,5.999910293240936,2.3388424004111,4.479355835584897e-06,5.847099281993996,5.999977603344438,1.999991041329534,8.0,0.24613284804367608,1.999998506892595,0.0,5.846776016679754,5.846776016679754,2.2257660791136664,0.07448211764401795,5.452692021318138,4.3,2.206201988057175,0.0894701343349221,5.381299768640554,4.225,0.1437548008760472,0.1633188919325388,0.019564091056491595,2.362068083920215,2.1938156628949206,2.212489889650575,0.16825242102529467,0.1495781942696402,S_k_p8
3.5575,4.0,45643.0,2198.0,2.365550442127667,0.006448215931470031,5.9042037814219634,5.955055781552376,1.9828691885403025,4.249771271729186,0.3008656485326202,1.9935996307307686,3.1313728052977825,0.07728344967194346,0.0026708620860674986,0.19540335753939186,0.8293630327483855,1.0,14.0,2.311042242591988,0.0326647853986614,5.728608428381979,4.070063694267516,1.4802547770700636,0.33121019108280253,5.719935866921134,14.0,2.380812707518606,0.0009506378055893685,5.95060581208813,4.178343949044586,1.946254170457992,0.2484076433121019,5.99547971249659,14.0,2.348737655367179,0.011552429925108305,5.854515493530284,4.235668789808917,2.4157567485592963,0.2961783439490446,5.900099192211466,1.0,2.365550442127667,0.006448215931470031,5.9042037814219634,4.249771271729186,3.1313728052977825,0.3008656485326202,5.955055781552376,14.0,2.3699544927984233,0.0003343576587172918,5.924384695507982,4.378205128205129,4.728174603174603,0.2474358974358974,5.998340832010974,14.0,2.3606342695863134,0.0017900499524368119,5.898900599037129,4.506410256410256,6.035515873015873,0.26503944773175536,5.984729736829536,14.0,2.3586423560478087,0.00014012704465159347,5.896395699552544,4.748387096774193,8.95299539170507,0.2467741935483871,5.999300680567211,14.0,2.355978640430667,0.00010416141230159419,5.8897903589582175,4.941558441558442,11.288775510204081,0.24687812187812186,5.999479771289574,14.0,2.352399816872898,0.00023532282276692457,5.880646557948094,5.302631578947368,15.971428571428572,0.252361673414305,5.998116893616563,14.0,2.3504182545011743,5.2056991333356466e-05,5.875967550765934,5.633333333333334,20.134730158730164,0.2470512820512821,5.999739809510065,13.0,2.3461525438764275,3.5751679543567166e-05,5.865327732171754,6.215189873417722,27.276491862567806,0.24699772801038625,5.999821276130493,13.0,2.3433058673866296,2.7776927456351535e-05,5.858223003075388,6.642857142857143,33.679406307977736,0.24694055944055943,5.999861131738822,12.0,2.3409443020665,2.0827031355131205e-05,5.852329514619216,7.082278481012659,46.84231464737793,0.2466325868224603,5.999895872980758,2.3338553463712337,5.599263647404484e-06,5.834629967032613,5.9999639412305275,1.99998611398896,8.0,0.2456778889899909,1.9999954460314333,0.0,5.834629967032612,5.834629967032612,2.2206486190702135,0.08474052410940455,5.424510761511427,4.1625,2.1954697920120054,0.10125083366497481,5.336798229532551,4.2125,0.1449018230574537,0.17008065011566176,0.025178827058208064,2.3603586822108134,2.2031007015424904,2.2016817183772917,0.15725798066832355,0.15867696383352203,S_k_p8
3.5575,5.0,45660.0,2198.0,2.3711585450447625,0.006358186228484102,5.918359083269181,5.955484795271929,1.983042203014482,4.188472095150961,0.3023083960869872,1.9936270924058395,3.1579287021304405,0.06639441554520106,0.0022861937434961433,0.16768535320650468,0.7101246288301024,1.0,14.0,2.3135070410006597,0.031111070078365794,5.737100997384101,4.044585987261146,1.4878980891719746,0.33121019108280253,5.721504603802579,14.0,2.385361406215221,0.0017824458854801232,5.960729846709832,4.1210191082802545,1.9593569912041249,0.25,5.991524460946253,14.0,2.353708773876042,0.011440838687940078,5.867110676658194,4.178343949044586,2.434789202305126,0.2961783439490446,5.899630629320021,1.0,2.3711585450447625,0.006358186228484102,5.918359083269181,4.188472095150961,3.1579287021304405,0.3023083960869872,5.955484795271929,14.0,2.374975528084343,0.00036955320174026377,5.9368844904082465,4.301282051282051,4.783424908424909,0.2471153846153846,5.9981661827507935,14.0,2.3670277167472573,0.0017912804617077338,5.914882371175583,4.391025641025641,6.1323412698412705,0.26454635108481267,5.984563407579046,14.0,2.3657904560975873,0.0001753542307544227,5.914213108897835,4.561290322580645,9.192319508448541,0.24661290322580645,5.999125377625475,14.0,2.362479454412943,0.00012252606949416455,5.906014846928116,4.701298701298701,11.695578231292517,0.24637862137862138,5.999388400611362,14.0,2.3560980613354694,0.0002518204319102055,5.889867422690807,5.006578947368421,16.710620300751877,0.25185560053981104,5.9980253883281085,14.0,2.3548914645510997,5.4747792273867425e-05,5.887146539689338,5.166666666666667,21.677396825396826,0.24615384615384617,5.999726414919146,13.0,2.352957539817378,3.1814328375116036e-05,5.88234612805088,5.424050632911392,30.977848101265824,0.24590230444660824,5.999840968797156,13.0,2.350828187272383,2.388009535825009e-05,5.8770346480379185,5.6688311688311686,39.36017316017316,0.24575424575424576,5.9998806179293425,12.0,2.3473604424139727,1.6254456616479864e-05,5.868376724350007,6.0886075949367084,54.50361663652802,0.2454560207724765,5.999918736452194,2.3376285549292453,2.239651637481188e-07,5.8440710513753675,5.999997984296143,1.9999992534436597,8.0,0.2456778889899909,1.9999996267189522,0.0,5.8440710513753675,5.8440710513753675,2.20216905737915,0.092416787005496,5.366797462939631,4.2125,2.208458817516391,0.08964683371972933,5.386676793211383,4.1875,0.16898948766561261,0.1626997275283717,-0.006289760137240918,2.3889043174917672,2.215234079096442,2.2114812972003395,0.17367023839532536,0.17742302029142787,S_k_p8
3.557946,0.0,45579.0,2198.0,2.3723698211138133,0.006337297876928485,5.921418605969142,5.955563647051146,1.98307544972474,4.177950594693504,0.3032233091702442,1.9936305121108895,3.1663464470875264,0.06601433319849105,0.002323671384311188,0.16681676179458285,0.718268101879512,1.0,14.0,2.314188671811359,0.030297448745763594,5.740025506409753,4.044585987261146,1.4885350318471338,0.33014861995753714,5.724297132958005,14.0,2.3885856257043256,0.0013071269826854023,5.969503373786785,4.095541401273885,1.9698513800424629,0.24920382165605096,5.993784604689301,14.0,2.359119080662107,0.01121197101256319,5.880979745136421,4.1210191082802545,2.4570063694267517,0.2968152866242038,5.899842069799797,1.0,2.3723698211138133,0.006337297876928485,5.921418605969142,4.177950594693504,3.1663464470875264,0.3032233091702442,5.955563647051146,14.0,2.3807166079739024,0.0001935754866258023,5.9515011567048175,4.256410256410256,4.822039072039072,0.24807692307692308,5.999039429051695,14.0,2.373113254475362,0.0017484702224177529,5.930160430854778,4.346153846153846,6.182539682539683,0.266025641025641,5.984853978481065,14.0,2.3732433085973472,0.00011385322377942505,5.9329374916576985,4.535483870967742,9.24915514592934,0.24806451612903224,5.999431802957611,14.0,2.3706728184894015,7.291298861109632e-05,5.926572676740588,4.701298701298701,11.749041434755721,0.24800199800199801,5.9996358398975085,14.0,2.3666363082721458,0.00022828037668498613,5.916248350115338,5.032894736842105,16.735056390977444,0.2532894736842105,5.998152036064349,14.0,2.3651581314662296,3.33643134536743e-05,5.912845282195392,5.32,21.33650793650794,0.24807692307692306,5.9998332246971815,13.0,2.3619335594664497,2.1110324136954964e-05,5.904802233179918,5.867088607594937,29.22649186256781,0.24809315157416423,5.9998944613751615,13.0,2.3597886445632357,1.4780474156987075e-05,5.899449440696853,6.383116883116883,35.62016079158936,0.2480332167832168,5.999926102736722,12.0,2.3582949072026707,1.0765088659580865e-05,5.895721120373688,7.075949367088608,46.814104882459304,0.24793086660175265,5.999946178150279,2.357109766967336,1.1198281955060452e-06,5.892772737676047,5.999993504986912,1.9999974617195722,8.0,0.2470427661510464,1.9999993280986006,0.0,5.890640675081347,5.890640675081347,2.1788738632565576,0.11060989907532884,5.281269809528401,4.05,2.214479852534242,0.09004874735136596,5.401126510308556,4.0875,0.1934959578572557,0.15788996857957116,-0.03560598927768455,2.3731200844642366,2.2118152290439266,2.221832116317347,0.1613048554203093,0.15128796814688955,S_k_p8
3.557946,1.0,45596.0,2198.0,2.3672235948642117,0.0005364960057717207,5.917254243151874,5.9612299461923834,1.986897816728871,4.192589204025618,0.3021324512632838,1.9877823946691657,3.1613765085174053,0.0716701131439598,0.002348948714644885,0.18176369251893543,0.7669761996952712,0.06221408966148216,14.0,2.2957435889087994,0.0009710720751847419,5.737902364159222,4.050955414012739,1.4866242038216562,0.33014861995753714,5.7539070415952525,14.0,2.389729904970835,0.0009506378055893798,5.972898805718704,4.089171974522293,1.9720351835001517,0.24920382165605096,5.995479712496589,14.0,2.3529840305125953,0.0005705604698125312,5.88160423557677,4.1210191082802545,2.4562481043372766,0.2961783439490446,5.91168965921542,1.0,2.3672235948642117,0.0005364960057717207,5.917254243151874,4.192589204025618,3.1613765085174053,0.3021324512632838,5.9612299461923834,14.0,2.376694155301719,0.0002463688011601493,5.941365835052557,4.2756410256410255,4.814407814407814,0.246474358974359,5.9987774551614255,14.0,2.368090197331568,0.00020740808212355735,5.9199143812057375,4.346153846153846,6.192063492063491,0.2642998027613412,5.986395063753121,14.0,2.367372776054458,0.00012261116407018797,5.918248023390039,4.509677419354839,9.308448540706605,0.24596774193548387,5.999388095494146,14.0,2.3640263975116413,8.072509453381739e-05,5.9099449061373015,4.64935064935065,11.870841063698206,0.24587912087912087,5.9995968227455245,14.0,2.3579075148875215,5.663437443675631e-05,5.894683835657148,4.9605263157894735,17.090212747778537,0.25160256410256404,5.9983142972789345,14.0,2.3541529422470573,4.048040172760873e-05,5.885321635015052,5.286666666666667,21.97736604136604,0.24576923076923077,5.999794088165276,13.0,2.348933680619784,2.4206490418298692e-05,5.872297891813831,5.8354430379746836,30.888218532522323,0.2456588769879909,5.999872225901576,13.0,2.3448424081358565,1.8192079431945716e-05,5.862078732220493,6.35064935064935,38.739948651636965,0.2455044955044955,5.999901250562137,12.0,2.3380196013140706,1.2406410042392413e-05,5.845030393670112,7.436708860759493,51.55431530494821,0.24527345017851346,5.999929903286665,2.3324280881302113,1.6424191500163943e-06,5.831067756696802,5.999985815489701,1.9999947243568503,16.0,0.24613284804367608,1.9999974617208234,7.962636511760287e-05,5.811449201296021,5.812113451963403,2.1810797095053083,0.0020350490587959904,5.449646700175077,4.2125,2.119612729258983,0.002139060059035136,5.295823233058905,4.1125,0.18614388535890347,0.2476108656052287,0.06146698024632524,2.3637692826114094,2.1410068738928727,2.165513836123475,0.222762408718536,0.19825544648793392,S_k_p8
3.557946,2.0,45613.0,2198.0,2.3901004941437454,0.007954080596940472,5.963320114463954,5.955366033849699,1.9824706510842527,4.0,0.30769230769230765,1.9957274520791548,3.25,0.0,0.0,1.7763568394002505e-15,0.0,1.0,14.0,2.3509775004326934,0.08170416594551,5.754887502163469,4.0,1.5,0.3333333333333333,5.673183336200644,14.0,2.4000000000000004,0.0,6.0,4.0,2.0,0.25,5.999999999982688,14.0,2.3825703566728014,0.029049405545331197,5.912851783364006,4.0,2.5,0.3,5.883802377801361,1.0,2.3901004941437454,0.007954080596940472,5.963320114463954,4.0,3.25,0.30769230769230765,5.955366033849699,14.0,2.4000000000000004,0.0,6.0,4.0,5.0,0.25,5.999999999982688,14.0,2.397436471250955,0.004272547915074476,5.987182356254777,4.0,6.5,0.2692307692307692,5.98290980832239,14.0,2.4,0.0,6.0,4.0,10.0,0.25,5.999999999982688,14.0,2.4000000000000004,0.0,6.0,4.0,13.0,0.25,5.999999999982688,14.0,2.399715413576189,0.0004743107063505114,5.998577067880945,4.0,19.5,0.2564102564102564,5.998102757157285,14.0,2.4000000000000004,0.0,6.0,4.0,26.0,0.25,5.999999999982687,13.0,2.4000000000000004,0.0,6.0,4.0,39.0,0.25,5.999999999982688,13.0,2.4000000000000004,0.0,6.0,4.0,52.0,0.25,5.999999999982688,12.0,2.4000000000000004,0.0,6.0,4.0,78.0,0.25,5.999999999982688,2.3999996416557265,5.97240455313397e-07,5.999998208278633,5.9999976110208655,1.9999990045934701,4.0,0.2502274795268426,1.9999999999942293,0.0,5.999998208278631,5.999998208278631,2.25238851138798,0.11111844085459888,5.464293617188052,3.925,2.247835845898085,0.1365583077751417,5.4147521530825005,3.8875,0.13771198275576557,0.1422646482456602,0.004552665489894636,2.3901004941437463,2.2404535845679754,2.2305587902993462,0.14964690957576965,0.15954170384439892,S_k_p8
3.557946,3.0,45630.0,2198.0,2.376678261374756,0.0030814055622398863,5.937073545093532,5.959537447338705,1.985485347258822,4.1102470265324795,0.30417341121824193,1.99062097206104,3.2006121204199887,0.056651665887334786,0.0035346202948639115,0.1428692077638086,0.6043568813079707,0.44967978042086004,14.0,2.3146474598233038,0.029646667265316565,5.742148648660284,4.038216560509555,1.4898089171974522,0.33121019108280253,5.725077475403355,14.0,2.391680239109622,0.0004753189027946984,5.9784876194198615,4.076433121019108,1.9776160145586896,0.24920382165605096,5.9977398562396385,14.0,2.361808736914454,0.010599190031867753,5.888623057238332,4.095541401273885,2.4672429481346683,0.2974522292993631,5.901642744180861,1.0,2.376678261374756,0.0030814055622398863,5.937073545093532,4.1102470265324795,3.2006121204199887,0.30417341121824193,5.959537447338705,14.0,2.383961052234595,0.00015837994360294984,5.959665060671083,4.1923076923076925,4.870879120879121,0.2477564102564103,5.9992140783118755,14.0,2.37663402492381,0.00160940925782683,5.939170948422785,4.256410256410256,6.279166666666667,0.2657790927021696,5.98540683802328,14.0,2.3737462486491134,7.882146261659116e-05,5.934247389428859,4.393548387096774,9.483870967741936,0.24629032258064515,5.999606632811481,14.0,2.36790622808447,5.728877676594831e-05,5.919679637046026,4.512987012987013,12.136549165120593,0.24512987012987014,5.999713874201475,14.0,2.354925105999875,0.0001903741174504519,5.88702720382351,4.776315789473684,17.533505639097744,0.24822874493927122,5.998311730626736,14.0,2.343199848846537,3.0027882108510557e-05,5.857954580293177,5.04,22.493714285714287,0.24044871794871794,5.999849902225733,13.0,2.321404640361435,1.9984440183427296e-05,5.803481624243311,5.525316455696203,31.308137432188058,0.23559720869847453,5.999900090100897,13.0,2.303829438068672,1.4888744338713379e-05,5.759551262055171,6.0064935064935066,38.69771181199753,0.23198676323676326,5.999925994469043,12.0,2.2711349297159815,8.958537516628092e-06,5.677823886483677,6.8354430379746836,51.340276179516685,0.22592096721843555,5.999953332533296,1.7539172922220496,1.0451727598947969e-06,4.384791662795984,5.999991787917749,1.9999969142483298,20.0,0.14240218380345768,1.9999986562029717,0.0007479881412162186,4.374785754105201,4.3786452441488555,1.8453321578183755,0.039334795635437424,4.554328201092782,7.8,1.82664046876068,0.05172964186661614,4.489006709101777,7.6625,0.5313461035563807,0.550037792614076,0.01869168905769536,2.363423808737016,2.1802619364940776,2.1960876965784193,0.18316187224293876,0.16733611215859687,S_k_p8
3.557946,4.0,45647.0,2198.0,2.353906194844322,0.002893322516371379,5.880425503336249,5.958157374020847,1.9850880171681582,4.3481244281793225,0.2967837286227039,1.989902674623372,3.0928380821679085,0.09576035068793044,0.0039364741443,0.24187793051859352,1.024422116381849,0.41674290942360476,14.0,2.2986957812387074,0.024826203313045525,5.709500148127202,4.127388535031847,1.4656050955414013,0.32696390658174096,5.72778330671864,14.0,2.3751703234126733,0.0017824458854801403,5.935252139703462,4.222929936305732,1.9324840764331208,0.24920382165605096,5.991524460946253,14.0,2.3421501449047413,0.00876187109286953,5.84223255562255,4.273885350318471,2.3996815286624202,0.29299363057324834,5.902295213491258,1.0,2.353906194844322,0.002893322516371379,5.880425503336249,4.3481244281793225,3.0928380821679085,0.2967837286227039,5.958157374020847,14.0,2.3500123312139047,0.0005043315257107445,5.874274330746196,4.602564102564102,4.592643467643468,0.2432692307692308,5.997543345462232,14.0,2.3395119164840334,0.0013641900033003645,5.846733506205136,4.730769230769231,5.876857864357865,0.2588757396449704,5.985320632439395,14.0,2.3243789144227702,0.00019558546900155864,5.810653907853422,5.122580645161291,8.567034399292464,0.23870967741935484,5.999035526823989,14.0,2.308252609125242,0.00014495496599860162,5.770414090364107,5.467532467532467,10.618018777759037,0.23613886113886112,5.9992829531466825,14.0,2.278294097861248,0.00018144976031960573,5.6954630700126385,6.177631578947368,14.411412052859422,0.23464912280701752,5.998217590513533,14.0,2.2532251822704836,7.385857266280382e-05,5.632952167817214,6.833333333333333,17.61134487734488,0.22557692307692306,5.999637955327521,13.0,2.2105077373680233,4.635350153059521e-05,5.5261998131677625,7.968354430379747,23.390135075894566,0.21725900681596885,5.9997690228446565,13.0,2.1706073690976715,3.508602339513883e-05,5.426465793709085,9.155844155844155,27.64977043158861,0.2096028971028971,5.999823289226332,12.0,2.0990162059591975,2.4203140298662697e-05,5.247504210187545,11.322784810126583,34.22677036292077,0.19636481661798116,5.999876738952794,1.8329097262474858,3.5088233989455375e-06,4.582269052383616,5.999976782153021,1.999991091109874,28.0,0.15468607825295724,1.9999969391350456,0.02768837177405511,4.531093335011992,4.558781706694009,1.830683134848099,0.03497212156637101,4.52424965477069,7.2125,1.8520009041410272,0.03919368656157215,4.571211730510209,7.1125,0.5232230599962229,0.5019052907032946,-0.02131776929292828,2.3552590395598223,2.1633181398735335,2.165593600411487,0.1919408996862889,0.18966543914833603,S_k_p8
3.557946,5.0,45664.0,2198.0,2.379524949542844,0.004571906192921268,5.941954514567727,5.958116203078559,1.9845147656285465,4.089661482159195,0.30487719051305506,1.9921412962337401,3.208258179758637,0.04932831345589102,0.0026593069390654944,0.12384647831687046,0.5240886960653295,0.7566331198536139,14.0,2.3248598915864913,0.04525195870360942,5.7442717909108145,4.031847133757962,1.4917197452229298,0.33121019108280253,5.709198040474109,14.0,2.3942280098102584,0.0004753189027947097,5.984857046171454,4.050955414012739,1.983985441310282,0.25,5.9977398562396385,14.0,2.36710350387547,0.016347320742759366,5.893237778574535,4.076433121019108,2.4699727024567792,0.2980891719745223,5.896449137328156,1.0,2.379524949542844,0.004571906192921268,5.941954514567727,4.089661482159195,3.208258179758637,0.30487719051305506,5.958116203078559,14.0,2.386450669143453,0.00015837994360297833,5.965889102943228,4.166666666666667,4.884157509157509,0.2487179487179487,5.9992140783118755,14.0,2.3791409199090303,0.002423835625269847,5.9442165463346734,4.2243589743589745,6.299404761904762,0.266025641025641,5.984591670794911,14.0,2.3768679220007947,7.44424924712756e-05,5.942058141263279,4.329032258064516,9.552073732718894,0.24661290322580645,5.999628486543216,14.0,2.372082705486475,5.728877676602906e-05,5.930120830551038,4.415584415584416,12.259554730983302,0.24575424575424581,5.9997138742014755,14.0,2.361228915462658,0.00027695179383064054,5.902656860965898,4.605263157894737,18.00067925495557,0.24898785425101214,5.998253252962195,14.0,2.3527978085460224,2.424463844732235e-05,5.881958154407383,4.766666666666667,23.581137085137087,0.2412820512820513,5.999877030936935,13.0,2.3450888446940867,1.4073495443503905e-05,5.862701001492051,4.981012658227848,34.4670968272234,0.2394514767932489,5.999927389382149,13.0,2.339899069251874,9.420504469404445e-06,5.84973354237298,5.136363636363637,44.85369089784674,0.2388861138861139,5.999951601334354,12.0,2.3274658305583436,6.332160982017341e-06,5.818655078154386,5.424050632911392,64.93866513233601,0.2366926322622525,5.9999683406740845,2.0447801089483097,1.493110535655262e-06,5.11194803270497,5.9999895482475125,1.9999960183789922,15.0,0.18380345768880801,1.9999985068925947,0.0008561443530107597,5.09602040695764,5.0999260203799315,1.986400981420299,0.06034156018138278,4.875490113278673,6.1375,1.9863343934919064,0.06353742879866289,4.870529840531772,6.3125,0.3931239681225449,0.39319055605093745,6.658792839253636e-05,2.3880102495652213,2.214479219685474,2.1905750636642254,0.17353102987974692,0.19743518590099585,S_k_p8
3.56,0.0,45600.0,2198.0,2.3624268999363998,0.002403484228214271,5.9024620234986775,5.958635012773783,1.98541050951519,4.255718206770357,0.30065451474417626,1.9894046884577776,3.1295910846802886,0.07897535830365168,0.003915167515014186,0.19972462534073507,0.850179875057118,0.29231473010064046,14.0,2.304728455952061,0.019310951331408515,5.73285471288304,4.057324840764331,1.484076433121019,0.33121019108280253,5.733493722230446,14.0,2.386505685481731,0.0014259567083841403,5.964125278641751,4.114649681528663,1.9615407946618137,0.25,5.99321956875354,14.0,2.351454431659969,0.006946727990872284,5.868215987163614,4.171974522292993,2.433500151653018,0.2961783439490446,5.904722631320301,1.0,2.3624268999363998,0.002403484228214271,5.9024620234986775,4.255718206770357,3.1295910846802886,0.30065451474417626,5.958635012773783,14.0,2.3702428348181805,0.0004105457064583164,5.924991268485765,4.378205128205129,4.730972730972731,0.24743589743589745,5.997915802783914,14.0,2.3585213714646076,0.0011778260916286136,5.894536689524077,4.5256410256410255,6.032479557479557,0.2638067061143984,5.985010551709195,14.0,2.3529420839691326,0.0001999644391469086,5.882055263264111,4.806451612903226,8.920029790997532,0.24532258064516127,5.998978696156416,14.0,2.3457569120851742,0.00014842551334788117,5.8641696419429135,5.032467532467533,11.225275013586703,0.24413086913086918,5.999237861732596,14.0,2.334187515494716,0.00019048757648934105,5.8351830573720544,5.4868421052631575,15.933200899977216,0.24713225371120107,5.998039905878852,14.0,2.3252130081589915,8.277699479740737e-05,5.812908354905281,5.96,20.024852332852333,0.24134615384615388,5.999570302162245,13.0,2.3092156894543643,5.4337737407524574e-05,5.772957717029798,6.8734177215189876,26.981500356183897,0.23941090555014607,5.999705861425251,13.0,2.294383248810785,3.936698600203859e-05,5.735899071547958,7.779220779220779,32.214936001948985,0.23738761238761238,5.999778073077203,12.0,2.266667987513588,2.5376239715448215e-05,5.6666319044243965,9.594936708860759,38.825262464018984,0.23356864654333004,5.999845171594789,2.012824409369983,2.9862181047946024e-06,5.0320565440978005,5.999970137865441,1.999989050549112,24.0,0.1924476797088262,1.9999940275792851,0.0015207344887764995,5.0084782092152675,5.00953751431532,1.9795223456713713,0.03488464368953896,4.896478898644119,6.225,1.9669586906142864,0.030416698939117092,4.87177167812704,6.1875,0.38290455426502845,0.39546820932211335,0.0125636550570849,2.359366995646253,2.1901431579502986,2.1627550045877864,0.16922383769595348,0.19661199105846552,S_k_p8
3.56,1.0,45617.0,2198.0,2.3744225024815053,0.006251232824034503,5.926679406967713,5.955983260585848,1.983244009253938,4.155535224153706,0.3038215215708354,1.9936580607712022,3.173808434627282,0.0591597370307231,0.002117290313466143,0.14975134104546992,0.6356005955092986,1.0,14.0,2.3117497916637326,0.031013177517527392,5.732854712883041,4.057324840764331,1.484076433121019,0.33121019108280253,5.721517352553377,14.0,2.3875203586644322,0.00071297835419209,5.967731429129793,4.114649681528663,1.964573855019715,0.25,5.996609784368114,14.0,2.3576895158330964,0.010960806704616686,5.877782579525814,4.140127388535032,2.447148923263573,0.29745222929936305,5.901264248610416,1.0,2.3744225024815053,0.006251232824034503,5.926679406967713,4.155535224153706,3.173808434627282,0.3038215215708354,5.955983260585848,14.0,2.381163267391257,0.00019357548662581368,5.952617805248203,4.243589743589744,4.81929181929182,0.24935897435897436,5.999039429051695,14.0,2.3746148080803877,0.0016440519190608583,5.934070942322378,4.314102564102564,6.203968253968253,0.26725838264299806,5.985206187893493,14.0,2.375192432078151,7.882146261659116e-05,5.937862848001451,4.464516129032258,9.329646697388633,0.24903225806451615,5.999606632811481,14.0,2.3731377426550053,6.510088268865208e-05,5.93274670531348,4.584415584415584,11.907823129251701,0.2491258741258741,5.999674857049492,14.0,2.3693127813384245,0.00021069405205548523,5.922965912267977,4.848684210526316,17.121146616541356,0.25455465587044535,5.9982164575865005,14.0,2.367167851585702,3.1362454646668426e-05,5.917872585282285,5.093333333333334,21.945650793650795,0.2491025641025641,5.99984323121431,13.0,2.3637267453866526,2.1391795126081712e-05,5.909284775773943,5.544303797468355,30.4877034358047,0.24902629016553068,5.999893054193727,13.0,2.3607822089551833,1.6242279293918808e-05,5.901931158969016,5.9935064935064934,37.464440321583176,0.249000999000999,5.9999187942178915,12.0,2.356506897450399,1.1397626603207627e-05,5.891250147186091,6.7594936708860756,48.39855334538878,0.2489451476793249,5.999943013866281,2.358844677120239,3.8075072943399846e-06,5.897105981539655,5.999976483375666,1.9999908919561238,8.0,0.24931756141947226,1.9999972377541608,0.0,5.89376788523343,5.89376788523343,2.1737682371429194,0.10671297103535357,5.274351136304268,4.0375,2.2280532068930325,0.07947347394176867,5.450922806319928,4.1375,0.20065426533858588,0.14636929558847278,-0.0542849697501131,2.3723561073875086,2.218685286192608,2.226055735352906,0.15367082119490144,0.14630037203460336,S_k_p8
3.56,2.0,45634.0,2198.0,2.3866904189516114,0.007491825849753789,5.955488308604399,5.955552121225162,1.982686765125136,4.032479414455627,0.30663663875008795,1.995175122925678,3.2344105345706446,0.02954023053691004,0.0010768867427777182,0.07422885546412247,0.3119266645972365,0.9990850869167429,14.0,2.3457992245269117,0.07590456243658125,5.750641217662407,4.012738853503185,1.4961783439490446,0.3333333333333333,5.6788327240980925,14.0,2.396307950032853,0.00035648917709602804,5.9902351413164885,4.031847133757962,1.9894449499545042,0.25,5.998304892175401,14.0,2.3763470329060765,0.027073988019395853,5.900256600236097,4.050955414012739,2.4820291173794358,0.2987261146496815,5.88575880656739,1.0,2.3866904189516114,0.007491825849753789,5.955488308604399,4.032479414455627,3.2344105345706446,0.30663663875008795,5.955552121225162,14.0,2.3941375413289685,8.798885755721082e-05,5.985211870036085,4.07051282051282,4.948717948717949,0.24935897435897436,5.999563376832237,14.0,2.3904240553983276,0.004002223412798072,5.970056803376622,4.089743589743589,6.420833333333333,0.26799802761341224,5.983096906184599,14.0,2.391732310634274,3.0652791017564185e-05,5.979284797399159,4.122580645161291,9.841577060931899,0.2488709677419355,5.999847023860553,14.0,2.3903053601345086,2.169879450214734e-05,5.975730852144519,4.1558441558441555,12.745815295815296,0.24862637362637363,5.999884681550821,14.0,2.3867985094384787,0.0004481867545752878,5.966323993464333,4.217105263157895,18.97828947368421,0.2539642375168691,5.998100767439867,14.0,2.383683706981724,1.0009006048570987e-05,5.959194253945236,4.273333333333333,25.131407407407405,0.24711538461538463,5.999944630382178,13.0,2.376165675234739,6.098448114921492e-06,5.940405040414674,4.405063291139241,37.15970464135021,0.2454154495293736,5.999965758503535,13.0,2.368146825708315,4.6019382510412555e-06,5.92036016136341,4.545454545454546,48.73217893217893,0.2436625874125874,5.999973959971575,12.0,2.3507770975504765,2.6500160515482386e-06,5.8769387688521135,4.841772151898734,70.44370102471369,0.23995861733203505,5.999982435183523,2.059235975914322,5.225862560465089e-07,5.148089155906421,5.999995893951703,1.9999984571218157,13.0,0.1842584167424932,1.9999993280986004,0.0008868570975150713,5.1378206517666065,5.1395239743599515,2.0319794485960396,0.1015519281482252,4.92762072926776,6.075,2.0239142577749356,0.11608692454645642,4.885655257617654,6.0875,0.35471097035557175,0.36277616117667577,0.008065190821104018,2.378987151061537,2.243951616113844,2.220088063477191,0.13503553494769174,0.15889908758434496,S_k_p8
3.56,3.0,45651.0,2198.0,2.3720569030769663,0.006502576309566953,5.920388393228064,5.954802765693367,1.982766729794601,4.178408051235133,0.3034696319234288,1.993583003604775,3.161001285235045,0.06259174837657579,0.0032922041018483665,0.1591910340435788,0.6683338311038434,1.0,14.0,2.31032779450583,0.03254252762189164,5.727005694831738,4.057324840764331,1.4847133757961786,0.33014861995753714,5.715945042993324,14.0,2.386246473314114,0.00071297835419209,5.964546715753996,4.127388535031847,1.9632393084622382,0.2484076433121019,5.996609784368114,14.0,2.35688853607557,0.01121197101256405,5.875403383670076,4.146496815286624,2.44661813770094,0.2974522292993631,5.899842069799797,1.0,2.3720569030769663,0.006502576309566953,5.920388393228064,4.178408051235133,3.161001285235045,0.3034696319234288,5.954802765693367,14.0,2.3789895353130666,0.0004114408552283647,5.946856676999823,4.269230769230769,4.798229548229548,0.24935897435897436,5.9979754923598145,14.0,2.372767457601316,0.0017490553277226773,5.929295061011707,4.339743589743589,6.175396825396825,0.26701183431952663,5.984687741114497,14.0,2.373600575453249,0.00016718256528289519,5.933750664785198,4.483870967741935,9.289708141321045,0.24903225806451615,5.999167665825344,14.0,2.3716406985359546,0.00013061099549580048,5.928905829846642,4.6103896103896105,11.840692640692641,0.249000999000999,5.99934872214554,14.0,2.3679466222313503,0.00026012749518399794,5.9194763643356,4.855263157894737,17.097932330827067,0.2543016194331984,5.997970068321564,14.0,2.3670134374499914,6.882153044859507e-05,5.917430361329304,5.06,22.021587301587303,0.24884615384615386,5.999656221919753,13.0,2.36471594328873,4.027061804188608e-05,5.911729452294763,5.4113924050632916,31.124773960216995,0.24870172022070758,5.999798723828857,13.0,2.36253642799232,2.9732049660450562e-05,5.906296471906309,5.740259740259741,39.13184910327767,0.2486263736263736,5.999851372359101,12.0,2.3589120637184027,2.0053934932358863e-05,5.8972500783936095,6.3734177215189876,52.0141048824593,0.2484988640051931,5.999899740425566,2.3562256348714956,2.911583683484764e-06,5.890559719803213,5.999982754565986,1.9999932809941008,8.0,0.24795268425841674,1.9999981336164523,0.0,5.88713585134555,5.88713585134555,2.253437815984251,0.07367503734141598,5.523081983948503,4.0875,2.2327568666785647,0.08827638161963548,5.449477594266957,4.1125,0.11861908709271507,0.1393000363984016,0.020680949305686536,2.3699904038971913,2.2081654211061923,2.2307773469641976,0.16182498279099927,0.13921305693299335,S_k_p8
3.56,4.0,45668.0,2198.0,2.3625541202864997,0.001662269576664961,5.903891896351254,5.959628395203606,1.9859887085423145,4.249771271729186,0.3000914913083257,1.9887510089181344,3.136293829683583,0.08219569569428341,0.0031944784096515043,0.20815335767315424,0.88848094652116,0.23833485818847208,14.0,2.3055496922058683,0.011652864902217022,5.746394933161345,4.025477707006369,1.4936305732484076,0.33121019108280253,5.743121975535328,14.0,2.3910037903211543,0.0009506378055894138,5.9760835190945,4.076433121019108,1.9746436154079468,0.25,5.995479712496589,14.0,2.3536360209805474,0.004413145430484937,5.87747033430564,4.13375796178344,2.449878677585684,0.2961783439490446,5.906654804195571,1.0,2.3625541202864997,0.001662269576664961,5.903891896351254,4.249771271729186,3.136293829683583,0.3000914913083257,5.959628395203606,14.0,2.36889741165963,0.0003577523919239865,5.921706900561189,4.358974358974359,4.767302142302142,0.2455128205128205,5.998177776674184,14.0,2.3573644939311564,0.0008206990678472651,5.89218018622612,4.487179487179487,6.082479557479558,0.26232741617356997,5.985532836014992,14.0,2.35202740686566,0.000210373195680057,5.87975295737063,4.716129032258064,9.078443420378903,0.24338709677419357,5.998915572655954,14.0,2.3471336072185007,0.00014321744273283375,5.867619191882153,4.876623376623376,11.531972789115645,0.2432567432567433,5.999263873167252,14.0,2.337731908131152,0.0001420964494227806,5.844116625653744,5.243421052631579,16.43449248120301,0.2483130904183536,5.998116395070108,14.0,2.330499291158382,6.873828409771576e-05,5.826145120469808,5.626666666666667,20.820910052910055,0.24205128205128204,5.999645747878711,13.0,2.3157446411973805,4.663491082030002e-05,5.78929165062722,6.424050632911392,28.20611814345991,0.2402629016553067,5.999751854968966,13.0,2.3027717007406885,3.405721884113428e-05,5.756878166023459,7.162337662337662,34.48846348456738,0.23844905094905092,5.999809375838466,12.0,2.278708954362811,2.3500800080251486e-05,5.696737134706906,8.50632911392405,44.2720047512676,0.23452207075624798,5.9998599916041995,2.067593644267549,1.7170839816671446e-06,5.1689815350429,5.999962448295539,1.9999869104038526,20.0,0.20427661510464057,1.999989772214465,0.017653175928559056,5.130670551488539,5.1483237224862926,1.999540674491086,0.02044353374075265,4.968186385616585,6.05,2.0265959982180126,0.014853566031697785,5.0442096464974835,5.7,0.3630134457954137,0.3359581220684871,-0.02705532372692665,2.3409606867120902,2.170168682487369,2.1608365232481836,0.17079200422472146,0.1801241634639069,S_k_p8
3.56,5.0,45685.0,2198.0,2.3853929637511153,0.00792152267078035,5.95160012537162,5.955166224197564,1.9824149005089275,4.049405306495883,0.30600323738475615,1.9956167525497113,3.228038818455104,0.03846496616876473,0.0007032574543559168,0.096657693906551,0.40955213242744404,1.0,14.0,2.34779622635502,0.08064832698378223,5.7485180754118765,4.019108280254777,1.4949044585987261,0.3322717622080679,5.674209132040076,14.0,2.3958401195548107,0.00023765945139736334,5.989243809709931,4.038216560509555,1.9890809827115559,0.25,5.998869928111163,14.0,2.3780110066549898,0.028677473990657384,5.902011305651488,4.044585987261146,2.485213830755232,0.2987261146496816,5.88417055848988,1.0,2.3853929637511153,0.00792152267078035,5.95160012537162,4.049405306495883,3.228038818455104,0.30600323738475615,5.955166224197564,14.0,2.3922864436497697,8.798885755718803e-05,5.980584125838088,4.096153846153846,4.934065934065934,0.24935897435897436,5.999563376832236,14.0,2.387404437733198,0.004221157117786287,5.962179358656317,4.121794871794871,6.398809523809525,0.26701183431952663,5.982961123003829,14.0,2.3862214315836705,3.065279101756991e-05,5.965507599772649,4.174193548387096,9.778801843317973,0.24741935483870964,5.999847023860553,14.0,2.3830096076181673,2.343631776792098e-05,5.957488864568766,4.2272727272727275,12.626159554730984,0.24687812187812191,5.999882948526737,14.0,2.3760325251211794,0.0004684593532036681,5.939378623773141,4.328947368421052,18.684445488721803,0.25143387314439947,5.998108607548538,14.0,2.369458089094452,1.1343866574383318e-05,5.923628206936268,4.42,24.625714285714288,0.2440384615384615,5.999943296385615,13.0,2.359002239730958,7.036774712518817e-06,5.897495044165326,4.531645569620253,36.40822784810127,0.24062804284323275,5.999964820446846,13.0,2.3524576345632218,4.8726837881421914e-06,5.8811367773823715,4.597402597402597,48.116883116883116,0.2390734265734266,5.9999756382532485,12.0,2.355469395183325,2.814203798957385e-06,5.888669266652613,4.613924050632911,71.97721518987342,0.24150032456994475,5.9999859293973525,2.287705839900168,1.4184483001500325e-06,5.719262472077969,5.99999320636656,1.99999726263942,8.0,0.2383985441310282,1.9999996267189522,0.0,5.719262472077968,5.719262472077968,2.2038437519895657,0.12531978240010458,5.321629706373757,4.5625,2.1994997368347713,0.13119637533087686,5.301954779090613,4.4375,0.1815492117615496,0.18589322691634402,0.004344015154794434,2.390000812756081,2.249562507246745,2.2434788212300605,0.14043830550933542,0.14652199152602,S_k_p8
3.562057,0.0,45620.0,2198.0,2.376298278540784,0.006855191052023812,5.930462909773924,5.955578783295013,1.982907864080997,4.1376944190301925,0.30329368709972554,1.9943337058155313,3.1878899272426264,0.062484889648284386,0.0024579087457156307,0.1574567940846233,0.6639157109939678,0.9414455626715462,14.0,2.3393131401391734,0.06845952264113883,5.745593566386225,4.019108280254777,1.4949044585987261,0.33227176220806787,5.684118066573108,14.0,2.3922776756714725,0.0009506378055894081,5.979268232470297,4.063694267515924,1.978404610251744,0.25,5.995479712496589,14.0,2.36904132419541,0.02456017944733509,5.885763041317522,4.101910828025478,2.461025174400971,0.2980891719745223,5.886495981294689,1.0,2.376298278540784,0.006855191052023812,5.930462909773924,4.1376944190301925,3.1878899272426264,0.30329368709972554,5.955578783295013,14.0,2.3801107315640353,0.00024036495303912913,5.9499162814805295,4.2243589743589745,4.8519536019536025,0.2471153846153846,5.998853214913584,14.0,2.371258149920071,0.003605712942005609,5.92273680538717,4.32051282051282,6.222817460317461,0.2638067061143984,5.983327583181466,14.0,2.3614075185587597,0.00014467584726236764,5.903301782626005,4.503225806451613,9.34500768049155,0.2435483870967742,5.9993133343238245,14.0,2.3505514503036684,0.00010949689459202208,5.8762143804172835,4.64935064935065,11.931686062854894,0.24088411588411593,5.999474243483731,14.0,2.3273287278530366,0.0004275614724470116,5.81768047742392,4.967105263157895,17.266134085213036,0.24063765182186234,5.9980370753250085,14.0,2.307725120254838,4.7393497845273915e-05,5.769241710390326,5.26,22.281587301587304,0.23108974358974355,5.999768474243235,13.0,2.2742519508647177,2.9653610244409244e-05,5.685585396746426,5.791139240506329,31.320283303194696,0.22468354430379747,5.999851012629843,13.0,2.240502591744183,2.1225477494631753e-05,5.601224641144214,6.357142857142857,39.06404864976293,0.21853146853146851,5.9998917198763255,12.0,2.1704195514019933,1.7214826416142545e-05,5.426023056265358,7.594936708860759,49.9297879335854,0.20451963648166183,5.999911305189368,1.7678173216931958,2.9862121690982235e-06,4.419538824914736,5.999984471697701,1.9999938284951773,20.0,0.1278434940855323,1.9999988055128228,0.0013037010206352786,4.412981789621852,4.419538824914735,1.8686840737209152,0.09788087489152364,4.524888871965002,7.9125,1.882302085280709,0.10654171906265875,4.545942634607785,7.8375,0.5076142048198689,0.49399619326007493,-0.013618011559793919,2.380969720334795,2.2104555056183743,2.2255165547335882,0.17051421471642136,0.15545316560120767,S_k_p8
3.562057,1.0,45637.0,2198.0,2.380470488596616,0.006278717251996376,5.941758145613545,5.955824410285808,1.9831818976779376,4.089204025617566,0.30558096980786825,1.9936457570376322,3.2020705354419903,0.04068257163444735,0.0021178245484384504,0.10340124529389891,0.4391651894088965,1.0,14.0,2.3166199138629735,0.03010323433072665,5.746394933161345,4.025477707006369,1.4929936305732485,0.33227176220806787,5.724493225068185,14.0,2.393889785416025,0.0007129783541920504,5.983654996008774,4.050955414012739,1.9826508947528056,0.25,5.996609784368114,14.0,2.3640127056973848,0.011291770696135617,5.893094108199258,4.070063694267516,2.4698210494388837,0.2987261146496815,5.899771100928593,1.0,2.380470488596616,0.006278717251996376,5.941758145613545,4.089204025617566,3.2020705354419903,0.30558096980786825,5.955824410285808,14.0,2.390913760211939,0.00019357548662585355,5.976994037299909,4.121794871794871,4.899725274725275,0.2496794871794872,5.999039429051695,14.0,2.3848764483273177,0.0017589533677509043,5.9595526907666665,4.173076923076923,6.312896825396826,0.2682445759368836,5.984843674768023,14.0,2.3872704261720004,0.00010509528348879966,5.968018422504768,4.264516129032258,9.568663594470046,0.24967741935483873,5.99947551042108,14.0,2.3858651956400925,7.812105922640326e-05,5.96454580751139,4.35064935064935,12.267192331478045,0.24962537462537462,5.9996098284628525,14.0,2.3838142424255677,0.0002212514110358236,5.959203728947365,4.519736842105263,17.891494360902254,0.25539811066126855,5.998187176587083,14.0,2.383118885551431,3.5366172261047284e-05,5.957744164620185,4.693333333333333,23.14,0.24955128205128205,5.999823218180049,13.0,2.3806962019053377,2.308062105698032e-05,5.9517058838317585,5.075949367088608,32.41537070524412,0.24951314508276531,5.999884611105125,13.0,2.3791403413243444,1.6567124879708827e-05,5.947826002623539,5.422077922077922,40.477674706246134,0.2495004995004995,5.999917170102596,12.0,2.3786576125320638,1.0271894474747246e-05,5.946628623488448,5.867088607594937,55.535623869801086,0.24947257383966243,5.999948642223315,2.3796977723348167,2.239686679672559e-06,5.949241071307021,5.999985218185826,1.9999943261663822,8.0,0.24977252047315743,1.9999980589614028,0.0,5.9422684015518294,5.9422684015518294,2.2260284238158627,0.10247750565979334,5.411354801049967,3.925,2.2167516793000526,0.09289905978435112,5.4025306085736045,3.975,0.15444206478075317,0.16371880929656335,0.009276744515810176,2.3807297055621057,2.231216793700309,2.2079652820584217,0.14951291186179722,0.17276442350368393,S_k_p8
3.562057,2.0,45654.0,2198.0,2.365067414970739,0.0027257458628569156,5.908579918632563,5.9589962852416765,1.9854235131262732,4.228728270814273,0.30030262509676964,1.9899599057635011,3.145864919618351,0.07855157587663111,0.003880967090454586,0.19871787952892367,0.8370524748490373,0.35681610247026535,14.0,2.3062905723034035,0.025279579434434693,5.727807061606859,4.063694267515924,1.4828025477707008,0.33014861995753714,5.725391684539002,14.0,2.3823458050365414,0.0016636161597814699,5.953369088351681,4.1528662420382165,1.9523202911737945,0.25,5.9920894968820155,14.0,2.34979099893923,0.0089493348142004,5.861053495126776,4.203821656050955,2.427130724901426,0.2955414012738853,5.902120619430444,1.0,2.365067414970739,0.0027257458628569156,5.908579918632563,4.228728270814273,3.145864919618351,0.30030262509676964,5.9589962852416765,14.0,2.366160678084653,0.000457542059297429,5.914715382122687,4.403846153846154,4.7199328449328455,0.24583333333333335,5.997729559600343,14.0,2.354501855228474,0.0013607927494783806,5.88421344894697,4.5256410256410255,6.05225468975469,0.2613412228796844,5.985324327980118,14.0,2.3430131382005555,0.0001970408603042697,5.857237284210932,4.8,8.975841362938137,0.24129032258064514,5.99901658387486,14.0,2.3305598866622375,0.0001432174427328049,5.8261848904914935,5.01948051948052,11.328035456606887,0.23863636363636365,5.999284686170766,14.0,2.3077406295754046,0.00018300189423407117,5.7690770710971595,5.447368421052632,16.074282296650715,0.23827597840755735,5.998206664886751,14.0,2.287550563870958,6.361366436005155e-05,5.718780989180852,5.86,20.43469937469937,0.22948717948717948,5.999664225055464,13.0,2.247723241626944,3.83734822342639e-05,5.619250543844007,6.746835443037975,27.76314592580415,0.22147841609866928,5.9997916430356355,13.0,2.2094744240695685,2.6799485504091627e-05,5.523645860945663,7.64935064935065,33.80874796199472,0.21466033966033965,5.999849119541534,12.0,2.135778984726447,1.714307599268899e-05,5.339421747202128,9.379746835443038,42.8840321629227,0.20269393054203177,5.99990209211524,1.7619815100836351,2.0157129858588974e-06,4.404950751639609,5.999980066982326,1.9999926837564468,25.0,0.16924476797088261,1.9999960432705297,0.0029159299822663102,4.399285342331648,4.403541871950556,1.8591922687636981,0.04427406541678991,4.5815695737840585,7.4625,1.857304546107661,0.04247698703643684,4.579545884714497,7.175,0.5058751462070408,0.507762868863078,0.0018877226560372051,2.375938427339647,2.1637648205548494,2.1308752731010325,0.2121736067847975,0.24506315423861416,S_k_p8
3.562057,3.0,45671.0,2198.0,2.3640285460402284,0.001007534770091143,5.908560062945435,5.960647666069787,1.9865467104332324,4.229185727355901,0.30047856992047295,1.9882182913187811,3.144229512482028,0.07746452945525718,0.0028043657384694705,0.19613657941498136,0.8273067091109156,0.1312900274473925,14.0,2.291231274138462,0.007257889994634339,5.717191350354204,4.095541401273885,1.47515923566879,0.32696390658174096,5.743445178031487,14.0,2.3801362587301385,0.0014259567083840952,5.94820171176277,4.178343949044586,1.9475887170154689,0.2484076433121019,5.99321956875354,14.0,2.345235623280365,0.002318682179568671,5.859611034931559,4.210191082802548,2.4260691537761603,0.29426751592356687,5.909345988548912,1.0,2.3640285460402284,0.001007534770091143,5.908560062945435,4.229185727355901,3.144229512482028,0.30047856992047295,5.960647666069787,14.0,2.3691719835829166,0.00043994428778592877,5.9222700425256125,4.384615384615385,4.729242979242979,0.2474358974358974,5.997816884230433,14.0,2.3583093813201716,0.0004432797750609073,5.89510853363784,4.467948717948718,6.09047619047619,0.26232741617356997,5.986241901479846,14.0,2.3519409313123782,0.00015764292523312503,5.879615863893094,4.696774193548387,9.062672811059908,0.24274193548387096,5.999213265640275,14.0,2.343493170338991,0.00012151864823057684,5.858550647875131,4.896103896103896,11.46056670602125,0.2417582417582418,5.999400004602633,14.0,2.328967921300431,9.175241368831217e-05,5.822282174630544,5.296052631578948,16.296224937343357,0.24468623481781376,5.998251070259324,14.0,2.318360290295667,6.294637809094302e-05,5.795806306172031,5.68,20.740021164021165,0.23820512820512818,5.9996942458410345,13.0,2.302053530638469,4.0627790107379495e-05,5.75507288491101,6.322784810126582,28.827245328511154,0.23632749107432652,5.999802895029319,13.0,2.294421798396212,3.0158222653922902e-05,5.736009258656549,6.863636363636363,35.94086692528251,0.23582667332667334,5.999852255209416,12.0,2.286743747940893,2.0028763679962792e-05,5.716829326706711,7.810126582278481,47.44626006904488,0.23659120415449528,5.999898360873071,2.1575345195430997,7.3909857567500126e-06,5.393825212379114,5.999960357783587,1.9999843222659435,20.0,0.22656960873521384,1.9999966405135816,0.01469962468151176,5.364200169633913,5.378899794199596,2.1111755829393943,0.009850085281329857,5.263163829426491,5.0125,2.101819843920583,0.010135581073311783,5.239346238191489,4.95,0.25285296310083405,0.2622087021196453,0.00935573901881126,2.3627311177031896,2.1704289824675818,2.130860280658228,0.19230213523560805,0.23187083704496084,S_k_p8
3.562057,4.0,45688.0,2198.0,2.3644383378868845,0.003247112068747345,5.906225176614091,5.957439844854125,1.9847309109284594,4.237877401646844,0.30090083749736085,1.9901296446352303,3.1408434924331536,0.07997447021954432,0.004478007083813031,0.2031612047897953,0.8625330658216533,0.40347666971637697,14.0,2.3083194322790477,0.0261770955266605,5.731532937407629,4.070063694267516,1.4815286624203823,0.32908704883227174,5.7286334211186105,14.0,2.3858687428065717,0.0014259567083841065,5.962532921953852,4.1210191082802545,1.9628753412192903,0.25,5.99321956875354,14.0,2.35255781991783,0.009955512030900225,5.866461281748223,4.178343949044586,2.435092508340916,0.2949044585987261,5.901710005044934,1.0,2.3644383378868845,0.003247112068747345,5.906225176614091,4.237877401646844,3.1408434924331536,0.30090083749736085,5.957439844854125,14.0,2.368981322547937,0.00048072990607825826,5.921732211510725,4.391025641025641,4.73977873977874,0.2471153846153846,5.997566533309012,14.0,2.356686225042472,0.0016148360262540188,5.889293308566801,4.532051282051282,6.058736171236172,0.26257396449704135,5.984904704581545,14.0,2.347830722043889,0.0002524590757547704,5.869198116496092,4.806451612903226,8.984248010054461,0.24322580645161287,5.998716456836176,14.0,2.3394117131907257,0.0001822548353262202,5.848255900723824,5.0064935064935066,11.343749180112814,0.2421328671328672,5.999068789971771,14.0,2.323174096058864,0.00022984977692677271,5.807590465481769,5.4144736842105265,16.00141831852358,0.24375843454790824,5.998047378979771,14.0,2.3080672673150375,8.18509573452649e-05,5.770045391851574,5.82,20.10211447811448,0.2359615384615385,5.999576612822648,13.0,2.275655550872971,5.094543148597268e-05,5.689062459035197,6.632911392405063,26.944920269603813,0.22918695228821814,5.99973629410487,13.0,2.2461432498097436,3.708610637268558e-05,5.6153024953648,7.376623376623376,32.730297408219485,0.22230894105894103,5.999808949877523,12.0,2.193299978979109,2.631284560390637e-05,5.483210478179367,8.987341772151899,40.10352896049099,0.2108487504057124,5.9998661878809045,1.8176976602404036,1.7170758219720028e-06,4.544241574987276,5.999987532558123,1.9999952718274336,23.0,0.16333030027297543,1.999998133617194,0.004204901421841058,4.528164020074839,4.532085714086821,1.8662445374345586,0.05238421768853326,4.587035017053597,7.1625,1.880895736127993,0.04569044082196268,4.63370367908704,7.25,0.49819380045232586,0.4835426017588915,-0.014651198693434342,2.367189701392981,2.1918658760098224,2.206736270518023,0.17532382538315897,0.16045343087495803,S_k_p8
3.562057,5.0,45705.0,2198.0,2.3666608797789457,0.0052726282082085725,5.908743257135051,5.956401228466764,1.9837095334195192,4.229185727355901,0.3006897037089169,1.9924992299419795,3.1479770255159094,0.08051610886683223,0.002829554980822467,0.20271587911659594,0.8587789877313279,0.8339432753888381,14.0,2.3266534528868963,0.04965665570463831,5.742148648660284,4.038216560509555,1.489171974522293,0.33227176220806787,5.7047557895702115,14.0,2.392148069587664,0.000594148628493397,5.979478951026419,4.070063694267516,1.9771913861085835,0.25,5.997174820303876,14.0,2.364851811095431,0.017802424073901278,5.885425891627725,4.10828025477707,2.4588262056414925,0.2974522292993631,5.894990048701725,1.0,2.3666608797789457,0.0052726282082085725,5.908743257135051,4.229185727355901,3.1479770255159094,0.3006897037089169,5.956401228466764,14.0,2.3716713565641387,0.00036354935361919237,5.928633067379917,4.326923076923077,4.783628408628409,0.2458333333333333,5.998241942502953,14.0,2.362686560049516,0.002736626088073907,5.9026114609916815,4.423076923076923,6.156944444444444,0.26257396449704146,5.983947490647058,14.0,2.3555081910644797,0.00014887218870519687,5.888547169378141,4.645161290322581,9.246594982078852,0.24258064516129033,5.99925697492393,14.0,2.3481174105983222,0.00011022699659434066,5.870128186000914,4.837662337662338,11.790780251494537,0.24213286713286714,5.999421675440377,14.0,2.334092347190522,0.00033903198022284576,5.83472232000597,5.25,16.977584586466165,0.2462887989203779,5.998022513879207,14.0,2.3238460556909697,5.0502777153980104e-05,5.809539385061694,5.586666666666667,21.8655873015873,0.23871794871794877,5.999701318105575,13.0,2.304956842827578,3.490905198426709e-05,5.762339743490967,6.272151898734177,30.538637733574443,0.23551606621226878,5.999784958892805,13.0,2.2920075513940126,2.6207756886298538e-05,5.7299795668497016,6.779220779220779,38.693692022263455,0.23314185814185814,5.999833461261376,12.0,2.283436509931692,1.5526152381933257e-05,5.7085679856006575,7.3924050632911396,52.6749547920434,0.23129665692956833,5.999896670835484,2.0561621366943323,2.3143358118815627e-06,5.140401870232113,5.999970809714341,1.9999894984595097,24.0,0.19654231119199272,1.9999933556829146,0.0012845067129958214,5.110329192093906,5.113099288308229,1.9907805583322848,0.06124209407370975,4.885088254720147,6.125,2.0334993260664094,0.07736633468447127,4.9676988131393145,5.7375,0.37588032144666084,0.3331615537125363,-0.04271876773412453,2.351009499662794,2.1881769941996043,2.1854542830243187,0.16283250546318936,0.16555521663847525,S_k_p8
3.5625,0.0,45625.0,2198.0,2.364564277683722,0.0038647940683173903,5.905613503106829,5.957710826270086,1.9846153440672563,4.2429094236047575,0.3003378140615103,1.9910516280579555,3.139870786680027,0.08072774632843607,0.003919244268656405,0.20363183289212436,0.8656331330197823,0.5370539798719122,14.0,2.313479527094572,0.03477725355253346,5.731532937407629,4.070063694267516,1.481528662420382,0.3290870488322717,5.719929989859846,14.0,2.382554423346967,0.0010694675312881068,5.9547818570704845,4.159235668789809,1.9526842584167423,0.2484076433121019,5.9949146765608265,14.0,2.3506184243052206,0.012667984311370712,5.857544084295994,4.2165605095541405,2.4228086138914167,0.2949044585987261,5.898391889480483,1.0,2.364564277683722,0.0038647940683173903,5.905613503106829,4.2429094236047575,3.139870786680027,0.3003378140615103,5.957710826270086,14.0,2.3670040478307137,0.0003929479349468674,5.916920697674365,4.416666666666667,4.733419358419358,0.2461538461538462,5.9980031274140035,14.0,2.35259676309012,0.0019427148954231693,5.878577835382166,4.596153846153846,6.01031746031746,0.26134122287968437,5.984742172779606,14.0,2.34006301118993,0.00019702806406704718,5.849861985878725,4.929032258064516,8.874347158218127,0.24145161290322584,5.999016585695048,14.0,2.3266841469139634,0.00015102055029110587,5.816483836459472,5.220779220779221,11.120480313337456,0.2388861138861139,5.999245670301,14.0,2.2995985113399033,0.0002454158211203767,5.7486281546180775,5.769736842105263,15.662756322624743,0.2380229419703104,5.99816299638169,14.0,2.275419052099367,7.630798822576187e-05,5.688433168266078,6.253333333333333,19.779934583934587,0.22814102564102565,5.999616819766,13.0,2.234657974465877,5.2456381797877724e-05,5.586566251591996,7.075949367088608,26.883834730670173,0.2185572865952613,5.999739272690191,13.0,2.2009145163028867,4.0884564222091896e-05,5.502224963910883,7.805194805194805,33.098393958134224,0.21122627372627376,5.999794745532047,12.0,2.1359935972556037,2.8264234705099305e-05,5.33994159678695,9.379746835443038,41.52206244983609,0.19849480688088283,5.999853254573799,1.6304603350800468,2.9115800987966622e-06,4.076146470329968,5.999973795933309,1.9999902947844035,29.0,0.12374886260236578,1.9999951474093511,0.002345598553576728,4.061098426775043,4.063445154625619,1.7574136821235686,0.05926866128762465,4.304631213377485,8.5125,1.758774678410574,0.06308400527622586,4.302310688112096,8.45,0.6071505955601533,0.6057895992731479,-0.0013609962870053671,2.376815107602729,2.196465989107394,2.2015047764096782,0.18034911849533458,0.1753103311930513,S_k_p8
3.5625,1.0,45642.0,2198.0,2.3718020044465162,0.0060753678692343025,5.92039195931244,5.955856081819316,1.9832602379833604,4.178865507776761,0.3022732071222464,1.9933805404952392,3.1686261055199756,0.07022117331523138,0.003600548698918493,0.17698910831720227,0.7424716969044386,0.783623055809698,14.0,2.3304923794003796,0.05941996741123218,5.737100997384101,4.044585987261146,1.4878980891719746,0.33121019108280253,5.693292815853346,14.0,2.390535959843112,0.000831808079890749,5.975092187487943,4.082802547770701,1.9734303912647861,0.25,5.996044748432351,14.0,2.3638309792750176,0.02098841562770415,5.878094824745989,4.13375796178344,2.4478313618441008,0.2968152866242038,5.891258570782363,1.0,2.3718020044465162,0.0060753678692343025,5.92039195931244,4.178865507776761,3.1686261055199756,0.3022732071222464,5.955856081819316,14.0,2.3753320515255214,0.0002991621156944735,5.937881385640262,4.294871794871795,4.807289932289932,0.2467948717948718,5.998515481271154,14.0,2.3666628109046783,0.0031681990923140735,5.911904728623226,4.391025641025641,6.164754689754689,0.26380670611439844,5.98359974886592,14.0,2.359545787092221,0.0001503403762451591,5.898638957166184,4.6,9.23206256109482,0.2446774193548387,5.999238030154614,14.0,2.3515848015922094,0.00011370654230804032,5.878791444167059,4.7727272727272725,11.72908866025749,0.2435064935064935,5.999418208751101,14.0,2.3339242378825102,0.0003889664778887572,5.83422714498944,5.1644736842105265,16.688849965823646,0.24519230769230768,5.998000708537645,14.0,2.3173168808273568,5.671904488408449e-05,5.793207123501065,5.546666666666667,21.09496681096681,0.23692307692307688,5.999711144982467,13.0,2.285296197754255,3.6028124583422525e-05,5.7131864521987605,6.253164556962025,28.703435804701627,0.22995780590717302,5.999813126172615,13.0,2.2563231908329935,2.587979503208195e-05,5.6407691573899355,6.935064935064935,34.74706246134818,0.2229333166833167,5.999862381938487,12.0,2.201888198606026,1.9231194508474027e-05,5.504691649723301,8.234177215189874,45.048117705079726,0.2125324569944823,5.999898033030134,1.8093254304496786,2.23966084256233e-06,4.523310216632932,5.99998342652491,1.9999937289546892,20.0,0.14240218380345768,1.9999974617208234,0.0006072333105298638,4.506320543417572,4.507648590270167,1.8519579444952776,0.09800957307828038,4.482880501620773,7.7375,1.8798593516463378,0.09703058104771291,4.5541025075442745,7.5625,0.5198440599512386,0.49194265280017846,-0.027901407151060154,2.364652569745169,2.212735490742192,2.2095515407481567,0.1519170790029763,0.15510102899701117,S_k_p8
3.5625,2.0,45659.0,2198.0,2.377311790944935,0.006245187108835027,5.933911696699085,5.9559972144275495,1.9832506757729056,4.123513266239708,0.30438454500668594,1.993657843277082,3.19213773798632,0.05650338089236966,0.0019842495357548793,0.14324068634577167,0.603683197227231,1.0,14.0,2.3120339464022672,0.03202101326516567,5.732053346107921,4.050955414012739,1.4859872611464968,0.33121019108280253,5.718528731287771,14.0,2.389132468408985,0.0004753189027947267,5.972118192668269,4.101910828025478,1.9704579921140428,0.24920382165605096,5.9977398562396385,14.0,2.3607886617212066,0.011126288700376581,5.885282221252449,4.10828025477707,2.4598877767667577,0.2987261146496815,5.900517674769505,1.0,2.377311790944935,0.006245187108835027,5.933911696699085,4.123513266239708,3.19213773798632,0.30438454500668594,5.9559972144275495,14.0,2.3831739948778705,0.00019357548662586493,5.957644623964737,4.217948717948718,4.846001221001221,0.24903846153846154,5.999039429051695,14.0,2.379061317279777,0.0017063828050909047,5.945093718991807,4.243589743589744,6.278968253968253,0.26701183431952663,5.985061369443853,14.0,2.3803957926959725,8.32004327619984e-05,5.950864681090788,4.361290322580645,9.497388632872504,0.24903225806451615,5.999584779079748,14.0,2.378314642244654,6.770491799621617e-05,5.94568504823464,4.467532467532467,12.15182436611008,0.249000999000999,5.9996618513321645,14.0,2.3750370515176673,0.00021655645469069378,5.937267794112133,4.684210526315789,17.653853383458646,0.2541329284750337,5.998201232176046,14.0,2.37340979753309,3.536617226126045e-05,5.933471444574332,4.8933333333333335,22.792507936507935,0.24884615384615386,5.999823218180049,13.0,2.3735128749058094,2.195473710313786e-05,5.93374925515887,5.151898734177215,32.73978300180832,0.24894514767932485,5.999890239830861,13.0,2.372384181372587,1.5917433708226834e-05,5.930936577280906,5.467532467532467,41.33308596165739,0.24893856143856144,5.999920418333188,12.0,2.37039625052711,1.1116307440323033e-05,5.925973951856613,6.082278481012659,55.387522603978304,0.24888429081467056,5.999944420679014,2.3662817713153723,4.479355836473076e-06,5.915697709254675,5.999977603344439,1.999991041329534,8.0,0.2484076433121019,1.999998506892595,0.0,5.911282535817688,5.911282535817688,2.2040422876656387,0.09587740764885291,5.366289607690817,3.975,2.2166697415607395,0.0971372415047412,5.3959684916447355,3.9625,0.17326950327929636,0.16064204938419557,-0.012627453895100782,2.381248097288447,2.218943131331267,2.217140202738834,0.1623049659571803,0.16410789454961416,S_k_p8
3.5625,3.0,45676.0,2198.0,2.11752796333872,0.014281261821261894,5.272398015614908,5.9262179547538665,1.9706455643108678,7.042086001829826,0.22542050812865086,1.994366936770604,2.103023619412,0.20673836702117648,0.008675088465933576,0.5234659626306303,2.4258564562080136,1.0,14.0,2.2299698098098073,0.06069291406882679,5.483885153421277,4.751592356687898,1.302547770700637,0.28662420382165604,5.679898035736036,14.0,2.2386985266696566,0.014514324044678152,5.574974830607124,5.401273885350318,1.5930239611768273,0.2300955414012739,5.930097466932983,14.0,2.1790609125902085,0.021937959608946418,5.414745342062101,6.019108280254777,1.8428116469517741,0.24522292993630573,5.882677970177541,1.0,2.11752796333872,0.014281261821261894,5.272398015614908,7.042086001829826,2.103023619412,0.22542050812865086,5.9262179547538665,14.0,2.0091127580463377,0.005361335434785623,5.014739891963666,9.147435897435898,2.595819527380613,0.18397435897435896,5.972966584854268,14.0,1.93415099641374,0.004472698574634535,4.828668443172398,10.679487179487179,2.9145829796565095,0.17209072978303747,5.976738262061302,14.0,1.805896000955428,0.0022738342483874232,4.5113292510159875,13.845161290322581,3.379868470524531,0.1464516129032258,5.988451691952878,14.0,1.7315228057676477,0.00172412060892392,4.326220833505734,15.980519480519481,3.6770560209340926,0.13474025974025977,5.9912061286142135,14.0,1.627717078885358,0.0010002418863188003,4.067792334383917,19.467105263157894,4.285859632762227,0.11766194331983805,5.994933246774969,14.0,1.563891924177773,0.0007601515543384056,3.9085895831129247,21.946666666666665,4.872419457136456,0.10769230769230768,5.9961057310437855,13.0,1.4913130252625202,0.0004898413354536044,3.727547801153119,25.360759493670887,6.2718360862532965,0.09773612463485883,5.997531581457125,13.0,1.4459152010230645,0.0003503353041669113,3.6142624996014105,27.77922077922078,7.578738098178094,0.09181443556443557,5.9982363164955865,12.0,1.4020224734757585,0.00022861088655254063,3.5047132673595676,30.227848101265824,10.364990229806832,0.08668046088932166,5.998832985361203,1.3371692270612388,1.4931320961864003e-05,3.342900670671654,5.999936691768918,1.9999739201493185,32.0,0.07734303912647862,1.9999988055128228,0.0007045773907974587,3.3421960933069386,3.3429006706716544,1.7312889705458374,0.13681356555300486,4.123002078035087,10.05,1.7176672470057466,0.1349035839653861,4.0918127415662875,10.125,0.38623899279288243,0.39986071633297326,0.013621723540090835,2.1134089317588245,2.071226233479072,2.0498611482440565,0.042182698279752,0.0635477835147679,S_k_p8
3.5625,4.0,45693.0,2198.0,2.3779173218376055,0.006163349601254714,5.935548280192133,5.956431447054088,1.983422699150945,4.118023787740165,0.30441973397142663,1.9936968944734534,3.1959607676556443,0.05624080352145255,0.0015612900552782049,0.1418108761377643,0.609301890345582,1.0,14.0,2.3143889760641754,0.031165533683870133,5.739224139634634,4.038216560509555,1.4898089171974522,0.33121019108280253,5.721372623932362,14.0,2.392486293981898,0.0003564891770960167,5.9806810011891,4.070063694267516,1.9796784956020623,0.24920382165605096,5.998304892175401,14.0,2.36326627659756,0.011009362326569821,5.891651648004041,4.082802547770701,2.4682286927509858,0.2987261146496816,5.901216291032244,1.0,2.3779173218376055,0.006163349601254714,5.935548280192133,4.118023787740165,3.1959607676556443,0.30441973397142663,5.956431447054088,14.0,2.384892622095246,7.039108604575042e-05,5.9621259686090475,4.1923076923076925,4.8730158730158735,0.2477564102564103,5.999650701462326,14.0,2.379437405030391,0.0016332500959802458,5.946143637432006,4.2243589743589745,6.303174603174603,0.2665187376725838,5.985382667717153,14.0,2.3800145462325175,5.254764174437118e-05,5.949957544118676,4.335483870967742,9.553302611367128,0.24758064516129033,5.999737755201883,14.0,2.3780730861685555,3.12484236905094e-05,5.945135842785854,4.422077922077922,12.277241805813233,0.24737762237762237,5.9998439313747545,14.0,2.374174512013617,0.00019506393303586318,5.935143684134489,4.625,17.939755639097744,0.25362685560053977,5.998307045695381,14.0,2.371677214405472,1.4680297919730615e-05,5.9291710155668005,4.846666666666667,23.19860317460318,0.2471794871794872,5.999926618857064,13.0,2.3679640408826996,1.0695897563026804e-05,5.919894058360403,5.2594936708860756,33.011301989150084,0.2471194417396949,5.999946527088208,13.0,2.364769499243477,8.012851944581502e-06,5.911911728830775,5.707792207792208,41.55658627087199,0.2470342157842158,5.99995950537047,12.0,2.3598247822001692,6.050585403259683e-06,5.899552879622318,6.677215189873418,54.58439914515864,0.24687601428107755,5.999969748101798,2.3607718903003656,4.4793119080566157e-07,5.901929053854128,5.999995968606752,1.9999985068918538,12.0,0.24749772520473157,1.999999253443551,2.421473704779035e-05,5.890142725932758,5.890357218502169,2.191105050469382,0.11306988879199083,5.308157792985467,3.9625,2.2384214728530183,0.07920668985830256,5.477243647345091,4.125,0.18681227136822365,0.13949584898458722,-0.047316422383636425,2.3889043174917677,2.195945549215127,2.2342572389304056,0.192958768276641,0.15464707856136248,S_k_p8
3.5625,5.0,45710.0,2198.0,2.3681724670590483,0.006367589871708155,5.910879782840058,5.955447646210746,1.9830266854463463,4.2209515096065875,0.30118234921528614,1.9936253172988754,3.1479888249901973,0.0757783432201344,0.0025835912655360078,0.19138848570181213,0.8111416566905393,1.0,14.0,2.311640901110722,0.030297448745763594,5.733656079658162,4.063694267515924,1.4834394904458599,0.3290870488322717,5.724297132958005,14.0,2.3879881891424746,0.0008318080798907378,5.968722760736351,4.10828025477707,1.967728237791932,0.2484076433121019,5.996044748432351,14.0,2.3591925693628655,0.011126288700376581,5.881291990356596,4.1210191082802545,2.4543524416135885,0.2968152866242038,5.900517674769505,1.0,2.3681724670590483,0.006367589871708155,5.910879782840058,4.2209515096065875,3.1479888249901973,0.30118234921528614,5.955447646210746,14.0,2.374156715903605,0.0002991621156944564,5.93494304658547,4.314102564102564,4.779914529914531,0.24647435897435896,5.998515481271155,14.0,2.3666706122685834,0.00165445764639688,5.914194844201865,4.391025641025641,6.141666666666667,0.26331360946745563,5.9852789722357596,14.0,2.3641173500136206,0.0001182321939248724,5.9101160267431645,4.587096774193548,9.187096774193549,0.2456451612903226,5.999409949225879,14.0,2.361059927306521,9.634930637922492e-05,5.902505294306733,4.733766233766234,11.688744588744589,0.24575424575424581,5.999518788441558,14.0,2.3543856552672935,0.00022359260219442936,5.885628749264942,5.072368421052632,16.651973684210525,0.2506747638326586,5.998175463336179,14.0,2.350214455314266,4.3373607490172125e-05,5.875471077874431,5.3933333333333335,21.107873015873018,0.24538461538461537,5.99978319211153,13.0,2.3443508415495176,2.842938050603807e-05,5.860834459803035,6.044303797468355,28.369620253164555,0.24529373580006486,5.999857872689533,13.0,2.3431931594479485,2.0303112104072792e-05,5.857952443951714,6.538961038961039,34.40296846011132,0.2455044955044955,5.999898492138086,12.0,2.3419819886200313,1.4352844243455209e-05,5.854933442283712,7.1455696202531644,45.51175406871609,0.24561830574488805,5.999928239014277,2.3336912277334894,9.182790201123225e-06,5.8342142951484215,5.999953190730974,1.9999813359802576,8.0,0.2456778889899909,1.9999966405135816,0.0,5.834214295148421,5.834214295148421,2.2090962300173986,0.09548950629027439,5.379506315608086,4.2125,2.2097293432830325,0.0913838755066522,5.387247544947601,4.1875,0.15907623704164964,0.15844312377601577,-0.0006331132656338667,2.371935289165601,2.198752658256025,2.2213013084157307,0.17318263090957556,0.15063398074987028,S_k_p8
3.564407,0.0,45644.0,2198.0,2.3659340068152175,0.00513309579407222,5.907135373346937,5.955861825747228,1.9835762433177189,4.232387923147301,0.3006897037089169,1.9921252149686033,3.139594678981687,0.0762966433989433,0.0038235519261936566,0.19312377736708286,0.8099187649281787,0.7387923147301007,14.0,2.3221881962963455,0.046995090404862265,5.734977855133572,4.050955414012739,1.4859872611464968,0.33121019108280253,5.705494130372884,14.0,2.38789932609851,0.0012248654315918938,5.967911017098888,4.101910828025478,1.9674855929633,0.25,5.9938577410385125,14.0,2.3604912686925563,0.017008361894093667,5.87571562889025,4.140127388535032,2.446693964209888,0.2968152866242038,5.894031949035961,1.0,2.3659340068152175,0.00513309579407222,5.907135373346937,4.232387923147301,3.139594678981687,0.3006897037089169,5.955861825747228,14.0,2.3686132291052227,0.0004281434779697711,5.920890857546103,4.371794871794871,4.746184371184372,0.2455128205128205,5.9978284781538225,14.0,2.357744254966516,0.002666159246759876,5.890361398546152,4.493589743589744,6.064484126984127,0.26232741617356997,5.983770086242894,14.0,2.3426615854926514,0.00022643368495884312,5.856314313204189,4.8,8.964362519201229,0.2411290322580645,5.998847100678149,14.0,2.3270694375296697,0.0001850866227127467,5.817395963890106,5.064935064935065,11.254205318491032,0.23763736263736265,5.999055285704629,14.0,2.2937863694783784,0.000335569774142765,5.733962569034732,5.657894736842105,15.658239348370929,0.23608299595141702,5.997960405133637,14.0,2.2660630111876383,8.832805019580429e-05,5.665025035893802,6.16,19.663478595478598,0.22576923076923075,5.999530074602905,13.0,2.2121718122235485,5.74303743703656e-05,5.530343384997316,7.234177215189874,26.140300838402105,0.21417559234014935,5.999681386202095,13.0,2.162399304965098,3.963559005795378e-05,5.405938809027656,8.207792207792208,31.93240568954855,0.2035152347652348,5.999765464811633,12.0,2.0807859056553286,2.209235349353922e-05,5.20193162560808,9.873417721518987,39.94870403857745,0.1870942875689711,5.999846768225281,1.4652702655862064,2.911594933152628e-06,3.663171296573116,5.999963045517575,1.9999867113075471,26.0,0.07552320291173795,1.9999915639572197,0.0012708937999583473,3.6585595317922683,3.660347599483364,1.7080444997707034,0.08463175085158374,4.143163623149382,9.375,1.7136158518643227,0.07809574783111309,4.166896007914138,9.375,0.6578895070445141,0.6523181549508947,-0.005571352093619364,2.361287354741683,2.210300186312602,2.202077230316414,0.15098716842908144,0.15921012442526944,S_inf_minus
3.564407,1.0,45661.0,2198.0,2.3479297685593026,0.002666851249218323,5.86582414452443,5.957548935787014,1.9849606948459322,4.410338517840805,0.29484833556196777,1.9893946949312735,3.0665655872540594,0.10436564203560093,0.003968133717080022,0.2642239544472755,1.1258678363592305,0.3586459286367795,14.0,2.2977901111927648,0.02048589690243297,5.713746432628264,4.114649681528663,1.470063694267516,0.32590233545647557,5.732196726475096,14.0,2.3724843327374154,0.002093241686087782,5.9280709693144065,4.24203821656051,1.9289657264179558,0.24761146496815287,5.989410589901624,14.0,2.33604769395171,0.007516618446586605,5.828844307209394,4.337579617834395,2.382039227580629,0.2923566878980891,5.9041360963960265,1.0,2.3479297685593026,0.002666851249218323,5.86582414452443,4.410338517840805,3.0665655872540594,0.29484833556196777,5.957548935787014,14.0,2.3405262325009515,0.0006801023543993006,5.85029542772078,4.705128205128205,4.539072039072039,0.2416666666666667,5.9963903351358505,14.0,2.3249621270648095,0.001238332493943903,5.810547818921109,4.910256410256411,5.747763347763348,0.254930966469428,5.985198127165722,14.0,2.3053316640292048,0.0003152218692802979,5.76285632726909,5.335483870967742,8.343601917795466,0.23483870967741935,5.998321609591286,14.0,2.2881589472493,0.0002440904268336087,5.720031232482999,5.6688311688311686,10.34001986469519,0.23239260739260736,5.9987049910943355,14.0,2.2572761644016386,0.00021868102417671746,5.64286238946783,6.355263157894737,14.08843913761677,0.23127530364372464,5.997946009477169,14.0,2.228850173730288,0.0001260158804807195,5.571936410504999,7.06,16.900112554112553,0.2226923076923077,5.999318804773817,13.0,2.1761469780644243,7.678825385292314e-05,5.440252262780281,8.455696202531646,21.07251630226314,0.21295845504706265,5.999562918505911,13.0,2.1249417472173042,5.535133096755641e-05,5.312271341046808,9.831168831168831,23.581246603324523,0.20329670329670332,5.999667870722457,12.0,2.0353807676178444,3.506746812987497e-05,5.088399317842417,12.126582278481013,28.316218769016896,0.18802742616033755,5.999763148250253,1.8102482075468822,5.300723656453954e-06,4.525612567781721,5.999946322312551,1.9999803405296317,26.0,0.17788898999090083,1.9999891749850116,0.010187896378199425,4.505316845690097,4.515504741237935,1.9109800906720857,0.031760595677830836,4.729809333163468,7.2375,1.860357253637894,0.035232950078191126,4.598043708977448,7.225,0.43694967788721684,0.4875725149214085,0.05062283703419168,2.3595614039100696,2.168394124524356,2.166568527903161,0.19116727938571357,0.19299287600690868,S_inf_minus
3.564407,2.0,45678.0,2198.0,2.3781026719397866,0.006177125140198662,5.93599099213917,5.9563284419341045,1.983383772264636,4.116193961573651,0.30463086775987047,1.9936795881046245,3.194962532130876,0.05389517840436135,0.0016658630528658045,0.13595103476892276,0.5851496839961801,1.0,14.0,2.3177022280612305,0.030491663160800552,5.7485180754118765,4.019108280254777,1.4949044585987261,0.33227176220806787,5.724101040847824,14.0,2.3930837305437485,0.0008318080798907151,5.981461614239535,4.057324840764331,1.9801031240521685,0.25,5.996044748432351,14.0,2.3614548265319684,0.01117914300465231,5.886868351822942,4.101910828025478,2.4620109190172887,0.2974522292993631,5.901054274264478,1.0,2.3781026719397866,0.006177125140198662,5.93599099213917,4.116193961573651,3.194962532130876,0.30463086775987047,5.9563284419341045,14.0,2.389440313799096,0.00012318440058009173,5.97341600789687,4.128205128205129,4.908272283272283,0.2487179487179487,5.999388727572056,14.0,2.3806294186080628,0.0016544576463968742,5.949091860050562,4.211538461538462,6.304563492063492,0.2667652859960552,5.9852789722357596,14.0,2.381822225267322,6.130558203516275e-05,5.954463604795252,4.309677419354839,9.557910906298002,0.24806451612903227,5.999694047738417,14.0,2.3797433331823274,5.4684741458482286e-05,5.94927630584363,4.402597402597403,12.245083487940631,0.24825174825174823,5.999726879918803,14.0,2.3771546072762932,0.00020132298884224578,5.9425845337074685,4.559210526315789,17.903712406015035,0.2540485829959514,5.998272684198036,14.0,2.3755730193660907,2.468959195587909e-05,5.938895514027292,4.733333333333333,23.255555555555556,0.24820512820512822,5.999876586271412,13.0,2.37094939444556,1.6888259310042912e-05,5.927348153724934,5.1645569620253164,32.47296564195299,0.24805258033106134,5.999915569096666,13.0,2.3680511119826666,1.2993823435003549e-05,5.920108289221513,5.558441558441558,40.42139764996908,0.24800199800199801,5.99993503537085,12.0,2.370268824736093,7.035509497311953e-06,5.925661508575986,6.113924050632911,54.62820976491862,0.24841772151898744,5.999964823519351,2.3635793724024694,0.0,5.9089484310061735,5.999998208261321,1.999999402753774,8.0,0.24795268425841674,1.9999994027537737,0.0,5.9050475071588675,5.9050475071588675,2.2027769818475194,0.10040665796591294,5.356332467669928,4.0125,2.200153209246802,0.10176210889754364,5.347739859770689,3.975,0.17532569009226728,0.17794946269298473,0.0026237726007174444,2.3658106850057385,2.2170663500028924,2.21550725026062,0.148744335002846,0.15030343474511917,S_inf_minus
3.564407,3.0,45695.0,2198.0,2.3808374383029918,0.0062535890697454355,5.942713212152861,5.955945684589436,1.9832306985065646,4.084629460201281,0.3056161587726089,1.993653640518761,3.208824554524463,0.04516586636688379,0.0021641882407173268,0.11517575302346103,0.47698329144896007,1.0,14.0,2.314865871841439,0.0330288490128048,5.737621406084392,4.025477707006369,1.4929936305732485,0.33227176220806787,5.7155401100221646,14.0,2.3934219549379825,0.0005941486284933575,5.9826636644022155,4.057324840764331,1.9822869275098574,0.25,5.997174820303877,14.0,2.3640223389665063,0.011515989624787145,5.892781862979085,4.070063694267516,2.4725508037609947,0.2987261146496816,5.898956490484152,1.0,2.3808374383029918,0.0062535890697454355,5.942713212152861,4.084629460201281,3.208824554524463,0.3056161587726089,5.955945684589436,14.0,2.3886621382125606,0.00024971485639271944,5.9712807732468125,4.147435897435898,4.894688644688644,0.24935897435897436,5.998769434596026,14.0,2.3843505487124252,0.0017712057471975823,5.9582195631602675,4.160256410256411,6.349206349206349,0.2675049309664694,5.984744744410189,14.0,2.386417118234279,0.00010986510351353863,5.965877997930427,4.232258064516129,9.663594470046082,0.24951612903225803,5.999452710513615,14.0,2.384670376749011,9.134585082319787e-05,5.961538923096292,4.305194805194805,12.42517006802721,0.2495004995004995,5.999544303890836,14.0,2.382248386698077,0.00023421540122398347,5.955269643643356,4.440789473684211,18.25986842105263,0.2548076923076923,5.9981178685293886,14.0,2.3809756550161705,4.540578450649591e-05,5.952371028863667,4.593333333333334,23.77142857142857,0.24948717948717947,5.999773111999086,13.0,2.3790276541947555,2.984403145529867e-05,5.947524369439704,4.867088607594937,34.0867992766727,0.24951314508276531,5.999850819067191,13.0,2.376938441998654,2.3067718407074804e-05,5.942311503419025,5.175324675324675,43.124304267161406,0.2495004995004995,5.999884678856188,12.0,2.3738800143051253,1.6323647248567205e-05,5.9346755502919395,5.829113924050633,57.31283905967451,0.24947257383966248,5.99991838751524,2.3742873217773077,8.958690909111056e-07,5.935716960639633,5.999991937212303,1.9999970137810708,8.0,0.24886260236578708,1.999998506892595,0.0,5.928681502861846,5.928681502861846,2.209791472896691,0.10380894318453175,5.36876526746493,3.9875,2.1854050208132128,0.1095445057792653,5.299195793364133,4.0,0.17104596540630057,0.19543241748977902,0.02438645208347845,2.380236712362223,2.198095990662339,2.2222788344211866,0.18214072169988427,0.15795787794103613,S_inf_minus
3.564407,4.0,45712.0,2198.0,2.381168315079653,0.00610185899300902,5.94376799920962,5.9565997551030625,1.983499298703351,4.082342177493138,0.30540502498416494,1.993666590505182,3.210891822419727,0.0458300375783249,0.0033901864434582414,0.11516783471643216,0.49108167484478593,0.7740164684354987,14.0,2.332804278412498,0.06132345974766194,5.740025506409753,4.044585987261146,1.4878980891719746,0.33121019108280253,5.69352461080048,14.0,2.392148069587664,0.0005941486284933858,5.979478951026419,4.070063694267516,1.978040643008796,0.25,5.997174820303876,14.0,2.3705860195855535,0.021830966882851622,5.893718598639607,4.076433121019108,2.471413406126782,0.2980891719745223,5.891016127881149,1.0,2.381168315079653,0.00610185899300902,5.94376799920962,4.082342177493138,3.210891822419727,0.30540502498416494,5.9565997551030625,14.0,2.3884936266349572,0.00015837994360295553,5.9709964966719875,4.153846153846154,4.884920634920634,0.24935897435897436,5.9992140783118755,14.0,2.3837964654900348,0.003238882830245159,5.9546328394797206,4.17948717948718,6.3349206349206355,0.26701183431952663,5.983860535640008,14.0,2.382043090288093,6.13055820351169e-05,5.955015767347179,4.283870967741936,9.604608294930877,0.24758064516129033,5.999694047738416,14.0,2.377535942866222,4.687263553580735e-05,5.943769548212251,4.3896103896103895,12.299752628324056,0.24687812187812191,5.999765897070787,14.0,2.3688730092133445,0.0003764302067687607,5.921617877723207,4.598684210526316,17.889050751879697,0.25118083670715247,5.998135048069531,14.0,2.3612420759197086,2.646883001501029e-05,5.9030654865542465,4.8,23.193650793650797,0.2437820512820513,5.999869470635585,13.0,2.3448634884818156,1.7075762684872372e-05,5.862133107560512,5.215189873417722,33.09240506329114,0.24034404414151253,5.9999153815084565,13.0,2.32854890958305,1.2777160425818984e-05,5.821353108216986,5.662337662337662,41.926406926406926,0.23688811188811185,5.999935251923726,12.0,2.297336667471462,6.191224747154759e-06,5.743332381841534,6.525316455696203,56.94376130198915,0.2298969490425187,5.999965104914192,1.9559145677220477,4.4793119169384e-07,4.8897857474083315,5.999995968606752,1.9999985068918535,18.0,0.1751592356687898,1.9999992534435513,0.0003393722227729896,4.880763170790703,4.880816774060731,1.9718597637929278,0.09427653713535347,4.788234603779289,6.7375,1.954772109854926,0.09360355605367289,4.746524940556805,6.5375,0.4093085512867254,0.4263962052247272,0.017087653938001823,2.3838332641272757,2.2133058811048345,2.2075586244708436,0.1705273830224412,0.17627463965643145,S_inf_minus
3.564407,5.0,45729.0,2198.0,2.38170551402298,0.006258830582754389,5.944875539183317,5.955917642841953,1.983219604086401,4.075022872827081,0.30572172566683087,1.9936516043940393,3.212675902932079,0.04223725981597464,0.00225305884395689,0.1079471888183646,0.44335917713811746,1.0,14.0,2.318102911448788,0.03169371332347664,5.747716708636756,4.012738853503185,1.4968152866242037,0.3322717622080679,5.720916327472037,14.0,2.3922776756714725,0.0009506378055894194,5.979268232470297,4.063694267515924,1.9792538671519562,0.25,5.995479712496589,14.0,2.363762625931674,0.011820008237011955,5.8916765524736645,4.076433121019108,2.471413406126782,0.2987261146496815,5.898070911168507,1.0,2.38170551402298,0.006258830582754389,5.944875539183317,4.075022872827081,3.212675902932079,0.30572172566683087,5.955917642841953,14.0,2.392009508021223,0.00017597771511439884,5.979759803480386,4.102564102564102,4.922313797313797,0.2496794871794872,5.999126753681786,14.0,2.385371531060446,0.0017692987964258587,5.960774879456477,4.153846153846154,6.350396825396825,0.26775147928994086,5.9847503136276465,14.0,2.387967403889069,0.00010509528348875956,5.969760866797439,4.232258064516129,9.652534562211981,0.24951612903225803,5.99947551042108,14.0,2.3878131703882057,7.81210592263802e-05,5.969415744381674,4.285714285714286,12.436023500309215,0.24962537462537462,5.9996098284628525,14.0,2.3873484680842623,0.0002318034009715963,5.968023465109197,4.381578947368421,18.353336466165413,0.25539811066126855,5.998129778229003,14.0,2.3882423334406115,3.60421208757522e-05,5.970551770420214,4.453333333333333,24.17504761904762,0.24980769230769231,5.999819861647108,13.0,2.388099654506885,2.618247660284346e-05,5.970209862552309,4.60126582278481,35.31980108499096,0.2498782862706913,5.999869118330888,13.0,2.3875912949000506,2.030574196820878e-05,5.968947778637173,4.7727272727272725,45.666419294990725,0.24990634365634362,5.999898485752023,12.0,2.387017900122556,1.3790610787146058e-05,5.967524064390207,5.1265822784810124,64.17251356238698,0.24991885751379422,5.999931051656542,2.3810486755867415,1.1198342528828675e-06,5.952620009215474,5.999991713247124,1.9999968644709571,8.0,0.24931756141947226,1.9999987308577734,0.0,5.944688803132653,5.944688803132653,2.2528944137300853,0.07751153770190285,5.515968727772358,4.025,2.2147179885376547,0.09592359731500374,5.392909575371631,3.95,0.12881110029289466,0.16698752548532525,0.038176425192430585,2.3889043174917672,2.2337489799173404,2.217818724439001,0.1551553375744269,0.17108559305276672,S_inf_minus
3.565,0.0,45650.0,2198.0,2.367742079396403,0.0045347517087641325,5.912553070927863,5.956247993193135,1.983904413828124,4.208142726440988,0.3016398057569146,1.9914520051482447,3.1504737942752583,0.0725727647383487,0.004094343090147231,0.18304148865695177,0.7629021548245446,0.5741079597438243,14.0,2.3166211543590363,0.04303146071056866,5.727005694831738,4.057324840764331,1.4828025477707008,0.3333333333333333,5.705598167206972,14.0,2.3851429370874477,0.001819014060085257,5.960128821628491,4.1210191082802545,1.9593569912041249,0.25,5.991032561359701,14.0,2.3568685273225327,0.015008580631667824,5.869658447358831,4.165605095541402,2.4374431301182895,0.2974522292993631,5.8960645264353495,1.0,2.367742079396403,0.0045347517087641325,5.912553070927863,4.208142726440988,3.1504737942752583,0.3016398057569146,5.956247993193135,14.0,2.3699867287732683,0.0005747226117564608,5.924104738015535,4.365384615384615,4.736111111111111,0.2471153846153846,5.997054150406401,14.0,2.3663110107584058,0.0023587886718572713,5.912239343888231,4.410256410256411,6.118253968253969,0.26503944773175536,5.983746374581276,14.0,2.362230505306103,0.0002322552501696816,5.905227880390004,4.632258064516129,9.13189964157706,0.2456451612903226,5.998806305817474,14.0,2.355704568090239,0.0001841429072869069,5.888985205864666,4.837662337662338,11.565337043908473,0.24488011988011987,5.999045912005036,14.0,2.3439277894744666,0.00033604127000684764,5.859315411781154,5.243421052631579,16.468314251537937,0.24924089068825914,5.9977818111351295,14.0,2.3345699887343767,8.676550153813523e-05,5.836294823583633,5.62,20.96185281385281,0.24173076923076925,5.9995129517915595,13.0,2.317065344862162,4.9919484759254074e-05,5.792588482928266,6.3164556962025316,28.70803057701792,0.2384371957156767,5.999691148721872,13.0,2.2978864772222796,3.725306295096811e-05,5.744660313461273,7.0519480519480515,34.8464084256292,0.23489010989010986,5.999756151570127,12.0,2.2599611511373996,2.8449751426791407e-05,5.649860203216359,8.39240506329114,46.131593511973264,0.22717867575462514,5.9997956610539465,1.8263119413837052,3.2102125659960734e-06,4.565775038140414,5.9999591634433616,1.9999853177435984,22.0,0.12192902638762511,1.9999906680860278,0.003565349963770314,4.544415028179318,4.5471632572475436,1.8526968719556223,0.05913807372781329,4.543035069297335,7.6125,1.8869652054815909,0.06348457227876705,4.622186155285827,7.6125,0.5150452074407808,0.48077687391481216,-0.034268333525968586,2.3849615296112168,2.216264375940966,2.19723567466068,0.16869715367025073,0.18772585495053665,S_inf_minus
3.565,1.0,45667.0,2198.0,2.1483226861970626,0.012959529700042023,5.351367420942593,5.9323986941954265,1.9731463881651279,6.67612076852699,0.23242311211204167,1.9947286654695064,2.191780354188863,0.19462565235339352,0.006620325467293005,0.4907611491532344,2.266617349815266,1.0,14.0,2.252001808241445,0.06523267437985868,5.5321555090338235,4.554140127388535,1.3503184713375795,0.3057324840764331,5.663076475753167,14.0,2.2606636647364327,0.013426735680040438,5.63151905832102,5.197452229299363,1.6437973915680921,0.2372611464968153,5.935175246474822,14.0,2.2008665197710084,0.022353876015333934,5.468635485404518,5.789808917197452,1.9023101809726015,0.25605095541401274,5.88106648402267,1.0,2.1483226861970626,0.012959529700042023,5.351367420942593,6.67612076852699,2.191780354188863,0.23242311211204167,5.9323986941954265,14.0,2.051234003158968,0.004844733913341697,5.120817907027408,8.416666666666666,2.741158466554394,0.1913461538461538,5.9757822248143375,14.0,1.9724305428665023,0.004118192038197399,4.9248990691089585,9.935897435897436,2.974364986864987,0.1799802761341223,5.978417420593585,14.0,1.8335917496051126,0.0021142122080644505,4.580808055700686,13.006451612903225,3.370402702598674,0.15080645161290324,5.989260061496214,14.0,1.745332730904725,0.0015368487851598561,4.361026554084073,15.305194805194805,3.657719530121559,0.1344905094905095,5.99203902647407,14.0,1.629019631200808,0.0009001979305600006,4.07119878110618,18.93421052631579,4.332957458975474,0.11445681511470986,5.995417729319771,14.0,1.560059031849856,0.000677435941170792,3.8991314257128837,21.466666666666665,5.031763098119065,0.10397435897435897,5.996495653743372,13.0,1.47923434870445,0.0004380567760054501,3.6974287865971163,24.78481012658228,6.439182390306947,0.09408471275559882,5.997685925050423,13.0,1.4323875151123047,0.00032216305219502406,3.5804855432024687,26.7987012987013,7.865551814886486,0.08653846153846154,5.998273016724322,12.0,1.382096988446484,0.00021045676625017744,3.454926785966834,29.075949367088608,10.805545105536883,0.08043248945147678,5.99889623362825,1.3091604226894564,2.1725593196464388e-05,3.2728684683338463,5.999831349928014,1.9999365414449393,32.0,0.07233848953594177,1.9999727507296865,0.007383509888743782,3.265484958439364,3.2728684683338454,1.7130840724669212,0.13986194628817228,4.072917261735045,10.275,1.7082984202130043,0.13677154652003085,4.065588730752465,10.05,0.4352386137301414,0.4400242659840583,0.004785652253916917,2.15971421130767,2.086313577961924,2.0963172791801252,0.07340063334574616,0.06339693212754469,S_inf_minus
3.565,2.0,45684.0,2198.0,2.3568526611050866,0.007374757144085794,5.881069517046587,5.952930642404808,1.9818519617535748,4.3426349496797805,0.2978745865296643,1.9941747298600265,3.097036335119592,0.09592790564635677,0.0040664869621458485,0.2441848738885653,1.0226990156538358,1.0,14.0,2.307174766925631,0.037542417957563926,5.711623290377732,4.1210191082802545,1.467515923566879,0.32696390658174096,5.714999495048955,14.0,2.375508547806907,0.0015447864340827316,5.936454189866142,4.222929936305732,1.9357597816196541,0.24761146496815287,5.992654532817777,14.0,2.3460701583834123,0.014221203530577155,5.843843590662665,4.261146496815287,2.4074158325750687,0.29363057324840763,5.895077119320768,1.0,2.3568526611050866,0.007374757144085794,5.881069517046587,4.3426349496797805,3.097036335119592,0.2978745865296643,5.952930642404808,14.0,2.3593803719417585,0.0006809975031691952,5.897429433599642,4.487179487179487,4.677197802197803,0.2455128205128205,5.996729817782691,14.0,2.350227283492654,0.0023440922779811467,5.872052070314664,4.583333333333333,6.019047619047619,0.26208086785009865,5.983261527933444,14.0,2.3449721474922884,0.00033285441730225763,5.861931087104767,4.819354838709677,8.994777265745007,0.2435483870967742,5.998369788963904,14.0,2.338258404537347,0.0002609732812497088,5.845254551421493,5.012987012987013,11.406153370439085,0.2425074925074925,5.99872800743272,14.0,2.326800317697295,0.00037729876992987385,5.816434846088343,5.348684210526316,16.37828947368421,0.24552968960863697,5.997580599007494,14.0,2.3175460877921075,0.0001587923625145867,5.793627030936497,5.633333333333334,21.111174603174604,0.2389102564102564,5.999213255048087,13.0,2.2985672116943463,0.00012764904070317333,5.746226555674809,6.151898734177215,29.827516576250755,0.2352320675105485,5.999358416439491,13.0,2.27917170328442,0.0001072799051475635,5.6977683383533275,6.7272727272727275,37.510801896516185,0.23167457542457542,5.999453136573004,12.0,2.254266026207723,7.583808901135983e-05,5.63555130838579,7.6645569620253164,51.539240506329115,0.22642810775722166,5.999607974231755,2.0858293884225168,5.8978624899452825e-06,5.2145646242625565,5.999972601307261,1.9999889011482572,16.0,0.2083712465878071,1.9999987308577736,0.0003821460276884382,5.2063340579224295,5.206716203891346,2.0799626115969208,0.10921010301041316,5.0360913744766815,5.4625,2.0847881331851776,0.09816530893250378,5.064722369564189,5.6125,0.27689004950816587,0.272064527919909,-0.004825521588256887,2.3661302178469246,2.2093906205929468,2.2105631452009984,0.15673959725397785,0.15556707264592567,S_inf_minus
3.565,3.0,45701.0,2198.0,2.375845373798154,0.006245398767931174,5.930245336343488,5.95601426428379,1.9832562885052867,4.139524245196706,0.30385671053557606,1.9936620249971007,3.1844421208556617,0.05956779806494655,0.0019796252958406493,0.1506173976941664,0.6403785424196328,1.0,14.0,2.3135648341131785,0.03120739193256347,5.737100997384101,4.044585987261146,1.4885350318471338,0.33014861995753714,5.721321260443196,14.0,2.391342014715388,0.0007129783541920561,5.977285569257181,4.076433121019108,1.976281468001213,0.24920382165605096,5.996609784368113,14.0,2.3591922857732905,0.011654526241251194,5.8804989250713495,4.114649681528663,2.4560964513193815,0.2961783439490446,5.898817485009418,1.0,2.375845373798154,0.006245398767931174,5.930245336343488,4.139524245196706,3.1844421208556617,0.30385671053557606,5.95601426428379,14.0,2.3808545769386975,0.00017597771511439884,5.9518724757740715,4.237179487179487,4.83379120879121,0.2477564102564103,5.999126753681785,14.0,2.3747148828797005,0.0017272113790989822,5.934196390130603,4.294871794871795,6.2382936507936515,0.266025641025641,5.984957704590434,14.0,2.3756568345551083,9.633734319806541e-05,5.938997580372974,4.406451612903226,9.440552995391705,0.24758064516129033,5.999519217884546,14.0,2.373188099327141,8.332912984149681e-05,5.932845254623091,4.51948051948052,12.066202844774274,0.24762737262737264,5.999583817028197,14.0,2.3694279146966646,0.0002271048421356871,5.9232291294784565,4.7368421052631575,17.496851503759398,0.25295209176788125,5.998153207040873,14.0,2.367558954184677,3.8702603606530775e-05,5.918839331556281,4.953333333333333,22.528380952380953,0.24756410256410258,5.999806540651499,13.0,2.3641276367049002,2.7584967540473527e-05,5.91027771431094,5.322784810126582,31.746564195298365,0.2476062966569296,5.999862094233834,13.0,2.362464986766301,2.3066403475246156e-05,5.906127867310539,5.6103896103896105,40.17056277056277,0.2475337162837163,5.9998846820492195,12.0,2.3594450175823907,1.8645820860590446e-05,5.898584575224684,6.0886075949367084,54.73634719710668,0.24736286919831224,5.999906778176237,2.3548183308621806,4.106077206245118e-06,5.887039668039642,5.9999779766198404,1.999991290180878,9.0,0.24749772520473157,1.999998133617194,1.9262049754215345e-05,5.883530645045001,5.883542653181989,2.1950372892808594,0.09497575850270208,5.345129585448095,4.075,2.221809966140234,0.08715821893764678,5.423787586944114,4.15,0.1808080845172948,0.15403540765792023,-0.026772676859374567,2.3861946236345037,2.2025376531404524,2.1926082229329213,0.18365697049405155,0.1935864007015825,S_inf_minus
3.565,4.0,45718.0,2198.0,2.3834025240685928,0.0060659400033124585,5.949407400166514,5.956876006321732,1.983603355439474,4.059011893870083,0.30600323738475615,1.993722080044349,3.2233166688450314,0.041009495888257544,0.0011310700607680467,0.10337926138400756,0.44319984778149507,1.0,14.0,2.3186680136104645,0.0306858775758375,5.750641217662407,4.012738853503185,1.4968152866242037,0.3322717622080679,5.723904948737644,14.0,2.3979200597774057,0.00011882972569867601,5.994621904854965,4.019108280254777,1.9945404913557778,0.25,5.999434964046925,14.0,2.3691337093123415,0.011013661008892393,5.9063137817675155,4.025477707006369,2.4899909008189263,0.29936305732484075,5.901800848105391,1.0,2.3834025240685928,0.0060659400033124585,5.949407400166514,4.059011893870083,3.2233166688450314,0.30600323738475615,5.956876006321732,14.0,2.393887765046014,5.2793314534329904e-05,5.984640222643233,4.076923076923077,4.947802197802198,0.24935897435897436,5.999738026092417,14.0,2.3883913322250305,0.0016157962822225713,5.968554636139243,4.102564102564102,6.411309523809524,0.26799802761341224,5.985482942219785,14.0,2.3909267391934517,2.6273820872214245e-05,5.9772774372523205,4.161290322580645,9.785253456221199,0.24919354838709679,5.999868877592286,14.0,2.3900606692555986,2.0832282460374202e-05,5.975120424715306,4.207792207792208,12.637012987012987,0.2491258741258741,5.9998959542440655,14.0,2.3881622892497583,0.0001860724400699562,5.970126614464289,4.322368421052632,18.66611842105263,0.2552294197031039,5.998353511367988,14.0,2.3874514473235564,1.0009294036178081e-05,5.968613604367836,4.44,24.469714285714286,0.2491025641025641,5.9999499673970345,13.0,2.387717302912803,6.75530372405539e-06,5.969283124326421,4.6075949367088604,35.7746835443038,0.24918857513794226,5.999966227628279,13.0,2.388137317473559,4.547838202202219e-06,5.970336471926594,4.753246753246753,46.64242424242424,0.24925074925074922,5.999977262368545,12.0,2.3886748749010174,2.462428324025174e-06,5.9716834936100565,5.050632911392405,66.79367088607593,0.24929000324569944,5.999987688220519,2.383754223322098,1.1198281946178668e-06,5.959383878562953,5.999993504986911,1.9999974617195722,12.0,0.24931756141947226,1.9999993280986004,9.8294984650136e-06,5.946422215400435,5.946431770026214,2.2100117665166943,0.09548396602389857,5.381803467255888,4.0125,2.2401791683359518,0.08948503283213828,5.466220371591672,3.8875,0.17339075755189848,0.143223355732641,-0.030167401819257478,2.379066902958155,2.2187415855648394,2.21167775437775,0.16032531739331585,0.16738914858040507,S_inf_minus
3.565,5.0,45735.0,2198.0,2.3831105082308244,0.00672187215748073,5.94769346234084,5.956285646196589,1.9831879246797028,4.06587374199451,0.30544021394890564,1.9943938274901594,3.2207184246068055,0.04438998551407253,0.0022488190078135016,0.11133686866577103,0.4717616927680745,0.9213174748398902,14.0,2.3403297046070146,0.06820412407044009,5.7485180754118765,4.019108280254777,1.4949044585987261,0.3322717622080679,5.6864843423905045,14.0,2.396307950032853,0.00035648917709602804,5.9902351413164885,4.031847133757962,1.9894449499545042,0.25,5.998304892175401,14.0,2.374446203458154,0.024226485649573713,5.8997757801710256,4.050955414012739,2.479981801637853,0.2987261146496815,5.888600917067115,1.0,2.3831105082308244,0.00672187215748073,5.94769346234084,4.06587374199451,3.2207184246068055,0.30544021394890564,5.956285646196589,14.0,2.389770142576196,0.00010558662906864272,5.974266976496887,4.121794871794871,4.918040293040294,0.2487179487179487,5.999476052202146,14.0,2.38308760854579,0.0035670448339251318,5.952368454113588,4.173076923076923,6.351785714285715,0.2662721893491124,5.983614793815768,14.0,2.3785664801866813,5.2547641744405565e-05,5.9463373790040865,4.27741935483871,9.64147465437788,0.24629032258064515,5.999737755201884,14.0,2.372191733673089,4.1664564920713805e-05,5.93041683733534,4.363636363636363,12.387384044526902,0.24500499500499504,5.9997919085054425,14.0,2.3575503796431376,0.00039668608916956343,5.893280919974089,4.559210526315789,18.110808270676692,0.2473009446693657,5.998180375682478,14.0,2.3429590964012617,2.0018588072373926e-05,5.857367713121045,4.766666666666667,23.476761904761904,0.23858974358974355,5.999899934811383,13.0,2.3122856322825878,1.3510607447964624e-05,5.780693814795296,5.19620253164557,33.15,0.23166179811749432,5.99993245527387,13.0,2.2802177887017816,9.961907938918022e-06,5.700529528892545,5.642857142857143,41.971428571428575,0.2246815684315684,5.999948461373943,12.0,2.227193021207367,6.120879770773567e-06,5.567973371698761,6.3734177215189876,58.53376623376624,0.2116398896462188,5.999967145156292,1.787893123616327,0.0,4.469732809040817,5.999998208261321,1.999999402753774,16.0,0.14558689717925385,1.9999994027537737,0.0005249358108696087,4.466311910085467,4.469732809040817,1.8662658416286824,0.11934141374100213,4.486652483460203,7.775,1.8984373551947111,0.10070699016052904,4.5950329027459835,7.7875,0.516844666602142,0.48467315303611325,-0.032171513566028764,2.3731624471334687,2.2072254461011784,2.241691705970984,0.1659370010322897,0.13147074116248442,S_inf_minus
3.566168,0.0,45661.0,2198.0,2.3627858590327224,0.005040674783020765,5.899403635407276,5.956603828166347,1.983854384461109,4.2703568161024705,0.29903582236610593,1.9922523987626755,3.1294853184834888,0.0869949781656813,0.0036871259564230673,0.21885809740620113,0.940892473505202,0.687099725526075,14.0,2.3187378868982833,0.04778747105978038,5.725163510656038,4.089171974522293,1.4770700636942675,0.32696390658174096,5.706919772352599,14.0,2.383022253825009,0.0011882972569867544,5.955773188677043,4.1528662420382165,1.9538974825599025,0.2484076433121019,5.994349640625065,14.0,2.354062804370604,0.017143033893231706,5.859442460086661,4.210191082802548,2.4225305833586086,0.2942675159235669,5.895095852740745,1.0,2.3627858590327224,0.005040674783020765,5.899403635407276,4.2703568161024705,3.1294853184834888,0.29903582236610593,5.956603828166347,14.0,2.36104685034603,0.0004103388200325363,5.902001617635028,4.4743589743589745,4.688949938949939,0.24455128205128204,5.997915831829373,14.0,2.346365632556264,0.002571389332765581,5.862056997391512,4.660256410256411,5.9568843193843195,0.2591222879684418,5.984444802130054,14.0,2.32710045478876,0.00019701526782982465,5.8174556140701545,5.04516129032258,8.716035935390774,0.23758064516129035,5.998946633643559,14.0,2.3086690269506183,0.00015362008641641952,5.771442137246921,5.337662337662338,10.870985363842506,0.23414085914085914,5.99917022621424,14.0,2.271125757309148,0.00029646337114397933,5.677369698216153,5.967105263157895,15.107192697653225,0.23009446693657223,5.9982056364811625,14.0,2.2349714056261747,7.20637491969652e-05,5.587320418441642,6.6066666666666665,18.55719672919673,0.2183974358974359,5.999607743482425,13.0,2.1631652153818783,4.5128184451890934e-05,5.407845346178018,7.8544303797468356,23.918354430379747,0.20273450178513472,5.999753367685197,13.0,2.0947579083538455,2.9939899215766534e-05,5.236849861035791,9.045454545454545,28.161038961038955,0.18774975024975027,5.999830386827106,12.0,1.9734707946251258,1.878464460268441e-05,4.93364880959591,11.253164556962025,34.363652802893306,0.16145326192794543,5.9998942595040194,1.5023710682531517,2.0903490129953184e-06,3.7559245351093593,5.999979992372523,1.999992634007837,28.0,0.08644222020018198,1.9999961179278039,0.0012825463913226137,3.746899676624304,3.7481837512306555,1.7522488132059386,0.06580315851916349,4.281917295236101,9.2625,1.7116151723816153,0.08046156628773457,4.158345581522436,9.2,0.6105370458267838,0.6511706866511071,0.0406336408243233,2.374743275976366,2.1927648672192706,2.2009088274538424,0.1819784087570962,0.1738344485225246,S_inf_minus
3.566168,1.0,45678.0,2198.0,2.3785888968340254,0.006207494835458587,5.937160999831875,5.9561791258829935,1.9833238770158454,4.1102470265324795,0.3047716236188331,1.9936696684987751,3.196661656428353,0.051512852390617356,0.0017723762535390747,0.13028851623730658,0.5546239408275665,1.0,14.0,2.3177022280612305,0.030491663160800552,5.7485180754118765,4.019108280254777,1.4949044585987261,0.33227176220806787,5.724101040847824,14.0,2.3930837305437485,0.0008318080798907151,5.981461614239535,4.057324840764331,1.9801031240521685,0.25,5.996044748432351,14.0,2.3619803327664215,0.011413893308644238,5.887829991953087,4.095541401273885,2.4631483166515014,0.2980891719745223,5.9002381976862,1.0,2.3785888968340254,0.006207494835458587,5.937160999831875,4.1102470265324795,3.196661656428353,0.3047716236188331,5.9561791258829935,14.0,2.389876404054181,0.00014078217209153503,5.974479836877313,4.121794871794871,4.910561660561661,0.24903846153846154,5.999301402941965,14.0,2.381390907058533,0.001675501355060307,5.950964015613742,4.198717948717949,6.3105158730158735,0.26701183431952663,5.985175276754366,14.0,2.3827098709649994,7.444249247128133e-05,5.956663013673792,4.290322580645161,9.57173579109063,0.24854838709677418,5.999628486543216,14.0,2.380743604861349,6.510088268866939e-05,5.951761360829338,4.376623376623376,12.269202226345085,0.24875124875124874,5.999674857049492,14.0,2.378105665773541,0.0002095328812143097,5.944949865112029,4.526315789473684,17.94953007518797,0.25430161943319834,5.998236371928758,14.0,2.376663429193421,2.9360595839473074e-05,5.941614532089791,4.6866666666666665,23.342222222222222,0.24865384615384617,5.999853237731442,13.0,2.3722508260590094,2.026591117207623e-05,5.930596666280765,5.0886075949367084,32.68453887884267,0.248539435248296,5.999898682919462,13.0,2.3694715377863473,1.5592588121969655e-05,5.9236554555836864,5.454545454545454,40.807297464440325,0.2485014985014985,5.999922042448482,12.0,2.3718381267378557,8.864741966550213e-06,5.929582019731689,5.949367088607595,55.54502712477395,0.24894514767932496,5.999955677638882,2.3649267546953516,2.2396602794572118e-07,5.912316550789337,5.999996192571931,1.9999986562019678,8.0,0.24795268425841674,1.9999990294783725,0.0,5.907854488902855,5.907854488902855,2.2039244553529573,0.10023891348918404,5.359452768148617,4.0,2.200153209246802,0.10176210889754364,5.347739859770689,3.975,0.17466444148106808,0.1784356875872235,0.0037712461061554237,2.367767494564637,2.2190201216481036,2.217067657366216,0.14874737291653306,0.15069983719842134,S_inf_minus
3.566168,2.0,45695.0,2198.0,2.3808374383029918,0.0062535890697454355,5.942713212152861,5.955945684589436,1.9832306985065646,4.084629460201281,0.3056161587726089,1.993653640518761,3.208824554524463,0.04516586636688379,0.0021641882407173268,0.11517575302346103,0.47698329144896007,1.0,14.0,2.314865871841439,0.0330288490128048,5.737621406084392,4.025477707006369,1.4929936305732485,0.33227176220806787,5.7155401100221646,14.0,2.3934219549379825,0.0005941486284933575,5.9826636644022155,4.057324840764331,1.9822869275098574,0.25,5.997174820303877,14.0,2.3640223389665063,0.011515989624787145,5.892781862979085,4.070063694267516,2.4725508037609947,0.2987261146496816,5.898956490484152,1.0,2.3808374383029918,0.0062535890697454355,5.942713212152861,4.084629460201281,3.208824554524463,0.3056161587726089,5.955945684589436,14.0,2.3886621382125606,0.00024971485639271944,5.9712807732468125,4.147435897435898,4.894688644688644,0.24935897435897436,5.998769434596026,14.0,2.3843505487124252,0.0017712057471975823,5.9582195631602675,4.160256410256411,6.349206349206349,0.2675049309664694,5.984744744410189,14.0,2.386417118234279,0.00010986510351353863,5.965877997930427,4.232258064516129,9.663594470046082,0.24951612903225803,5.999452710513615,14.0,2.384670376749011,9.134585082319787e-05,5.961538923096292,4.305194805194805,12.42517006802721,0.2495004995004995,5.999544303890836,14.0,2.382248386698077,0.00023421540122398347,5.955269643643356,4.440789473684211,18.25986842105263,0.2548076923076923,5.9981178685293886,14.0,2.3809756550161705,4.540578450649591e-05,5.952371028863667,4.593333333333334,23.77142857142857,0.24948717948717947,5.999773111999086,13.0,2.3790276541947555,2.984403145529867e-05,5.947524369439704,4.867088607594937,34.0867992766727,0.24951314508276531,5.999850819067191,13.0,2.376938441998654,2.3067718407074804e-05,5.942311503419025,5.175324675324675,43.124304267161406,0.2495004995004995,5.999884678856188,12.0,2.3738800143051253,1.6323647248567205e-05,5.9346755502919395,5.829113924050633,57.31283905967451,0.24947257383966248,5.99991838751524,2.3742873217773077,8.958690909111056e-07,5.935716960639633,5.999991937212303,1.9999970137810708,8.0,0.24886260236578708,1.999998506892595,0.0,5.928681502861846,5.928681502861846,2.209791472896691,0.10380894318453175,5.36876526746493,3.9875,2.1854050208132128,0.1095445057792653,5.299195793364133,4.0,0.17104596540630057,0.19543241748977902,0.02438645208347845,2.380236712362223,2.198095990662339,2.2222788344211866,0.18214072169988427,0.15795787794103613,S_inf_minus
3.566168,3.0,45712.0,2198.0,2.380411178071344,0.005533961651939123,5.942727002700452,5.957473771660764,1.9839799366696085,4.087831655992681,0.3048771905130551,1.9932057020259837,3.211798022045049,0.05160460916410994,0.0032194260701804214,0.1292803153081852,0.5540899754065421,0.7671546203110704,14.0,2.3323802487991037,0.05637045922427638,5.746394933161346,4.025477707006369,1.4936305732484076,0.33121019108280253,5.698329273407529,14.0,2.3950340646825348,0.00035648917709602804,5.987050427940693,4.044585987261146,1.9868365180467091,0.24920382165605096,5.998304892175401,14.0,2.3713974908272726,0.01999455483164965,5.898501894820707,4.057324840764331,2.4799059751289048,0.2980891719745223,5.892834020030714,1.0,2.380411178071344,0.005533961651939123,5.942727002700452,4.087831655992681,3.211798022045049,0.3048771905130551,5.957473771660764,14.0,2.3862114620227692,0.00010558662906863703,5.96537027511332,4.166666666666667,4.893162393162393,0.24775641025641024,5.999476052202146,14.0,2.382534885886367,0.002933701993355292,5.951936661725887,4.17948717948718,6.347222222222222,0.2657790927021696,5.984248151879505,14.0,2.3805238563129087,3.9410731308292715e-05,5.95125052468531,4.283870967741936,9.634408602150538,0.2467741935483871,5.9998033163970845,14.0,2.376069421029543,2.3436317767909442e-05,5.940138398097205,4.376623376623376,12.380952380952381,0.24587912087912092,5.999882948526737,14.0,2.3665344373128137,0.0003288159075234276,5.915842869420747,4.592105263157895,18.04605263157895,0.25,5.998248245735874,14.0,2.3582879970020305,1.2011152843420802e-05,5.89570197577581,4.8133333333333335,23.440444444444445,0.24262820512820515,5.999939960879904,13.0,2.342341775070323,8.63174099302518e-06,5.855841490064315,5.215189873417722,33.496745027124774,0.23949204803635185,5.9999575969360475,13.0,2.325092040617484,6.280336313011272e-06,5.812720681039241,5.662337662337662,42.22065553494125,0.2360452047952048,5.999969033524387,12.0,2.2884410065336667,3.799175128710238e-06,5.721096817571472,6.6265822784810124,55.96432681242808,0.22837552742616035,5.9999810046924855,1.773383170916761,4.479303266080592e-07,4.433457255396412,5.999997760330965,1.999999104133546,20.0,0.11282984531392175,1.9999998506841306,0.0016167932659131652,4.411390548125543,4.42016167787874,1.8292203533350686,0.08195627462088825,4.45011647140634,8.2375,1.8154215535852405,0.09166287425532435,4.401059572580115,8.075,0.5511908247362753,0.5649896244861035,0.013798799749828117,2.375318892809572,2.2054636018956013,2.202979013273184,0.16985529091397109,0.17233987953638868,S_inf_minus
3.566168,4.0,45729.0,2198.0,2.383465243963065,0.006145753762625079,5.949444479263725,5.956463377208285,1.9834392078152208,4.057182067703568,0.3061439932437187,1.9936870800591175,3.221171524419466,0.03650575784298478,0.0017850657729307873,0.09296277298007313,0.38490041103146805,1.0,14.0,2.318835639699978,0.03149949890843968,5.749839850887287,4.006369426751593,1.4980891719745222,0.3333333333333333,5.721112419582218,14.0,2.3946958402883007,0.0005941486284933858,5.985848377778011,4.044585987261146,1.9847133757961786,0.25,5.997174820303876,14.0,2.365884248051635,0.011430307312600533,5.897565159160185,4.057324840764331,2.4782377919320595,0.29936305732484075,5.8996320954538595,1.0,2.383465243963065,0.006145753762625079,5.949444479263725,4.057182067703568,3.221171524419466,0.3061439932437187,5.956463377208285,14.0,2.393967342359283,0.00010558662906863703,5.984759975954605,4.076923076923077,4.939102564102564,0.2496794871794872,5.999476052202146,14.0,2.3878458114327326,0.0017065979397462372,5.967054631672212,4.115384615384615,6.38611111111111,0.2682445759368836,5.985061338815879,14.0,2.3907508672377182,6.568455218047257e-05,5.976778641266025,4.174193548387096,9.735483870967743,0.24951612903225803,5.999672194006682,14.0,2.3909096576414672,4.6872635535818885e-05,5.977203835150364,4.207792207792208,12.580735930735932,0.24962537462537462,5.999765897070787,14.0,2.3906997352177055,0.00020835374417278802,5.976436807428004,4.276315789473684,18.64046052631579,0.2558198380566801,5.99824691612819,14.0,2.391507382727479,1.8684015534168687e-05,5.978740430795395,4.333333333333333,24.596,0.24980769230769231,5.999906605822804,13.0,2.391578036719226,1.2103252505669977e-05,5.978926936919307,4.462025316455696,36.0132911392405,0.2498782862706913,5.999939491181039,13.0,2.391324735586719,8.933253611670915e-06,5.9782984390863785,4.603896103896104,46.74372294372294,0.24990634365634362,5.999955336812049,12.0,2.391265699027474,5.487697408136386e-06,5.97815601602257,4.886075949367089,66.38227848101266,0.24991885751379422,5.999972562341284,2.3851089594486887,0.0,5.962772398621722,5.999998208261321,1.9999994027537735,8.0,0.24931756141947226,1.9999994027537735,0.0,5.954868818303931,5.954868818303931,2.255607862497758,0.0774536657584562,5.52283915760671,4.0,2.2169265546889974,0.09655653609149635,5.3974815825852485,3.925,0.127857381465307,0.16653868927406767,0.03868130780876067,2.3889043174917672,2.2337489799173404,2.217818724439001,0.1551553375744269,0.17108559305276672,S_inf_minus
3.566168,5.0,45746.0,2198.0,2.3802423592906914,0.006137351801714696,5.941399870524156,5.956514907046398,1.9834591850815617,4.092406221408966,0.3051235132662397,1.9936912828174387,3.2085130484032587,0.05152021008821193,0.0016143068688563853,0.13032219810583087,0.5516895546580904,1.0,14.0,2.31623677155885,0.030880091990874457,5.7442717909108145,4.031847133757962,1.491082802547771,0.33227176220806787,5.723708856627463,14.0,2.395501895160577,0.00047531890279468706,5.98804175954725,4.038216560509555,1.986411889596603,0.25,5.9977398562396385,14.0,2.367729944980029,0.011013661008892393,5.902804370936734,4.038216560509555,2.483014861995754,0.29936305732484075,5.901800848105391,1.0,2.3802423592906914,0.006137351801714696,5.941399870524156,4.092406221408966,3.2085130484032587,0.3051235132662397,5.956514907046398,14.0,2.3897062050844955,0.00015837994360292707,5.974027942795835,4.128205128205129,4.907051282051282,0.24903846153846154,5.9992140783118755,14.0,2.3846390460011935,0.0016961147944130688,5.959053442811364,4.160256410256411,6.345833333333333,0.2675049309664694,5.985071642528921,14.0,2.386643139950769,0.00010548613336819442,5.966449620676871,4.2387096774193544,9.664516129032258,0.24903225806451615,5.999474564245348,14.0,2.386845833114345,5.7425186805414406e-05,5.967028445005654,4.266233766233766,12.532900432900432,0.2488761238761239,5.999713543544558,14.0,2.384525857474651,0.00021777290443451177,5.9609879843299725,4.375,18.533552631578946,0.2548920377867746,5.998199931132072,14.0,2.3835019297344053,3.0721155414070725e-05,5.958708742602891,4.486666666666666,24.347555555555555,0.24865384615384614,5.999846503638325,13.0,2.381370891963099,1.999254685779144e-05,5.953397241087461,4.708860759493671,35.45614828209765,0.24858000649139889,5.99990007041737,13.0,2.3798141593127107,1.5433847139088797e-05,5.949512247511067,4.935064935064935,45.80148423005566,0.24853271728271728,5.999922845565642,12.0,2.3772366553070654,1.0906254327197537e-05,5.943075278886171,5.405063291139241,64.17721518987342,0.24841772151898733,5.999945473514909,2.374286775609466,4.0314196692037285e-06,5.9357108918941615,5.9999780512756296,1.9999913399519869,8.0,0.24886260236578708,1.999998058961403,0.0,5.928802949354616,5.928802949354616,2.2471494546820674,0.08317378395866216,5.493112960767175,4.05,2.2105525796616137,0.10421789855630444,5.370054601319579,4.0,0.133092904608624,0.16968977962907772,0.03659687502045372,2.379066902958155,2.235734205088487,2.217445590354089,0.14333269786966824,0.16162131260406626,S_inf_minus
3.567,0.0,45670.0,2198.0,2.156410702212105,0.013703976736636958,5.3704707904253075,5.930046469173841,1.9721141641457345,6.595608417200366,0.23664578788092058,1.9949470577562338,2.2378669553989776,0.20206082151428556,0.008130452765512495,0.5108524591350566,2.3494483439637173,1.0,14.0,2.238800404186531,0.06446175679364326,5.500308375275863,4.649681528662421,1.3261146496815286,0.29830148619957536,5.6636977603658805,14.0,2.2430531064974746,0.014762396326429837,5.585489171754042,5.350318471337579,1.6074006672732788,0.2340764331210191,5.92804571418338,14.0,2.1840926758873205,0.02170267655899528,5.427677674879806,5.955414012738854,1.8645738550197148,0.2503184713375796,5.88052770221343,1.0,2.156410702212105,0.013703976736636958,5.3704707904253075,6.595608417200366,2.2378669553989776,0.23664578788092058,5.930046469173841,14.0,2.064322002449294,0.004706384631205811,5.153745429176425,8.33974358974359,2.8095488912796602,0.19775641025641022,5.976572848683843,14.0,1.9909552511956763,0.004063915876274424,4.971292254174778,9.826923076923077,3.113850011644129,0.18663708086785008,5.978399109171698,14.0,1.8686415558050367,0.0018744678549724037,4.668792187730133,12.658064516129032,3.6059911887575056,0.15983870967741934,5.990203036389529,14.0,1.7905095645536286,0.0014101163506124498,4.474158736858152,14.681818181818182,3.919347307292277,0.14547952047952048,5.992687839272372,14.0,1.6784224688368086,0.0007933611906059358,4.194866130306113,18.013157894736842,4.592951966868083,0.12424089068825912,5.9958999076372725,14.0,1.610445342582326,0.0005810582507584291,4.025241769079677,20.46,5.253705150542446,0.11403846153846156,5.99701942692696,13.0,1.5334722375874548,0.0003491525257438046,3.833156865180021,23.81645569620253,6.701383353286715,0.10228010386238233,5.998243409686599,13.0,1.48764417406428,0.00024332555063885831,3.718745446834742,26.07792207792208,8.08638997516915,0.09518606393606394,5.998741123485937,12.0,1.4346363706750447,0.00013747389847870682,3.5863847158398934,28.860759493670887,10.8610399117558,0.08481418370658877,5.999241387801519,1.3034589919329977,1.0153276654101262e-05,3.258632249917513,5.999912801848044,1.9999675495237967,32.0,0.06414922656960874,1.9999844716805621,0.0005427728485526492,3.2580894770480135,3.258632249917513,1.6929091395555111,0.14742238234130672,4.011139275376818,10.3625,1.713073902454504,0.13391998277071332,4.081804781980191,10.0625,0.4635015626565939,0.443336799757601,-0.02016476289899294,2.1412899640073797,2.0793046795358188,2.086307288875664,0.061985284471561056,0.0549826751317157,S_inf_minus
3.567,1.0,45687.0,2198.0,2.1736665464579965,0.01229828056696288,5.415718945294548,5.93478774951712,1.9741631563167186,6.3810612991765785,0.2397424167780984,1.994623829861903,2.291621218062206,0.19298496671838816,0.0066801615574250415,0.4869014766169079,2.2191852417360356,1.0,14.0,2.2644996513432036,0.051342915341415676,5.584234755345885,4.503184713375796,1.3662420382165605,0.3046709129511677,5.701255211754655,14.0,2.28424191379117,0.009917753178433974,5.695728154710276,5.012738853503185,1.6980891719745224,0.23805732484076433,5.95212053425742,14.0,2.224063784441669,0.01896946574938501,5.531705262480094,5.535031847133758,1.9826104539480331,0.25987261146496815,5.889151916305723,1.0,2.1736665464579965,0.01229828056696288,5.415718945294548,6.3810612991765785,2.291621218062206,0.2397424167780984,5.93478774951712,14.0,2.092356805274336,0.00347275212952207,5.225682884991558,7.884615384615385,2.912930071018306,0.19967948717948714,5.98249362876968,14.0,2.0229904526292017,0.0037460560864440973,5.051857047443339,9.198717948717949,3.284029695794402,0.1930473372781065,5.979706764923862,14.0,1.9014780405857716,0.0016976867530690096,4.7511485713348245,11.838709677419354,3.799283711727535,0.16322580645161291,5.991113100800064,14.0,1.8240100017851266,0.0012270969227993706,4.558184359078618,13.642857142857142,4.22421003692183,0.14735264735264736,5.993380614241775,14.0,1.7170309510977388,0.0007360051724472131,4.291473369985677,16.644736842105264,5.0051700605214435,0.127361673414305,5.996106866010107,14.0,1.6603053465971032,0.0005737523277151506,4.149902738001185,18.706666666666667,5.824513771007164,0.1196153846153846,5.996895765706967,13.0,1.589403952660072,0.00038870851825582777,3.9729268188727964,21.810126582278482,7.349965457687708,0.11153034728984094,5.997887278607495,13.0,1.5513302311186814,0.000305484336954081,3.877867351291272,23.88961038961039,8.884159883918796,0.10779845154845157,5.998333836123479,12.0,1.5064061706527985,0.00022613620435589843,3.7656762223254634,26.968354430379748,11.704258657285383,0.10221924699772804,5.998790459843912,1.374422185270606,6.361046309777407e-05,3.4359600474818683,5.999723167822026,1.9998865191196427,32.0,0.0791628753412193,1.9999925344756728,0.007396530972106552,3.4285635164548163,3.435960047481867,1.73991184218471,0.14138609320185802,4.1377004656589875,9.7,1.7276481768473062,0.14381946107857851,4.1033912505003975,9.875,0.43375470427328655,0.4460183696106903,0.01226366533740375,2.1791057923974093,2.115234822428825,2.102898721556864,0.06387096996858468,0.07620707084054439,S_inf_minus
3.567,2.0,45704.0,2198.0,2.384152172362217,0.0060399995206122815,5.951320431624624,5.956976516170283,1.9836455055498912,4.051235132662397,0.306319938067422,1.9937206501083522,3.2277343920184722,0.03932526244340949,0.0010170641184832246,0.09926765004870622,0.42576107256974755,1.0,14.0,2.3202499987618674,0.03049166316080054,5.754887502163469,4.0,1.5,0.3333333333333333,5.724101040847824,14.0,2.399193945127724,0.00011882972569867601,5.997806618230761,4.006369426751593,1.9974522292993633,0.25,5.999434964046925,14.0,2.368390266161246,0.010944392700660359,5.9045590763521245,4.031847133757962,2.4878677585683957,0.2987261146496816,5.901870350842757,1.0,2.384152172362217,0.0060399995206122815,5.951320431624624,4.051235132662397,3.2277343920184722,0.306319938067422,5.956976516170283,14.0,2.395925176697343,3.51955430228866e-05,5.9897601484288225,4.051282051282051,4.967948717948718,0.24935897435897436,5.9998253507225074,14.0,2.3891269198451823,0.0016223456870953772,5.970383781082313,4.102564102564102,6.416666666666667,0.2682445759368836,5.985559208796764,14.0,2.392058620096457,1.7515880581491443e-05,5.98012027642027,4.15483870967742,9.806451612903226,0.24903225806451615,5.999912585055752,14.0,2.391707697508832,2.343631776792098e-05,5.979234089295427,4.188311688311688,12.68243661100804,0.24925074925074928,5.999882948526737,14.0,2.390430590011544,0.00018840733265107783,5.975793864029882,4.269736842105263,18.832894736842103,0.2555668016194332,5.998351171725002,14.0,2.3897486601395355,9.342007767187965e-06,5.974357637337187,4.373333333333333,24.786666666666665,0.2491025641025641,5.999953302902745,13.0,2.387684229721596,6.7553037240666334e-06,5.969200441348402,4.613924050632911,35.98860759493671,0.24902629016553068,5.999966227628279,13.0,2.3865331067415356,5.197529373932211e-06,5.966324970559778,4.837662337662338,46.52987012987013,0.249000999000999,5.999974014137953,12.0,2.3872962827908397,3.1659792736872266e-06,5.9682359580081865,5.1075949367088604,67.17450271247739,0.24912771827328792,5.999984170574185,2.386463593406243,1.1198273304202644e-06,5.966157303774612,5.9999952967111225,1.999998058961264,8.0,0.24931756141947226,1.99999992533918,0.0,5.958406868385147,5.958406868385147,2.2468439458900806,0.0800589408401136,5.497021453465031,3.925,2.2415887721548793,0.09234609445015665,5.465452788711962,3.9375,0.13730822647213659,0.14256340020733793,0.005255173735201346,2.3889043174917672,2.2189551162547847,2.2354737650527294,0.16994920123698304,0.15343055243903836,S_inf_minus
3.567,3.0,45721.0,2198.0,2.1464134972931572,0.013637104799262657,5.345578086033998,5.928894346248662,1.9717524138164664,6.711802378774016,0.23432331620803717,1.9944359567349357,2.211762986682932,0.20763487818554754,0.0080865544635365,0.525030764227526,2.430783394992316,1.0,14.0,2.2425965827307066,0.05767525676431018,5.5199785716803005,4.643312101910828,1.3312101910828025,0.2929936305732484,5.682732935020126,14.0,2.2516195911402037,0.014958488027697482,5.6066112458089625,5.267515923566879,1.6231725811343645,0.2356687898089172,5.928324352771378,14.0,2.189287088301907,0.02165929810106712,5.4407287736031655,5.89171974522293,1.8763775149125466,0.2496815286624204,5.881179358173568,1.0,2.1464134972931572,0.013637104799262657,5.345578086033998,6.711802378774016,2.211762986682932,0.23432331620803717,5.928894346248662,14.0,2.0609218686280544,0.004458389659841714,5.145617087080373,8.455128205128204,2.8153944157903434,0.19679487179487176,5.977795744701214,14.0,1.992481889171075,0.0042577065875928355,4.974818163046298,9.83974358974359,3.132233017527135,0.18713017751479294,5.977290733904748,14.0,1.871215921185987,0.00204086559444355,4.674978504573301,12.748387096774193,3.5620667298924693,0.16225806451612904,5.989227120374555,14.0,1.7908709873162085,0.0015444915707669214,4.474860730934371,14.883116883116884,3.8267984353018614,0.14722777222777222,5.991707320829736,14.0,1.673774372025107,0.0009055355910651512,4.183077626676169,18.539473684210527,4.473866666664587,0.12710863697705804,5.995130511390396,14.0,1.6057352249528378,0.0006824305117205162,4.013314416614514,21.1,5.15149926793202,0.1153846153846154,5.996220415415753,13.0,1.5267942895233795,0.0004189825936769482,3.8163572499179326,24.60126582278481,6.461239345269045,0.10329438493995456,5.997594441209599,13.0,1.482556715805917,0.0003037753404121361,3.705936126504174,26.72077922077922,7.886630986313587,0.09612262737262738,5.998197758762926,12.0,1.4370436449504376,0.00019491657510265113,3.592316737513439,29.20886075949367,10.767079553419736,0.08789759818240832,5.998779173028825,1.3389074361665358,1.642435731774583e-05,3.3472439538803624,5.99993340708537,1.9999723275760175,32.0,0.07506824385805277,1.9999997013740014,0.009240129703116492,3.331279368787892,3.3405194986572173,1.7255692451094462,0.14366364969669757,4.09842763822857,9.775,1.7033449410079669,0.14114662785293836,4.046642410740509,10.0875,0.420844252183711,0.4430685562851904,0.022224304101479353,2.167983588899104,2.1127327890114853,2.1110726765355157,0.055250799887618586,0.05691091236358825,S_inf_minus
3.567,4.0,45738.0,2198.0,2.382125386734671,0.0062033327052435205,5.946008467778812,5.956188233196695,1.983328300163818,4.070905763952425,0.3057217256668309,1.9936694074810175,3.2126971419857973,0.03863877797594442,0.0018885844332671856,0.09819890713766734,0.4069442992176822,1.0,14.0,2.3160548117012967,0.031111070078365784,5.743470424135694,4.025477707006369,1.4929936305732485,0.33227176220806787,5.721504603802579,14.0,2.3946958402883007,0.0005941486284933575,5.985848377778011,4.044585987261146,1.9838641188959658,0.25,5.997174820303875,14.0,2.3657494566320363,0.011109874696420271,5.8977088295354605,4.057324840764331,2.4761904761904763,0.2987261146496815,5.901123777001845,1.0,2.382125386734671,0.0062033327052435205,5.946008467778812,4.070905763952425,3.2126971419857973,0.3057217256668309,5.956188233196695,14.0,2.391823194049093,0.0001935754866258023,5.979267621892793,4.102564102564102,4.913461538461538,0.2496794871794872,5.999039429051695,14.0,2.386231129663882,0.0017068130744015697,5.963017604548102,4.141025641025641,6.352777777777779,0.2682445759368836,5.9850613081879045,14.0,2.388752130455653,7.88214626165224e-05,5.971762093945206,4.212903225806452,9.658064516129032,0.24951612903225803,5.999606632811481,14.0,2.3880549365736394,5.989281207343165e-05,5.970047502215987,4.266233766233766,12.44325912183055,0.24962537462537462,5.9997008684841475,14.0,2.386040861832433,0.00021891021987656924,5.964773789251266,4.3881578947368425,18.28125,0.25548245614035087,5.998198889837988,14.0,2.3852782897960325,3.1362454646508554e-05,5.963148680808112,4.513333333333334,23.868000000000002,0.24955128205128205,5.99984323121431,13.0,2.383455436545263,2.252092174950007e-05,5.9586048099805335,4.746835443037975,34.45822784810127,0.24951314508276531,5.999887417594582,13.0,2.3822974636832073,1.7543765528523782e-05,5.955717343559724,4.974025974025974,44.211255411255415,0.2495004995004995,5.999912292647857,12.0,2.3814343300636156,1.1961226491485758e-05,5.953567883319302,5.405063291139241,61.34683544303797,0.24951314508276537,5.999940197905711,2.38105112962474,2.0156981515029315e-06,5.952624800514623,5.999990817385945,1.9999962672292646,8.0,0.24931756141947226,1.9999996267189522,0.0,5.94538050632444,5.94538050632444,2.1930897112061,0.10882260772756194,5.319490366423906,3.9625,2.2270644721605786,0.08800225920850682,5.435657791588686,3.975,0.18903567552857092,0.1550609145740922,-0.03397476095447871,2.3889043174917672,2.232130197307278,2.223662446284947,0.15677412018448977,0.16524187120682057,S_inf_minus
3.567,5.0,45755.0,2198.0,2.3712891515786274,0.005066851707338013,5.920622601385563,5.9564193660133515,1.9837841714353384,4.176578225068618,0.30251952987543107,1.9922192378415065,3.166275650241799,0.06771224865306918,0.0041574505169746125,0.17071407411478562,0.710604810862037,0.6175663311985361,14.0,2.3230604584951235,0.04844886073615974,5.734977855133572,4.050955414012739,1.4859872611464968,0.33121019108280253,5.704402198503381,14.0,2.3868439098759646,0.0011882972569867488,5.965327328804431,4.114649681528663,1.9632393084622386,0.25,5.994349640625064,14.0,2.3600740612117024,0.017370436472999108,5.874129498319757,4.146496815286624,2.4456323930846224,0.2968152866242038,5.893123909165776,1.0,2.3712891515786274,0.005066851707338013,5.920622601385563,4.176578225068618,3.166275650241799,0.30251952987543107,5.9564193660133515,14.0,2.376263135705933,0.0003519554302287635,5.9401299061194885,4.294871794871795,4.789224664224664,0.2483974358974359,5.998253507380884,14.0,2.370220858586789,0.002669611539961045,5.921547729157032,4.365384615384615,6.184992784992785,0.266025641025641,5.983767264950315,14.0,2.367126767054756,0.00016929885189209324,5.917562969359052,4.561290322580645,9.304141020270052,0.24645161290322581,5.999131674098739,14.0,2.3619681422757455,0.0001241136851738477,5.904734185161603,4.740259740259741,11.855456232079609,0.24600399600399603,5.999345374160495,14.0,2.3525393742617653,0.0003406163803656729,5.880837511083863,5.125,16.95272841193894,0.25101214574898784,5.997964724059134,14.0,2.3453639890335722,5.916412927430059e-05,5.863321226390019,5.506666666666667,21.568744588744586,0.24448717948717946,5.999679345822617,13.0,2.332480267868962,3.884210185908471e-05,5.831142406519616,6.265822784810126,29.92596580634555,0.24277831872768582,5.9997810421968385,13.0,2.319557424184639,2.8261278276207117e-05,5.798851168544183,7.077922077922078,37.2112629073668,0.2409777722277722,5.999832715278363,12.0,2.2971130523024508,1.782372925456581e-05,5.742755895162245,8.525316455696203,50.253894169865866,0.2371592015579358,5.9998786156088775,1.9511792101643093,2.0157027247336146e-06,4.877945001856686,5.999978275288281,1.9999920865285186,24.0,0.14058234758871702,1.9999954460314333,0.001267542944301061,4.846573694298538,4.847806393263624,1.9306797663988422,0.07915907300550004,4.707960806488854,6.9625,1.9094222596825325,0.05826426069947682,4.686159258157116,6.85,0.4406093851797852,0.46186689189609487,0.02125750671630966,2.3592324752158493,2.194617376914148,2.2183660810297194,0.16461509830170054,0.14086639418612926,S_inf_minus
3.5675,0.0,45675.0,2198.0,2.3789902439437953,0.007094289089206808,5.936834176225679,5.955467272401032,1.982790994437275,4.110704483074108,0.30403265535927937,1.9946177218103907,3.1995360083649196,0.0557295485850472,0.0016736486587132294,0.14058055616625123,0.5924230004653427,1.0,14.0,2.3377692235384986,0.07101379645801613,5.737902364159222,4.050955414012739,1.4872611464968153,0.32908704883227174,5.683569519074891,14.0,2.391680239109622,0.0004753189027946984,5.9784876194198615,4.076433121019108,1.978768577494692,0.2484076433121019,5.9977398562396385,14.0,2.371969663855542,0.02530684427642592,5.891963893224216,4.082802547770701,2.4702760084925695,0.2974522292993631,5.8875071959795875,1.0,2.3789902439437953,0.007094289089206808,5.936834176225679,4.110704483074108,3.1995360083649196,0.30403265535927937,5.955467272401032,14.0,2.382322477511365,0.00022877102964866613,5.955463037233939,4.217948717948718,4.850427350427351,0.24743589743589745,5.998864779791515,14.0,2.3758009236724473,0.003745582825571754,5.933883934942762,4.262820512820513,6.273809523809525,0.2642998027613412,5.9832702998341984,14.0,2.3679619410388604,9.195837305265817e-05,5.919766915037571,4.406451612903226,9.466973886328724,0.24387096774193548,5.999541071616281,14.0,2.3593869150463074,7.812105922633982e-05,5.898350106026928,4.538961038961039,12.082683982683983,0.24225774225774224,5.9996098284628525,14.0,2.3416897987755796,0.0004326109339938559,5.8535755805379575,4.828947368421052,17.404605263157894,0.2440958164642375,5.998050751303994,14.0,2.327049700539034,4.2047697297397475e-05,5.817561179801639,5.053333333333334,22.446666666666665,0.23608974358974355,5.9997898420957165,13.0,2.301283174270632,3.0029210791017887e-05,5.753162891860393,5.468354430379747,31.81708860759494,0.23097208698474517,5.999850637368621,13.0,2.2766329895234767,2.144187751731217e-05,5.691550310992415,5.922077922077922,39.92294372294372,0.22627372627372624,5.999894102576566,12.0,2.22740620031623,1.4775244735670472e-05,5.568493337923472,6.867088607594937,53.37130801687764,0.21587958455047063,5.999928941825417,1.7567486113186812,3.2101870974798885e-06,4.391866713016056,5.999984247716329,1.9999936791764104,16.0,0.11692447679708826,1.9999990294783725,0.0006150137955406267,4.386739067976762,4.391866713016056,1.8331259468756003,0.1238259012158347,4.397076015365248,8.2375,1.8638330320959895,0.12895453124890324,4.466150783366619,7.925,0.5458642970681951,0.5151572118478058,-0.03070708522038923,2.378688106898542,2.248625483805371,2.209043449226545,0.1300626230931714,0.1696446576719974,S_inf_minus
3.5675,1.0,45692.0,2198.0,2.379250179164234,0.006183682914918639,5.938849923538207,5.956319562120219,1.983378626401768,4.102470265324794,0.30477162361883314,1.993688467918508,3.203394436457108,0.05363107230857,0.0017610320899937744,0.135530060093656,0.5735264585114159,1.0,14.0,2.317694589965218,0.03101317751752651,5.747716708636756,4.012738853503185,1.4961783439490446,0.3333333333333333,5.721517352553377,14.0,2.394357615894067,0.0008318080798907095,5.984646327615331,4.044585987261146,1.9847133757961786,0.25,5.996044748432351,14.0,2.363897464405604,0.010891538396383788,5.893406353419432,4.076433121019108,2.4723991507431,0.2987261146496815,5.901333751347783,1.0,2.379250179164234,0.006183682914918639,5.938849923538207,4.102470265324794,3.203394436457108,0.30477162361883314,5.956319562120219,14.0,2.39033917847398,0.00014078217209148946,5.975636772926812,4.115384615384615,4.9177350427350435,0.2487179487179487,5.999301402941965,14.0,2.381913709262649,0.0017267549846933239,5.952194140679582,4.1923076923076925,6.3373737373737375,0.26701183431952663,5.985040823273718,14.0,2.3832464817535413,8.611121536734027e-05,5.957987037560802,4.290322580645161,9.638514173998045,0.2482258064516129,5.99958187011733,14.0,2.3821205911416983,4.947667084329645e-05,5.95522726284798,4.37012987012987,12.407215007215008,0.24825174825174828,5.999752891353459,14.0,2.379081936378773,0.0002122479860646731,5.947386468967835,4.5394736842105265,18.212828947368422,0.25438596491228066,5.998224270961832,14.0,2.3774108976262887,2.5356878224904735e-05,5.9434892087483835,4.72,23.78711111111111,0.24820512820512822,5.999873250765702,13.0,2.3736239972571513,1.5199433378880098e-05,5.934037193992809,5.094936708860759,34.16202531645569,0.24805258033106134,5.999924012185269,13.0,2.371323820466436,1.1207698685365067e-05,5.928292739618062,5.441558441558442,43.73852813852814,0.24800199800199801,5.999943966727765,12.0,2.3717034159183568,7.387740449430371e-06,5.929247458185215,5.974683544303797,61.888377445339465,0.2482554365465758,5.999963063590082,2.3688817043916655,1.1944823947729333e-06,5.922202469255572,5.999995222056074,1.9999980091912264,12.0,0.24795268425841674,1.9999999999942293,1.882048572381211e-05,5.907095566372445,5.907190384376818,2.194555350069206,0.112299123281512,5.317939690250746,3.95,2.228649764392812,0.0874642995733825,5.440427961621956,4.075,0.1846948290950281,0.15060041477142194,-0.03409441432360616,2.3702119612880446,2.2144109531005727,2.2025876173159022,0.15580100818747228,0.16762434397214232,S_inf_minus
3.5675,2.0,45709.0,2198.0,2.3795672561467742,0.0063625676390610736,5.939374288908344,5.955472189960055,1.9830365407736656,4.0969807868252515,0.3051235132662397,1.9936405818813152,3.198445736940705,0.04399105520476292,0.0025003138797096295,0.11236522110255626,0.46043858779968805,1.0,14.0,2.314628949159981,0.03156548884354768,5.739224139634633,4.038216560509555,1.4898089171974522,0.33121019108280253,5.721048307342254,14.0,2.391471620799196,0.001069467531288067,5.977074850701058,4.070063694267516,1.975371549893843,0.25,5.9949146765608265,14.0,2.3629122862275804,0.011476798756933894,5.890065517433549,4.082802547770701,2.465574764937822,0.2980891719745223,5.899586072867794,1.0,2.3795672561467742,0.0063625676390610736,5.939374288908344,4.0969807868252515,3.198445736940705,0.3051235132662397,5.955472189960055,14.0,2.3882907224795042,0.0002815643441829846,5.9703044596824855,4.147435897435898,4.877136752136752,0.24935897435897436,5.9986028059012435,14.0,2.382717249231822,0.0017832079949115494,5.954118311087188,4.1923076923076925,6.2972222222222225,0.26750493096646943,5.984736588935841,14.0,2.384508852048024,0.00013136910436088213,5.961075076463518,4.290322580645161,9.529032258064516,0.24919354838709679,5.999344388030678,14.0,2.3830200565506727,0.00010155737699413391,5.9573978053111905,4.376623376623376,12.20126777983921,0.24925074925074928,5.999492777006902,14.0,2.380101966224969,0.00024782808097204744,5.9498831734409645,4.559210526315789,17.76503759398496,0.25472334682861,5.9980669165544285,14.0,2.378890792423559,4.937860793641372e-05,5.94715291314699,4.733333333333333,23.07892063492063,0.24903846153846151,5.9997585096983395,13.0,2.3760804403099605,2.7959163622571233e-05,5.940159162029468,5.120253164556962,32.84215025480849,0.24882343395001616,5.999866224098892,13.0,2.375550091366419,1.8840903812788445e-05,5.938846967060327,5.435064935064935,41.87904649463092,0.2488761238761239,5.9999109985445624,12.0,2.3772518095093242,1.0834701504633217e-05,5.943113271721052,5.860759493670886,58.73614992602332,0.24904657578708214,5.999948642242587,2.3729371609283945,8.212066076040969e-07,5.932341670511074,5.9999955953313515,1.9999982580415814,12.0,0.2484076433121019,1.9999996267189522,1.0461298441975008e-05,5.917123618890716,5.917196189632172,2.2191686487572126,0.08559053144265083,5.419535824729056,4.075,2.2149050903876764,0.09573081922533047,5.3936664971311945,4.1,0.16039860738956158,0.16466216575909787,0.004263558369536291,2.380708504983114,2.2452819084068163,2.227073217317218,0.13542659657629827,0.1536352876658965,S_inf_minus
3.5675,3.0,45726.0,2198.0,2.383022816523653,0.008089550807278646,5.945422715098215,5.954494295670242,1.9821349149543208,4.074565416285453,0.3056513477373496,1.9956128142810423,3.2124210342874573,0.040808355678291074,0.0016753324235271275,0.10331593142176612,0.4335252193391426,1.0,14.0,2.346478520913997,0.08181725209953257,5.743470424135694,4.025477707006369,1.4923566878980892,0.3333333333333333,5.671028174054576,14.0,2.393421954937983,0.00059414862849338,5.9826636644022155,4.057324840764331,1.9804670912951168,0.25,5.997174820303876,14.0,2.3747632661759277,0.02900120801359168,5.893406353419433,4.076433121019108,2.470427661510464,0.2987261146496815,5.883262436739472,1.0,2.383022816523653,0.008089550807278646,5.945422715098215,4.074565416285453,3.2124210342874573,0.3056513477373496,5.954494295670242,14.0,2.3898925190566254,0.00014078217209150085,5.974520124383427,4.128205128205129,4.903083028083028,0.2496794871794872,5.999301402941965,14.0,2.384922657022709,0.004283616714715572,5.9558812174847,4.173076923076923,6.342261904761904,0.26750493096646943,5.982733185870907,14.0,2.3830747910090504,6.56845521804783e-05,5.957588450694354,4.264516129032258,9.63594470046083,0.2482258064516129,5.999672194006682,14.0,2.379180882430169,4.94766708433772e-05,5.947877991069156,4.35064935064935,12.372912801484231,0.24762737262737264,5.999752891353459,14.0,2.371202838398888,0.0004887831384200867,5.927273921289588,4.519736842105263,18.189225905673275,0.2515182186234817,5.998013334250785,14.0,2.3642998610379466,2.6246209266892842e-05,5.910710283280966,4.693333333333333,23.758222222222223,0.24429487179487183,5.999872361516889,13.0,2.3507871974731684,1.7638704662018456e-05,5.876941535625927,5.050632911392405,34.132640144665466,0.24180460889321648,5.999914818682152,13.0,2.3376694182894084,1.3643444522996747e-05,5.844153080556737,5.441558441558442,43.2834879406308,0.24010364635364637,5.999934385764778,12.0,2.3119067938908313,1.177268397640566e-05,5.779749325701113,6.2974683544303796,58.90208230587977,0.23612463485881208,5.999944327392892,1.9930653410657622,2.9862022632443086e-07,4.982662904734066,5.999997909641093,1.999999203673622,18.0,0.17606915377616014,1.9999997013740014,0.0007388682221688926,4.972614867209747,4.973690343595701,2.0151688731989745,0.12205309480998756,4.854842540782455,6.45,2.0182831459407864,0.1323682727906174,4.847155455666039,6.2875,0.3678539433246786,0.3647396705828667,-0.003114272741811863,2.3900672670145244,2.2547530323010947,2.2288281486075783,0.1353142347134289,0.16123911840694483,S_inf_minus
3.5675,4.0,45743.0,2198.0,2.3700320524190817,0.006408752753647247,5.915467001917235,5.955245830754631,1.9829456926669948,4.20128087831656,0.3024491519459498,1.993616587649567,3.154346381736592,0.06991731299423577,0.0025011443362598276,0.17687350726133985,0.7505522253473064,1.0,14.0,2.3109005347635194,0.031013177517526528,5.73073157063251,4.063694267515924,1.4821656050955414,0.33121019108280253,5.721517352553377,14.0,2.3846343635695617,0.0009506378055894024,5.96015995221552,4.140127388535032,1.9560206248104335,0.24920382165605096,5.995479712496589,14.0,2.3548817720352186,0.011168611629311915,5.8704515126440775,4.171974522292993,2.436988171064604,0.2968152866242038,5.901055740398316,1.0,2.3700320524190817,0.006408752753647247,5.915467001917235,4.20128087831656,3.154346381736592,0.3024491519459498,5.955245830754631,14.0,2.3779206724871402,0.00035195543022880905,5.944273748072507,4.2756410256410255,4.792124542124543,0.24807692307692308,5.998253507380884,14.0,2.369111169600935,0.0017686272673648508,5.9201249831012905,4.378205128205129,6.150793650793651,0.266025641025641,5.984833462938905,14.0,2.36819209660415,0.00014450601479708093,5.9202634824881795,4.561290322580645,9.212903225806452,0.24741935483870964,5.999278826835477,14.0,2.3649214728874144,0.00010155737699428963,5.912151346153044,4.733766233766234,11.670655534941249,0.24737762237762237,5.999492777006902,14.0,2.359502939282096,0.0002493646908034646,5.898383301169035,5.065789473684211,16.61593045112782,0.2531207827260459,5.998065359401924,14.0,2.3566375000702906,5.7386619140729065e-05,5.891507670247015,5.38,21.042666666666666,0.24730769230769237,5.999713146491615,13.0,2.3521832776722373,3.199383303847455e-05,5.880410203431034,5.962025316455696,28.909523809523808,0.24716001298279783,5.999840800877051,13.0,2.3494005834173306,2.0735964884260233e-05,5.873470354596,6.461038961038961,35.689837146980004,0.24690934065934064,5.9998967603937166,12.0,2.345349400892064,1.0905090329292441e-05,5.863357144594665,7.379746835443038,45.54701627486437,0.24667315806556314,5.999945476341614,2.344350526188709,1.0451728824634188e-06,5.860874747712449,5.999993579641961,1.9999975114896928,10.0,0.2470427661510464,1.9999992534435513,1.4999544818285938e-05,5.856087383244147,5.856237884635107,2.2225328864244616,0.08156573439306666,5.433983614471553,4.1375,2.214884089235006,0.08823296547110693,5.404860774880855,4.2125,0.1474991659946201,0.15514796318407553,0.007648797189455436,2.3702277099553095,2.2066178456039895,2.2067356860488285,0.16360986435132002,0.1634920239064811,S_inf_minus
3.5675,5.0,45760.0,2198.0,2.3786148555138054,0.004913610201398076,5.939166723482417,5.957770629907288,1.9842856732352976,4.101097895699908,0.30431416707720454,1.9924824462570385,3.2043289548207206,0.05437333719939886,0.002439829048926856,0.1363960432650631,0.5749646415200822,0.812900274473925,14.0,2.326957407268891,0.04874781817427453,5.744271790910815,4.031847133757962,1.491082802547771,0.33227176220806787,5.705668382490861,14.0,2.390874184237345,0.0005941486284933914,5.976294237650623,4.082802547770701,1.975917500758265,0.24920382165605096,5.997174820303876,14.0,2.3651791479489206,0.017386345366239803,5.886868351822942,4.10828025477707,2.464968152866242,0.2974522292993631,5.895406596267656,1.0,2.3786148555138054,0.004913610201398076,5.939166723482417,4.101097895699908,3.2043289548207206,0.30431416707720454,5.957770629907288,14.0,2.3854984361391383,0.00017597771511440453,5.963482123775175,4.17948717948718,4.878205128205129,0.24807692307692308,5.999126753681787,14.0,2.377284380184103,0.0025772706801322457,5.93934504444006,4.25,6.2875,0.2652859960552268,5.984603811885463,14.0,2.3725917587626806,7.882146261660261e-05,5.931361164712776,4.387096774193548,9.518279569892474,0.24564516129032254,5.999606632811481,14.0,2.3654855979583544,5.728877676596562e-05,5.913628061730738,4.51948051948052,12.186796536796537,0.2443806193806194,5.999713874201476,14.0,2.3501587196111267,0.0002909898998622274,5.874960314178023,4.776315789473684,17.69134056732741,0.24662618083670718,5.998248583707067,14.0,2.3355064580883154,2.98052613604168e-05,5.838721437328747,5.026666666666666,22.847259259259257,0.23820512820512824,5.9998474560510635,13.0,2.305258945145642,1.8858394284702575e-05,5.7631190752726775,5.531645569620253,32.289245986081426,0.23158065563128855,5.9999012157766325,13.0,2.2804497634095435,1.3805832273994523e-05,5.701103699775447,5.987012987012987,41.2141489102528,0.22583666333666338,5.999927077175863,12.0,2.235815720840151,7.12927469117159e-06,5.58952860818834,6.89873417721519,56.143843498273874,0.21640701071080817,5.9999574129813595,1.9818193380936306,1.1198280711610664e-06,4.95454666549197,5.999991713262947,1.999996864478292,12.0,0.1842584167424932,1.9999987308577736,0.0003087826145726742,4.952862252119168,4.954546665491969,1.9553160403938505,0.07897028418100643,4.769834674713115,6.4,1.9880423007708827,0.08623350342998717,4.840755496782226,6.375,0.4232988151199548,0.39057255474292263,-0.03272626037703219,2.36191637776229,2.2036113331710596,2.1952669781062095,0.15830504459123074,0.16664939965608086,S_inf_minus
3.569946,0.0,45699.0,2198.0,2.3616915844600057,0.0074373657190026695,5.893072912571511,5.953666907807337,1.982076514029445,4.295059469350412,0.2989654444366247,1.9945488375094715,3.1165739046457257,0.08855123927673132,0.003275882118214579,0.22447346790034292,0.9518813273839473,1.0,14.0,2.3116211238965287,0.040706728407998036,5.7179927171293246,4.101910828025478,1.4738853503184715,0.32590233545647557,5.711825679358051,14.0,2.3779279493502705,0.0024131626885786485,5.941200129342808,4.1847133757961785,1.9418865635426144,0.2484076433121019,5.98820738168089,14.0,2.3490898018867337,0.014591331241483724,5.850837507854606,4.24203821656051,2.4136336063087658,0.2929936305732484,5.897048164200402,1.0,2.3616915844600057,0.0074373657190026695,5.893072912571511,4.295059469350412,3.1165739046457257,0.2989654444366247,5.953666907807337,14.0,2.3635839281957587,0.0004985345640154589,5.908212018643375,4.42948717948718,4.704212454212454,0.2448717948717949,5.997479179633463,14.0,2.351601628640052,0.0023354698310680323,5.875500866853529,4.5576923076923075,6.020568783068783,0.25986193293885607,5.983852839703176,14.0,2.345286583758853,0.00020890500814012918,5.862903101884922,4.754838709677419,9.071991807475678,0.24096774193548384,5.998899540489432,14.0,2.337842171478654,0.00015289898277846337,5.844376080222468,4.941558441558442,11.560647289218718,0.2401348651348651,5.999201979971861,14.0,2.326141539272825,0.0003043861760633905,5.814897268917967,5.2631578947368425,16.72570773524721,0.24316801619433198,5.997972863853069,14.0,2.3172927820381797,6.96420557014162e-05,5.793127492011897,5.553333333333334,21.53267724867725,0.23692307692307688,5.999628805818806,13.0,2.298584661688682,4.701630290049611e-05,5.746391129767354,6.094936708860759,30.158981314044606,0.23446121389159363,5.999753713691048,13.0,2.279441025163618,3.741726863846852e-05,5.698546437006088,6.64935064935065,37.76887239744383,0.23136238761238762,5.99980730983962,12.0,2.2456892352047007,2.3219239565921733e-05,5.614188259152401,7.582278481012659,50.85365773467039,0.22490668614086334,5.999882786732978,2.009642034915457,3.583455592703899e-06,5.0240997121052535,5.999983874456751,1.9999934303337195,19.0,0.19062784349408554,1.9999994027537737,0.0007958477435574687,5.009856799992117,5.011070285965551,2.0193564110435798,0.10343070329492488,4.8932449726665626,6.1875,2.0334371995496285,0.09764694267334917,4.937122584864047,6.0625,0.34233517341642594,0.3282543849103772,-0.01408078850604877,2.360523366277688,2.216943341438515,2.2100751824841485,0.1435800248391735,0.15044818379354016,S_inf
3.569946,1.0,45716.0,2198.0,2.3814571358403374,0.006243625585624576,5.944277401222407,5.9560248441857,1.983260406200026,4.078225068618481,0.30568653670209023,1.9936686707834141,3.212810416938962,0.045268521489309446,0.0022715575750219793,0.11531364118712602,0.4809374010667593,1.0,14.0,2.3144217291094034,0.0306858775758375,5.740025506409753,4.044585987261146,1.4885350318471338,0.33014861995753714,5.723904948737643,14.0,2.392148069587664,0.0005941486284933744,5.979478951026419,4.070063694267516,1.9796784956020623,0.24920382165605096,5.997174820303876,14.0,2.3640540750762393,0.010944392700660359,5.893718598639607,4.076433121019108,2.4734607218683653,0.2974522292993631,5.901870350842757,1.0,2.3814571358403374,0.006243625585624576,5.944277401222407,4.078225068618481,3.212810416938962,0.30568653670209023,5.9560248441857,14.0,2.389890831664544,0.0002497148563927479,5.974352506876771,4.128205128205129,4.907051282051282,0.24903846153846154,5.998769434596026,14.0,2.385717904182026,0.0017066753577433557,5.9617347474184506,4.147435897435898,6.366666666666667,0.26775147928994086,5.9849782507605696,14.0,2.388210298296414,0.00010110716322284448,5.9703740849962,4.219354838709678,9.69462365591398,0.24903225806451615,5.999496417977082,14.0,2.386646873896305,8.353374490063828e-05,5.966491884123411,4.292207792207792,12.470995670995672,0.249000999000999,5.999583321042819,14.0,2.384483148765344,0.00023108318387537143,5.9608612471375455,4.434210526315789,18.311795112781954,0.2548920377867746,5.998130425645381,14.0,2.3836885781209003,4.585045002758174e-05,5.959152669627209,4.573333333333333,23.985481481481482,0.24903846153846157,5.999772667374679,13.0,2.382009202685852,3.2284870091817725e-05,5.954974579409492,4.8544303797468356,34.78028933092224,0.24906686140863357,5.999843873171643,13.0,2.3803157688586905,2.4908925067364954e-05,5.950752058759125,5.162337662337662,44.606802721088435,0.2490322177822178,5.999880238401415,12.0,2.377942851702265,1.7965531556595742e-05,5.944830180958327,5.784810126582278,61.70886075949367,0.2489451476793249,5.999913368290912,2.3797024878849053,7.017703416600796e-06,5.949245693157137,5.999967898016657,1.9999869601044136,12.0,0.24931756141947226,1.9999986562029717,5.4595167525324565e-06,5.936330409618139,5.936403305587064,2.192564985709641,0.11724744989489486,5.30554128943176,3.95,2.2054157228527655,0.10637681637348495,5.353974082571686,4.0,0.18889215013069638,0.1760414129875718,-0.012850737143124569,2.3784753137163253,2.232084801809637,2.218884795448884,0.14639051190668764,0.15959051826744147,S_inf
3.569946,2.0,45733.0,2198.0,2.3677459693452696,0.006562449692584335,5.909521248824298,5.955294506978528,1.9829106857619818,4.225068618481244,0.3004081919909916,1.993846107504177,3.148470243541149,0.07916815246564277,0.0026520592946501077,0.19919620404499017,0.8396798936173838,0.9258920402561757,14.0,2.3309292888908755,0.06439443439645276,5.730731570632509,4.063694267515924,1.4821656050955414,0.33121019108280253,5.688119313182913,14.0,2.3881177952262833,0.0011882972569867772,5.968512042180227,4.101910828025478,1.9666363360630876,0.25,5.994349640625064,14.0,2.364148829314771,0.022687969304220776,5.876340119330598,4.140127388535032,2.445025781013042,0.2968152866242038,5.889535105334111,1.0,2.3677459693452696,0.006562449692584335,5.909521248824298,4.225068618481244,3.148470243541149,0.3004081919909916,5.955294506978528,14.0,2.367529748714248,0.00038114712513067554,5.918252651097924,4.384615384615385,4.739010989010988,0.2455128205128205,5.998154617872863,14.0,2.357280254813214,0.0034176131663871834,5.888074217283456,4.480769230769231,6.078571428571428,0.2608481262327416,5.9834326589252465,14.0,2.341978258853694,0.00017222243073481807,5.854687313488133,4.774193548387097,8.99836149513569,0.24129032258064514,5.999163740251972,14.0,2.3269090651776794,0.0001275835914142758,5.817081287557077,5.032467532467533,11.321080002248834,0.2378871128871129,5.999383534119355,14.0,2.296324274503126,0.0003963536197492065,5.74021615582819,5.559210526315789,15.878730918204605,0.23574561403508767,5.998058907139604,14.0,2.267174090905327,6.650762209925887e-05,5.667835465830168,6.093333333333334,19.96261087061087,0.22525641025641033,5.999680004137998,13.0,2.2145336854787665,4.353608286771283e-05,5.536268909572613,7.063291139240507,27.393530991222732,0.21320188250567995,5.999787601753633,13.0,2.1660990010361125,3.3243304352548474e-05,5.415197637633751,8.025974025974026,33.58052333881211,0.20360889110889113,5.999838126112521,12.0,2.076917718020522,2.4413797418849158e-05,5.192257674355177,10.075949367088608,41.648457610892464,0.18595829276209022,5.999880186408611,1.4400145586236222,4.479318089778417e-07,3.6000357246613417,5.999990593435106,1.9999967151677656,32.0,0.08098271155595996,1.9999974617208234,0.0006805800179572879,3.5860606804100508,3.58674138944765,1.7166003759971218,0.09661377787925389,4.146580273173924,9.5125,1.6872166580771057,0.1066136547313881,4.058121163095683,9.7625,0.6511455933481478,0.6805293112681639,0.02938371792001604,2.383644815267405,2.2280979695047467,2.2159291716759584,0.15554684576265798,0.16771564359144658,S_inf
3.569946,3.0,45750.0,2198.0,2.3780124814155217,0.006160944136962657,5.93578978733336,5.956458649743558,1.983432568535532,4.115279048490393,0.3038918995003167,1.9937041928041597,3.198481135363569,0.05815525152776203,0.0015558223955980104,0.14669796245012565,0.617282981996876,1.0,14.0,2.3167760364730605,0.03036343868087159,5.746394933161346,4.025477707006369,1.4929936305732485,0.33227176220806787,5.72423302071804,14.0,2.392615900065706,0.0007129783541920787,5.980470282632977,4.063694267515924,1.9797391568092206,0.25,5.996609784368114,14.0,2.3632530953187127,0.01119555700860861,5.891339402783868,4.082802547770701,2.4698968759478315,0.2980891719745223,5.900448172032138,1.0,2.3780124814155217,0.006160944136962657,5.93578978733336,4.115279048490393,3.198481135363569,0.3038918995003167,5.956458649743558,14.0,2.385705888435809,0.00012318440058009173,5.964079944488652,4.166666666666667,4.886904761904762,0.24807692307692308,5.9993887275720565,14.0,2.3794071457855024,0.0016747785330971853,5.946005696664111,4.205128205128205,6.322619047619048,0.2662721893491124,5.9852584566935985,14.0,2.3801874741730864,4.378970145368849e-05,5.950403000880536,4.309677419354839,9.588018433179723,0.247741935483871,5.999781462665351,14.0,2.377614884078585,3.3852458998108084e-05,5.943986431507964,4.415584415584416,12.28126159554731,0.24762737262737264,5.9998309256574265,14.0,2.373953411339048,0.00020013485713641832,5.934583326061914,4.625,17.870723684210525,0.25345816464237514,5.998292602390397,14.0,2.372626726484946,1.6682156727026628e-05,5.931541792977274,4.8133333333333335,23.174666666666667,0.24769230769230774,5.999916612339934,13.0,2.3688723616533696,1.0695897563105503e-05,5.9221648602870784,5.253164556962025,32.489421338155516,0.24756572541382665,5.999946527088208,13.0,2.3658347826349098,7.796294061175151e-06,5.914575262146182,5.701298701298701,40.25417439703154,0.24750249750249748,5.9999610212155865,12.0,2.3611514780473337,5.909827977853793e-06,5.9028698303763685,6.60126582278481,51.815354265987175,0.24740344044141513,5.999970451753484,2.3634742593109204,0.0,5.9086856482773005,5.999998208261321,1.999999402753774,12.0,0.24749772520473157,1.9999994027537737,2.235213711669196e-05,5.8937975339247295,5.89383618782521,2.2363849933748354,0.07849524863284771,5.473219610487817,4.1125,2.2222429942868556,0.08708825399646573,5.42497510472244,4.0875,0.14162748804068626,0.15576948712866612,0.014141999087979862,2.3889043174917672,2.239995794726506,2.2128959379459356,0.14890852276526145,0.17600837954583173,S_inf
3.569946,4.0,45767.0,2198.0,2.385384857611597,0.006186606483902943,5.954182234303139,5.95625797766221,1.9833571237261032,4.0356816102470265,0.3068477725385319,1.9936730882038247,3.229185727355901,0.023418533702677765,0.001959047957944665,0.060882985107268216,0.23741597868588374,1.0,14.0,2.3168529711610177,0.03049166316080054,5.746394933161345,4.025477707006369,1.4936305732484076,0.33121019108280253,5.724101040847824,14.0,2.3967757805108953,0.00047531890279470403,5.991226472923047,4.025477707006369,1.991507430997877,0.25,5.9977398562396385,14.0,2.3681148161653405,0.010805856084197187,5.904078256287053,4.031847133757962,2.4861995753715496,0.2987261146496816,5.902009356317491,1.0,2.385384857611597,0.006186606483902943,5.954182234303139,4.0356816102470265,3.229185727355901,0.3068477725385319,5.95625797766221,14.0,2.3951054141548505,0.00017597771511438745,5.987499568814455,4.064102564102564,4.944444444444444,0.25,5.999126753681786,14.0,2.3912957863737065,0.001696329929068407,5.975694971040664,4.07051282051282,6.419444444444444,0.26873767258382647,5.985071611900946,14.0,2.394742347008107,7.444249247122403e-05,5.98674420378156,4.109677419354838,9.806451612903226,0.25,5.999628486543216,14.0,2.394065066097915,5.9892812073552766e-05,5.985072826026678,4.14935064935065,12.656709956709957,0.25,5.9997008684841475,14.0,2.3929491915949415,0.00021305051332770315,5.982053403217361,4.223684210526316,18.730263157894736,0.25590418353576244,5.9982141148634325,14.0,2.3927403562089684,3.069516837762502e-05,5.981804847769854,4.306666666666667,24.590222222222224,0.25,5.999846566720021,13.0,2.3921344509061013,1.6888259310166582e-05,5.980310794876287,4.455696202531645,35.99566003616636,0.25,5.9999155690966655,13.0,2.3914366054191705,1.1044749919946225e-05,5.978574946423046,4.623376623376624,46.73246753246753,0.25,5.999944780062626,12.0,2.3905942542158973,6.191248357815302e-06,5.976476348667207,4.987341772151899,66.06726943942134,0.25,5.999969044694951,2.391875115728241,2.239651628599404e-07,5.979687453372858,5.999997984296143,1.99999925344366,8.0,0.24977252047315743,1.9999996267189522,0.0,5.973039664614021,5.973039664614021,2.215784753931117,0.09416280842166172,5.398217672195298,3.925,2.2489448814876973,0.0835508144379962,5.497035982062249,3.9625,0.16960010368048017,0.1364399761238997,-0.03316012755658049,2.3860101204837303,2.2347005227191494,2.2185043954691306,0.15130959776458117,0.1675057250145999,S_inf
3.569946,5.0,45784.0,2198.0,2.1812122754495538,0.012069856585318273,5.434925903745907,5.935480688315769,1.9744702772434835,6.2900274473924975,0.242768667745795,1.9945525725750253,2.3230153944357967,0.19122578048828956,0.006573095518047793,0.4825923337763812,2.178465112475564,1.0,14.0,2.272492712121848,0.054597052386372705,5.59933620172506,4.414012738853503,1.3891719745222932,0.31104033970276007,5.687814457257753,14.0,2.2933127337571904,0.012197961363905888,5.714984892347118,4.89171974522293,1.7242341522596303,0.24522292993630573,5.94181092082241,14.0,2.2314519646415967,0.021266974134001717,5.546729450402988,5.439490445859873,1.998306541300172,0.2636942675159236,5.880993145074072,1.0,2.1812122754495538,0.012069856585318273,5.434925903745907,6.2900274473924975,2.3230153944357967,0.242768667745795,5.935480688315769,14.0,2.0992760803144392,0.0035636696671665683,5.242844696285347,7.6923076923076925,2.9867105828644287,0.20032051282051277,5.98162982179982,14.0,2.0300260172932143,0.003634764969662071,5.069612895778543,9.025641025641026,3.362483649248355,0.1920611439842209,5.980070965943844,14.0,1.908497832479771,0.0018080412256454583,4.76853251936096,11.612903225806452,3.909188312713729,0.16370967741935483,5.990513891449641,14.0,1.834581830284697,0.001337206488967416,4.5844487659782915,13.337662337662337,4.299877642807159,0.14922577422577424,5.993103706834992,14.0,1.725671501634939,0.000811261077860629,4.312961862470558,16.282894736842106,5.032187900320804,0.12921727395411606,5.996003597357254,14.0,1.6582414632437528,0.0005963445124467626,4.144709141340712,18.366666666666667,5.892426162152909,0.11762820512820511,5.997025369771013,13.0,1.5847867136397062,0.0003636720433367672,3.9614212760342613,21.10126582278481,7.682987258146122,0.10516066212268745,5.9981590204061686,13.0,1.5477483136210026,0.00026641341755329783,3.868971163926176,22.81168831168831,9.420232476202674,0.09852647352647353,5.99864785030579,12.0,1.510295162869094,0.00018411310200654648,3.775461737519725,25.0126582278481,12.780844781014338,0.09396299902629018,5.9991204432625524,1.4036441923769476,1.2393241504149444e-05,3.5090918910801125,5.999944604755786,1.999977403838094,32.0,0.0805277525022748,1.999998058961403,0.017174118720781277,3.4831798371020746,3.500353955812005,1.7422694722220449,0.13285144483009642,4.156396513309967,9.825,1.7348563715877163,0.14413756432846356,4.120934582476595,9.7875,0.4389428032275089,0.44635590386183743,0.00741310063432854,2.212805035347577,2.1208235323094695,2.1330412377523427,0.09198150303810812,0.07976379759523528,S_inf
3.57,0.0,45700.0,2198.0,2.130897272096743,0.0135583544641824,5.306905648545586,5.930187529901623,1.9722097251458135,6.890210430009149,0.22798930255471886,1.9947650361525235,2.1439862287757987,0.2030818972843003,0.008378138244296136,0.5132983460959262,2.3743492875804435,1.0,14.0,2.251605328977639,0.0580013076555781,5.542011360960728,4.585987261146497,1.3433121019108278,0.30148619957537154,5.684360177685331,14.0,2.2473013126344097,0.014250509249029982,5.596877517712479,5.3312101910828025,1.6061874431301184,0.2372611464968153,5.933533220158825,14.0,2.1756812318383356,0.021096756026798526,5.40755794555564,6.044585987261146,1.8253462743908602,0.24522292993630573,5.884076012215463,1.0,2.130897272096743,0.0135583544641824,5.306905648545586,6.890210430009149,2.1439862287757987,0.22798930255471886,5.930187529901623,14.0,2.036779782260042,0.004537263711152649,5.085143560083376,8.679487179487179,2.705779137905835,0.18942307692307692,5.976743594347266,14.0,1.956241405827309,0.003990612029678568,4.884617596523755,10.282051282051283,3.005262149844193,0.1767751479289941,5.979130799369484,14.0,1.8227318501861771,0.0020133557620717283,4.553809591822335,13.567741935483872,3.410683568406441,0.15080645161290324,5.989781346176055,14.0,1.740576654855459,0.001499204627194148,4.349192830197857,15.928571428571429,3.677863916971285,0.13636363636363635,5.99221158419912,14.0,1.6195525324669915,0.0009240203366684845,4.047495300662476,20.013157894736842,4.091225340964308,0.1190114709851552,5.995441219470432,14.0,1.5482443336911464,0.0007584767965107453,3.8694731190330987,22.68,4.750836317466022,0.10794871794871795,5.996313170738744,13.0,1.475636440617808,0.00048601595534127653,3.6883620776115085,25.740506329113924,6.199417513709937,0.09497728010386239,5.997661644542803,13.0,1.4367172084120574,0.00037433968454260214,3.591231511503329,27.506493506493506,7.7009872221061775,0.08884865134865134,5.998216275093138,12.0,1.3901085085091187,0.00025558442506954635,3.474887894635192,29.49367088607595,10.668786289835502,0.08124391431353456,5.998793944439825,1.3050263512947342,5.31566754311541e-05,3.262486143223689,5.999773042431794,1.9999066285854543,32.0,0.0718835304822566,1.9999952220606918,0.0016510241830818484,3.2608351190391103,3.262486143223688,1.7029042424897867,0.14752721423195156,4.0359697848765395,10.2375,1.6974938066323706,0.14604287534478289,4.024670203563753,10.325,0.4279930296069563,0.43340346546437236,0.005410435857416074,2.14001417416615,2.1052960309013424,2.063748202978398,0.03471814326480746,0.07626597118775127,S_inf
3.57,1.0,45717.0,2198.0,2.1594985464783325,0.01292156160732549,5.379364023784843,5.932630686191609,1.9732363748614277,6.572735590118938,0.23696248856358645,1.9947568566056761,2.2572880484362643,0.2062488034863691,0.007496093316662394,0.521053702963572,2.419890797855512,1.0,14.0,2.249445352493019,0.05918187586568673,5.534840567434016,4.598726114649682,1.3394904458598726,0.30148619957537154,5.681210323657623,14.0,2.26254761408823,0.015244875790959601,5.633501721534135,5.159235668789809,1.6505307855626326,0.2428343949044586,5.92804027153972,14.0,2.209343259184182,0.021462323013125624,5.491164663440767,5.67515923566879,1.9372409260944294,0.2547770700636943,5.882152000348694,1.0,2.1594985464783325,0.01292156160732549,5.379364023784843,6.572735590118938,2.2572880484362643,0.23696248856358645,5.932630686191609,14.0,2.069627304322188,0.004283733654519395,5.16764266032369,8.301282051282051,2.817187494506499,0.19807692307692304,5.9785412972961955,14.0,2.000818785746982,0.004134063545616349,4.99584586904903,9.596153846153847,3.19286814048811,0.1871301775147929,5.978657553782268,14.0,1.871083042423101,0.0020110369697824517,4.674691050603079,12.612903225806452,3.728641482583184,0.15983870967741934,5.989943858290823,14.0,1.7865041511923745,0.0014662256563191937,4.464061039496459,14.915584415584416,4.040197669509352,0.14485514485514484,5.99258048922118,14.0,1.6713045627309717,0.0008815083086024872,4.176939144364526,18.644736842105264,4.743377232596987,0.125,5.995699516122126,14.0,1.6063153498192302,0.0006212582630793466,4.014856487153456,21.30666666666667,5.343702512587003,0.11467948717948716,5.9968751680810835,13.0,1.5252284159100344,0.0003913825672381045,3.8124839659242284,24.67721518987342,6.501229064959398,0.10264524505030832,5.998009720713282,13.0,1.4835532786918684,0.0002907082636921189,3.7084471343341323,26.623376623376622,7.9723136347756025,0.09737137862137861,5.998505939277312,12.0,1.4246669990702598,0.0001889837955895877,3.5613840219822652,29.272151898734176,10.766325515207958,0.08919587796170073,5.999035633885161,1.3104122753754337,1.9336225108190774e-05,3.2760016841009216,5.999919744543436,1.999966802772776,32.0,0.0718835304822566,1.9999990294783725,0.0014292347505645354,3.2745724493310933,3.2760016841009207,1.7228691441450608,0.13649574453136334,4.102429243565607,9.925,1.699894696205498,0.13774180331307173,4.043124035544137,10.225,0.43662940233327174,0.45960385027283457,0.022974447939562825,2.15499372557571,2.0955533601952254,2.0870264791811977,0.05944036538048395,0.06796724639451159,S_inf
3.57,2.0,45734.0,2198.0,2.3676474762312485,0.004831648375943358,5.911871218014208,5.957123578255829,1.9840973099599621,4.2154620311070445,0.3005137588852136,1.9921466609152978,3.1517481374983665,0.07649941813611782,0.00375091307159647,0.1927910842374039,0.8143041257522282,0.6582799634034767,14.0,2.325484057300737,0.04629223489401877,5.7442717909108145,4.031847133757962,1.491082802547771,0.3322717622080679,5.708416886213503,14.0,2.389391680576601,0.0011882972569867657,5.971696755556024,4.089171974522293,1.9695480740066726,0.25,5.994349640625064,14.0,2.3571758337849156,0.016594781429048536,5.868047412318716,4.178343949044586,2.4361540794661813,0.2942675159235669,5.89623402786245,1.0,2.3676474762312485,0.004831648375943358,5.911871218014208,4.2154620311070445,3.1517481374983665,0.3005137588852136,5.957123578255829,14.0,2.3683365338816533,0.00031675988720591107,5.920366194873325,4.358974358974359,4.760683760683761,0.2448717948717949,5.998428156641064,14.0,2.3511743815628674,0.002461836822122623,5.8742431986739865,4.576923076923077,6.008333333333333,0.25986193293885596,5.984554354640696,14.0,2.335117113108686,0.0001809931672627061,5.83752129302082,4.858064516129033,8.924731182795698,0.2380645161290323,5.999085054032479,14.0,2.3202419494820594,0.00013280130150258897,5.800405671752894,5.071428571428571,11.2873137684826,0.23464035964035965,5.999315896036563,14.0,2.288100761844595,0.00029610081682215173,5.719807753386253,5.565789473684211,15.827255639097745,0.23321524966261808,5.998149784858212,14.0,2.2575229590466637,6.316871085158364e-05,5.64371264455038,6.113333333333333,19.69259259259259,0.22378205128205128,5.9996646697209846,13.0,2.2007745765359497,4.203252025378296e-05,5.501873392559492,7.2405063291139244,25.427772754671487,0.21381045115222333,5.999768846642422,13.0,2.145571725094409,3.0426972098376245e-05,5.363883672277874,8.38961038961039,28.594650201678466,0.20339035964035965,5.999825353306853,12.0,2.05596939202153,1.8034245988675386e-05,5.139896428684842,10.39873417721519,33.28399622219429,0.18565400843881855,5.9998871303661705,1.6424826771468686,8.212111817229584e-07,4.106205461050399,5.999983053249509,1.9999940773461091,20.0,0.09099181073703366,1.9999954460314333,0.0010327629931597485,4.094383647758182,4.099246002226477,1.7491784105146766,0.06882926691074372,4.269702125920576,8.675,1.7711441090547855,0.08467849719710177,4.30084252684131,8.575,0.6184690657165719,0.596503367176463,-0.02196569854010888,2.367652559669092,2.2157469246141837,2.2087279571603697,0.15190563505490806,0.15892460250872123,S_inf
3.57,3.0,45751.0,2198.0,2.183326249577472,0.012660244416667568,5.439325257318678,5.934429941025323,1.9739232322028852,6.294602012808783,0.24347244704060808,1.9950269005982433,2.352752908116586,0.20389350439982737,0.00726054400054059,0.5150755807420515,2.3664972807030837,1.0,14.0,2.255361175284949,0.05753084979952025,5.552106663513094,4.573248407643312,1.3496815286624204,0.29723991507430997,5.689078768594472,14.0,2.274150484769792,0.010484526201277461,5.669649422622566,5.114649681528663,1.670730967546254,0.2372611464968153,5.951122470516667,14.0,2.226997936930248,0.020446089316418954,5.536825708350991,5.515923566878981,1.9872105954908499,0.26050955414012744,5.8865035749486125,1.0,2.183326249577472,0.012660244416667568,5.439325257318678,6.294602012808783,2.352752908116586,0.24347244704060808,5.934429941025323,14.0,2.10500818289079,0.003911896400259187,5.256652612626586,7.794871794871795,3.0400152965942437,0.20320512820512818,5.980210639896,14.0,2.0386226074600176,0.0039032668760376065,5.090701618335988,9.006410256410257,3.4214891418064792,0.1945266272189349,5.978970418115794,14.0,1.9083852723839059,0.0016290589618148808,4.768519592517043,11.787096774193548,3.9340805080823054,0.16306451612903228,5.991654106647584,14.0,1.8149933887490115,0.001187982223980765,4.535701498536557,14.123376623376624,4.185888476102594,0.1466033966033966,5.9936385963496654,14.0,1.6812970878589073,0.0007041023779071138,4.202186566080407,17.92105263157895,4.6424590782579855,0.12128879892037787,5.996261206320473,14.0,1.6088157418005888,0.0005178077375138261,4.021262642895202,20.34,5.3466969896674605,0.1105128205128205,5.997216231443037,13.0,1.5182020620586552,0.00030183097260298914,3.7950524086877326,23.664556962025316,6.834834478659576,0.09619441739694905,5.998351557622671,13.0,1.4674562268444498,0.00021629148634763582,3.668316129881603,25.753246753246753,8.339836570937964,0.08856768231768232,5.998818210658984,12.0,1.4135540167871958,0.00015894013849596838,3.533646631760246,28.050632911392405,11.372516008558273,0.08270447906523856,5.999200505324112,1.3056888387856749,5.076603216025433e-06,3.264214482059363,5.999946546588531,1.999980489995105,32.0,0.07825295723384895,1.999988950993872,0.0006480096036028012,3.2635664724229825,3.264214482059362,1.6891087761032288,0.15429680933515244,3.9913267262553447,10.15,1.716774410915199,0.12281343066220321,4.107715881294693,10.2875,0.4942174734742433,0.4665518386622731,-0.027665634811970152,2.1718866971146493,2.106714085754674,2.105918673513514,0.06517261135997529,0.06596802360113535,S_inf
3.57,4.0,45768.0,2198.0,2.3739822163640927,0.006681445608371876,5.924933372497676,5.954929140179136,1.9827492315235882,4.159194876486734,0.3033288760644662,1.9939076235008313,3.1720668322223675,0.06126338844326263,0.0027869194757382107,0.15554893963020286,0.6545638858017532,1.0,14.0,2.3161710336854133,0.03413562971926663,5.739224139634633,4.038216560509555,1.4898089171974522,0.33121019108280253,5.7183949003516386,14.0,2.3908741842373455,0.00059414862849338,5.976294237650623,4.082802547770701,1.9745829542007884,0.24920382165605096,5.997174820303875,14.0,2.3593607776989254,0.01204772934723928,5.880330350226451,4.127388535031847,2.452001819836215,0.2974522292993631,5.900177091538659,1.0,2.3739822163640927,0.006681445608371876,5.924933372497676,4.159194876486734,3.1720668322223675,0.3033288760644662,5.954929140179136,14.0,2.3775718816520626,0.00029916211569443933,5.943480960956615,4.2756410256410255,4.806166056166057,0.24775641025641024,5.998515481271154,14.0,2.371149005689538,0.0019441065722120095,5.924956354365527,4.352564102564102,6.176455026455026,0.2655325443786982,5.9844925115398215,14.0,2.368935707756469,0.00014741679740250304,5.922118144195068,4.535483870967742,9.278043103849555,0.24693548387096773,5.99924094093722,14.0,2.3643170420054145,0.00010936498373469684,5.910628557537933,4.681818181818182,11.831337493675157,0.24600399600399603,5.999432947492513,14.0,2.3539557832719886,0.0002556242105767063,5.884506021864107,5.026315789473684,17.121683470038732,0.24932523616734142,5.998077797509609,14.0,2.3447126009324615,5.050182390153424e-05,5.861705749595302,5.38,21.98464454064454,0.24224358974358973,5.999744024162166,13.0,2.327817732541307,2.7398113596915133e-05,5.819503234182872,6.031645569620253,30.940246040878943,0.2387211944173969,5.9998555234144275,13.0,2.314661576251138,1.4672730078173807e-05,5.786631931532726,6.5,39.59969265943292,0.23520229770229775,5.999921011897105,12.0,2.295248781839809,7.293607525892802e-06,5.73811101418823,7.405063291139241,55.25101536587017,0.2285175267770205,5.999958092580257,2.2256131260691463,5.225853909607281e-07,5.564032031294778,5.999997685675915,1.999999054363508,20.0,0.23066424021838033,1.9999999253391798,0.00017927379031434864,5.542861035475102,5.543239049882974,2.138775563293412,0.10666462630408602,5.1869419687774,4.6875,2.141760172924888,0.098802851247428,5.206196155441077,4.8625,0.2352066530706809,0.23222204343920483,-0.002984609631476065,2.360258503909404,2.191622281749113,2.205249531883893,0.1686362221602918,0.15500897202551064,S_inf
3.57,5.0,45785.0,2198.0,2.3851246221506934,0.006100738911133018,5.953660447010035,5.956677884068061,1.9835257150523096,4.039341262580055,0.3065662608206067,1.993700810896653,3.230488389317301,0.031730679046872844,0.0014550859921395852,0.08073618591049336,0.33314647574187145,1.0,14.0,2.319284213212634,0.03029744874576448,5.7527643599129386,4.006369426751593,1.4980891719745222,0.3333333333333333,5.724297132958004,14.0,2.399193945127724,0.00011882972569868167,5.997806618230761,4.006369426751593,1.9974522292993633,0.25,5.999434964046925,14.0,2.3695185804976533,0.010805856084197187,5.907587667117835,4.019108280254777,2.491507430997877,0.29936305732484075,5.902009356317491,1.0,2.3851246221506934,0.006100738911133018,5.953660447010035,4.039341262580055,3.230488389317301,0.3065662608206067,5.956677884068061,14.0,2.396307898622996,8.798885755718803e-05,5.990637763271154,4.044871794871795,4.964743589743589,0.2496794871794872,5.999563376832236,14.0,2.3910476357886474,0.0016125853637253586,5.97520021142603,4.07051282051282,6.433333333333334,0.26849112426035504,5.985486332570574,14.0,2.3941431851972177,3.9410731308292715e-05,5.985298846896081,4.109677419354838,9.838709677419354,0.24951612903225803,5.9998033163970845,14.0,2.3937162135515577,3.906052961320163e-05,5.984231943084475,4.136363636363637,12.727056277056278,0.24962537462537462,5.9998049142227705,14.0,2.392330928660782,0.00019780535672818034,5.98053061361686,4.203947368421052,18.89703947368421,0.2557354925775978,5.998294941263363,14.0,2.3920872981374783,1.801672926516673e-05,5.9801912202497975,4.273333333333333,24.942666666666668,0.24955128205128205,5.999909941328514,13.0,2.390942986883692,1.1821781517054773e-05,5.9773397345369546,4.424050632911392,36.58101265822784,0.24951314508276531,5.999940898362473,13.0,2.390266704934582,8.770830818602884e-06,5.975653606090225,4.564935064935065,47.74545454545455,0.2495004995004995,5.999956148869699,12.0,2.389236395898428,5.909827977685152e-06,5.973082125004103,4.8734177215189876,68.25822784810126,0.24947257383966248,5.999970451753485,2.3891724801015775,1.119834253771046e-06,5.972929520502563,5.999991713247125,1.9999968644709571,8.0,0.24931756141947226,1.9999987308577736,0.0,5.966172254220306,5.966172254220306,2.2472979745178394,0.08736973333761913,5.48719033628817,3.9625,2.215898824387925,0.0977556427664025,5.393113596820209,3.9,0.13782664763285402,0.16922579776276825,0.03139915012991423,2.3863763024166524,2.205193074394879,2.2164715526349843,0.18118322802177403,0.169904749781669,S_inf
3.570279,0.0,45702.0,2198.0,2.362099611050864,0.004912479766091637,5.897880307978023,5.9560718626674,1.9837197943004363,4.274931381518756,0.29952846787247517,1.99190237550818,3.123960375550037,0.08514379658719269,0.0035553027177973465,0.2146720442699396,0.9143979565385517,0.7049405306495883,14.0,2.3145127720343956,0.04552614197110981,5.7179927171293246,4.101910828025478,1.4713375796178343,0.33014861995753714,5.7070175319658,14.0,2.3792413408138975,0.0019378437857839952,5.945196586356068,4.178343949044586,1.9420685471640886,0.24920382165605096,5.990467525423939,14.0,2.3496277332837443,0.016337140470049267,5.849563622504286,4.24203821656051,2.408477403700334,0.29426751592356687,5.894710179392156,1.0,2.362099611050864,0.004912479766091637,5.897880307978023,4.274931381518756,3.123960375550037,0.29952846787247517,5.9560718626674,14.0,2.3602616760434127,0.0005689256500612549,5.89980080163344,4.506410256410256,4.65023865023865,0.2461538461538462,5.997129881113101,14.0,2.3455967570169505,0.0024771542677300092,5.860276161140782,4.673076923076923,5.930098605098605,0.2603550295857988,5.984041816543025,14.0,2.32641803005451,0.0002408177655207242,5.815683848487992,5.064516129032258,8.670567425406135,0.2385483870967742,5.998728094506033,14.0,2.3079448828934424,0.00018486851010702122,5.769584904468445,5.3896103896103895,10.781356233953638,0.23464035964035965,5.999014157606305,14.0,2.2733862732519836,0.00030629516540929476,5.683006240381845,6.046052631578948,14.737831795397584,0.231612685560054,5.998027101698305,14.0,2.2418294713956644,8.96499640972929e-05,5.604439203543015,6.66,17.850331890331894,0.2212179487179487,5.99951808785064,13.0,2.1853710759153704,6.005179150002213e-05,5.463337612101175,7.746835443037975,22.771264178859113,0.2083739045764362,5.999676518017952,13.0,2.1412725142677025,4.445173455688016e-05,5.353114608067421,8.727272727272727,26.51292517006803,0.1975836663336663,5.999763899440589,12.0,2.0577665586463874,2.783831956376097e-05,5.144374639136624,10.512658227848101,31.62611649953423,0.17893946770529048,5.99984918235695,1.4926107336317367,5.225909234241044e-06,3.7315189952154904,5.999962522926605,1.999985765672457,24.0,0.08507734303912648,1.9999944755129806,0.05048088327091921,3.6810381120306257,3.731518995215491,1.7293588547755334,0.0713987387447674,4.216299028821682,9.675,1.7191160689752352,0.06871712758450008,4.194714481061338,9.55,0.6327407562753304,0.6429835420756287,0.010242785800298249,2.38496959011639,2.2005181237850326,2.2091983398933728,0.18445146633135742,0.17577125022301723,S_inf
3.570279,1.0,45719.0,2198.0,2.1806524371102367,0.012683961346062004,5.4326051507564985,5.9342621621691425,1.9738594002743597,6.289112534309241,0.2421704553452038,1.9950186624691824,2.3126876033897994,0.18710367759925153,0.006953987553941756,0.47227360820224257,2.125659133372153,1.0,14.0,2.267033597585497,0.06232403241306194,5.574097945344151,4.445859872611465,1.380891719745223,0.3089171974522293,5.669906376099795,14.0,2.282176200082141,0.011142618610025783,5.688726572290314,5.019108280254777,1.6900818926296635,0.2412420382165605,5.946890096195193,14.0,2.220330143323071,0.022600663664471866,5.516924362810967,5.56687898089172,1.9587503791325447,0.26050955414012744,5.87965192606242,1.0,2.1806524371102367,0.012683961346062004,5.4326051507564985,6.289112534309241,2.3126876033897994,0.2421704553452038,5.9342621621691425,14.0,2.102004075514118,0.0037588957625434246,5.2493718451414795,7.705128205128205,2.99547372143526,0.2006410256410256,5.9806183956001036,14.0,2.025986240142356,0.003736680251606379,5.05936057997848,9.102564102564102,3.2409192487365863,0.19181459566074954,5.9797090635392625,14.0,1.8957092656001122,0.001615290392657878,4.736850228411294,11.896774193548387,3.762555760428526,0.16419354838709677,5.991402012223769,14.0,1.8070685164014,0.0012698970776065961,4.51576644538709,14.058441558441558,4.083645164604917,0.14685314685314685,5.993315820220676,14.0,1.6736496054428225,0.0007677339342169421,4.1829724127057295,17.914473684210527,4.6697110851368855,0.12339743589743589,5.996103350050271,14.0,1.5912056047593457,0.0005660158776298196,3.977164988081919,20.82,5.291998426983612,0.11,5.997146465932432,13.0,1.499673628602451,0.0003539238649328005,3.748653185708729,24.645569620253166,6.55808449034696,0.09720869847452125,5.998308320349199,13.0,1.446406258731582,0.0002600966580687774,3.615625501841852,26.90909090909091,7.935839269685659,0.08941058941058942,5.998750936479214,12.0,1.3813069571340915,0.00017772461398577158,3.4530008059142503,29.575949367088608,10.652724066858829,0.08000649139889644,5.999155793582939,1.2842231398282473,1.993330063676524e-05,3.210527949619663,5.999917355863504,1.9999658075209557,32.0,0.06414922656960874,1.9999990294783725,0.00734501834177363,3.2031829312486924,3.2105279496196637,1.7024235961294614,0.1365172503285991,4.051283114830755,10.275,1.6980735507839924,0.14054447235430254,4.034367168428527,10.3,0.47822884098077534,0.48257888632624435,0.004350045345469011,2.1873464670644847,2.1173779044110748,2.114839172324376,0.06996856265340938,0.07250729474010849,S_inf
3.570279,2.0,45736.0,2198.0,2.3815807630415797,0.006224841378122492,5.944614645536768,5.956116549597396,1.9832972360730914,4.076852698993596,0.30568653670209023,1.9936765121879372,3.2133980307585066,0.044563185371786586,0.002067919652045918,0.11369155455797653,0.4691238580821712,1.0,14.0,2.3185514849614437,0.030491663160801423,5.750641217662407,4.012738853503185,1.4961783439490446,0.3333333333333333,5.724101040847824,14.0,2.3971140049051294,0.00023765945139735202,5.992428523085727,4.025477707006369,1.991507430997877,0.25,5.998869928111163,14.0,2.367644028667506,0.011078630634801849,5.9024921257165595,4.038216560509555,2.486351228389445,0.2987261146496815,5.901146788294877,1.0,2.3815807630415797,0.006224841378122492,5.944614645536768,4.076852698993596,3.2133980307585066,0.30568653670209023,5.956116549597396,14.0,2.3912541581513094,0.00015837994360294415,5.977897825462867,4.108974358974359,4.923382173382174,0.24935897435897436,5.9992140783118755,14.0,2.3862679337577823,0.0016959509526598728,5.963125907965467,4.134615384615385,6.376984126984127,0.26799802761341224,5.985071642528921,14.0,2.3884123741316694,8.757940290729104e-05,5.970899566224811,4.212903225806452,9.700460829493087,0.24951612903225803,5.999562925348014,14.0,2.3871983045527267,6.510088268864632e-05,5.967898110057782,4.279220779220779,12.493506493506494,0.2495004995004995,5.999674857049492,14.0,2.385430748081236,0.00021655029249748194,5.963252044764343,4.4144736842105265,18.36372180451128,0.25531376518218624,5.998201232176046,14.0,2.3854394084014316,2.9582928599865e-05,5.963554146610679,4.533333333333333,24.10106204906205,0.24948717948717947,5.999850346891253,13.0,2.3846339412786617,2.308699843359868e-05,5.961550222699003,4.7405063291139244,35.39167899610937,0.249269717624148,5.999880092300598,13.0,2.3842604231058266,1.581172330722846e-05,5.960627340179605,4.941558441558442,46.2044376979442,0.24918831168831168,5.999916622303049,12.0,2.383707445636864,9.381140443694235e-06,5.959254542381494,5.367088607594937,66.68759932051071,0.24910743265173643,5.999951783547616,2.3797009622187613,1.194482889488313e-06,5.949250613822569,5.999993430331738,1.9999974119496162,12.0,0.24886260236578708,1.9999994027537737,1.1660616295509394e-05,5.935331555409569,5.935346601578763,2.2569667048634567,0.0811397044847775,5.520707205431475,4.05,2.1906182795652747,0.1164099700617229,5.301930743820601,3.9125,0.12461405817812299,0.19096248347630507,0.06634842529818208,2.378495697441938,2.2364976222476454,2.2021363359407164,0.14199807519429283,0.17635936150122267,S_inf
3.570279,3.0,45753.0,2198.0,2.357145366301934,0.005530888697383395,5.884567082708761,5.95485152883487,1.9831068800458291,4.326623970722781,0.2975578858469984,1.9923105098337295,3.098841654685662,0.09127191616349549,0.004265345207057101,0.23096578165860635,0.9662157923634842,0.7538883806038427,14.0,2.321754436015822,0.04910301293803092,5.73073157063251,4.063694267515924,1.4821656050955414,0.33121019108280253,5.703438783303735,14.0,2.3856996306094547,0.001544786434082777,5.961931896872511,4.1210191082802545,1.9589930239611768,0.25,5.992654532817778,14.0,2.352425087417089,0.017810533238223836,5.854346918685386,4.2165605095541405,2.413709432817713,0.2949044585987261,5.89264686396646,1.0,2.357145366301934,0.005530888697383395,5.884567082708761,4.326623970722781,3.098841654685662,0.2975578858469984,5.95485152883487,14.0,2.356689659207144,0.000551327878549823,5.890897156200034,4.512820512820513,4.646825396825397,0.2439102564102564,5.997217205743192,14.0,2.3379168799188745,0.002841827420449179,5.840529458666513,4.756410256410256,5.8505291005291005,0.2583826429980276,5.983346240160224,14.0,2.3185487690139004,0.00031127213772597014,5.795905014328161,5.161290322580645,8.506502816180236,0.23741935483870966,5.998412465558403,14.0,2.3017389436322295,0.00025719230593760777,5.753961570621666,5.461038961038961,10.62901838421319,0.23389110889110887,5.998681421262939,14.0,2.265754727308485,0.00038633218109290475,5.663807319999572,6.1381578947368425,14.650256322624742,0.23026315789473684,5.997797219220298,14.0,2.230483183947393,0.00012172524248222534,5.57602537200476,6.84,18.01405387205387,0.21884615384615383,5.999352541631157,13.0,2.160781870138263,8.794703518457006e-05,5.40182275479288,8.215189873417721,23.031402929411122,0.20480363518338196,5.999521373886764,13.0,2.096252194056218,6.56911385115548e-05,5.2405319484327775,9.46103896103896,26.970786522525497,0.19087162837162835,5.99963089717037,12.0,1.9862200152429925,4.118866714256976e-05,4.965488255106767,11.70253164556962,31.026785784267062,0.16605809802012333,5.9997741936754245,1.3690840881124355,2.0157489624139657e-06,3.422707196657645,5.9999639413096455,1.9999873085202278,32.0,0.07097361237488627,1.9999906680860278,0.013845919553607733,3.4020544817775447,3.4159004014167964,1.684978555043827,0.08386824535443003,4.086644019577923,10.05,1.6638520676122013,0.08488720128098746,4.032299367109022,9.9625,0.6721668112581072,0.6932932986897329,0.021126487431625707,2.3483777944055326,2.2055732953542124,2.1682101213981544,0.14280449905132042,0.18016767300737843,S_inf
3.570279,4.0,45770.0,2198.0,2.382778315563913,0.006251508004638759,5.947568526902826,5.955950238246287,1.9832329100805495,4.0631290027447395,0.30600323738475615,1.9936535100098822,3.2162157452184896,0.03635909201519476,0.002115919453853838,0.09300271654281456,0.3785706478543289,1.0,14.0,2.317352642114165,0.029909019915690574,5.7485180754118765,4.019108280254777,1.4942675159235668,0.3333333333333333,5.724689317178365,14.0,2.3975818353831717,0.000356489177096045,5.993419854692285,4.019108280254777,1.9923566878980892,0.25,5.998304892175401,14.0,2.3666279298631494,0.010667319467733131,5.900568845456271,4.044585987261146,2.479830148619958,0.2987261146496815,5.902148361792223,1.0,2.382778315563913,0.006251508004638759,5.947568526902826,4.0631290027447395,3.2162157452184896,0.30600323738475615,5.955950238246287,14.0,2.3933711471159067,0.00019357548662581368,5.983137504559828,4.083333333333333,4.928418803418803,0.2496794871794872,5.999039429051695,14.0,2.387748810426921,0.0016965450637237394,5.9668272084717175,4.121794871794871,6.372222222222223,0.2682445759368836,5.985071581272972,14.0,2.3907411744377574,8.757940290731395e-05,5.976721566990032,4.180645161290323,9.709677419354838,0.24951612903225803,5.999562925348014,14.0,2.3901036450894195,7.551702391883341e-05,5.975145837187671,4.2272727272727275,12.513203463203464,0.24962537462537462,5.9996228341801805,14.0,2.3890377807684713,0.00021305590550048747,5.972274868062927,4.315789473684211,18.50361842105263,0.25548245614035087,5.998214114093412,14.0,2.388457476241962,3.336431345396444e-05,5.971093644134723,4.426666666666667,24.226222222222223,0.24955128205128205,5.9998332246971815,13.0,2.3870280104051593,2.3927466024958667e-05,5.96753413481386,4.632911392405063,35.14936708860759,0.24951314508276531,5.999880383655767,13.0,2.386297996757465,1.64065429917661e-05,5.965720382079174,4.779220779220779,45.787012987012986,0.24937562437562433,5.999917977689999,12.0,2.3850150687822063,9.217175353378976e-06,5.962523846192486,5.094936708860759,65.29620253164556,0.24920886075949367,5.999953917218012,2.3837557130081026,2.015698150614753e-06,5.95938625897303,5.999990817385945,1.9999962672292648,8.0,0.24931756141947226,1.9999996267189522,0.0,5.951713698571928,5.951713698571928,2.231915210066874,0.09046526374068227,5.4440901295561615,3.9375,2.2193977192437613,0.08988126395685771,5.413672402174118,4.0375,0.15086310549703885,0.16338059632015156,0.012517490823112709,2.3889043174917677,2.222639446318046,2.224370970833023,0.16626487117372185,0.1645333466587455,S_inf
3.570279,5.0,45787.0,2198.0,2.3789803878259064,0.006290534051374551,5.938015168487705,5.95619937848129,1.9833029481433058,4.10704483074108,0.3045604898303892,1.993799805261495,3.2007442745320147,0.05367638146451254,0.0019540084782601447,0.13612829370864216,0.5829820136010514,1.0,14.0,2.315778947800941,0.03153248056138031,5.742148648660284,4.038216560509555,1.4898089171974522,0.33121019108280253,5.723060223447244,14.0,2.3929541244599397,0.0004753189027947097,5.981672332795657,4.063694267515924,1.980588413709433,0.25,5.9977398562396385,14.0,2.364753735173507,0.011469399442676446,5.894680238769751,4.070063694267516,2.472550803760995,0.2987261146496816,5.900755187014086,1.0,2.3789803878259064,0.006290534051374551,5.938015168487705,4.10704483074108,3.2007442745320147,0.3045604898303892,5.95619937848129,14.0,2.384473117494075,0.00022276718152769152,5.960848642962897,4.1923076923076925,4.87093462093462,0.2483974358974359,5.998940539543674,14.0,2.379023183512354,0.0017572766128541462,5.944922043861604,4.230769230769231,6.303571428571428,0.26627218934911245,5.985093132850578,14.0,2.3776670456833324,8.90219979728254e-05,5.944034081211373,4.354838709677419,9.549923195084483,0.2474193548387097,5.999578961154913,14.0,2.373477628743143,6.856693085579654e-05,5.933591221461573,4.454545454545454,12.267594310451452,0.24662837162837165,5.999671392283542,14.0,2.366015744780495,0.00020832444173283986,5.914726875288637,4.625,18.11019736842105,0.25059041835357626,5.998284410559867,14.0,2.361127866652016,2.357677620299962e-05,5.9027843014657355,4.766666666666667,23.78215873015873,0.24352564102564103,5.999885703580845,13.0,2.353144303060916,1.2197004193045356e-05,5.882842462145999,5.050632911392405,34.64511754068716,0.24233203505355405,5.9999405231552165,13.0,2.346479065226719,8.337680009448858e-06,5.866185156546782,5.363636363636363,44.56338899196042,0.24210164835164835,5.9999591805649315,12.0,2.34182830880848,4.479272131480771e-06,5.854564053113003,5.810126582278481,63.50241109101869,0.24237260629665694,5.999977791910118,2.310182636839038,1.1198281955060452e-06,5.775454912355302,5.999993504986912,1.9999974617195722,15.0,0.2429481346678799,1.9999993280986004,0.0009707931729041641,5.760465349058249,5.761436141831133,2.2031982110377912,0.08606031480849,5.3789050553817415,4.35,2.222259611187966,0.08112810692136753,5.433956867587864,4.3375,0.17578217678811514,0.15672077663794015,-0.01906140015017499,2.3781620953160854,2.2118201486513858,2.219969803541982,0.1663419466646992,0.15819229177410313,S_inf
3.5725,0.0,45725.0,2198.0,2.383466018588199,0.006147044804515998,5.949444479263725,5.956461492630745,1.9834381492754096,4.057182067703568,0.30614399324371877,1.9936889646366576,3.221171524419466,0.03650359390044681,0.0017301279853213826,0.09296277298007313,0.3849004110314681,1.0,14.0,2.3178622160547317,0.03182679885012959,5.746915341861635,4.006369426751593,1.4980891719745222,0.3333333333333333,5.7187248233979515,14.0,2.3946958402883007,0.00059414862849338,5.985848377778011,4.044585987261146,1.9851986654534426,0.25,5.997174820303876,14.0,2.3657532462716135,0.011211971012564066,5.897565159160185,4.057324840764331,2.4782377919320595,0.29936305732484075,5.899842069799797,1.0,2.383466018588199,0.006147044804515998,5.949444479263725,4.057182067703568,3.221171524419466,0.30614399324371877,5.956461492630745,14.0,2.3939139740298523,0.00014078217209150085,5.984573761816493,4.076923076923077,4.939102564102564,0.2496794871794872,5.999301402941966,14.0,2.387845682351939,0.0017063828050908876,5.967054631672212,4.115384615384615,6.386111111111111,0.26849112426035504,5.985061369443853,14.0,2.3907508672377182,6.568455218047257e-05,5.976778641266025,4.174193548387096,9.735483870967743,0.24951612903225803,5.999672194006683,14.0,2.389741312282524,4.9476670843319526e-05,5.974279065700045,4.233766233766234,12.538528138528138,0.2495004995004995,5.999752891353459,14.0,2.3882823453151776,0.00020834925840505414,5.970393339400337,4.342105263157895,18.474295112781956,0.25565114709851544,5.998237544060313,14.0,2.388156158131048,2.5356878224916576e-05,5.970352360010284,4.44,24.249333333333333,0.24955128205128205,5.9998732507657015,13.0,2.386632248566025,1.6888259309896755e-05,5.966555289026097,4.6455696202531644,35.19873417721519,0.24951314508276531,5.999915569096666,13.0,2.3858130009201703,1.2506555056208939e-05,5.964513742467841,4.824675324675325,45.60692640692641,0.2495004995004995,5.999937471543795,12.0,2.3846236178862257,8.583308095152888e-06,5.961546169753422,5.189873417721519,64.86835443037975,0.24947257383966243,5.999958210351952,2.3851089823800957,1.6424205107057332e-06,5.962769992319473,5.999991190661348,1.999996516080279,9.0,0.24977252047315743,1.999999253443551,5.8502835078717715e-06,5.953674931284487,5.953731098677867,2.240154260836016,0.08531268373545442,5.472416626486857,3.95,2.2042483723826316,0.10144281074917058,5.3584567148328235,4.0125,0.14331175775218297,0.17921764620556724,0.03590588845338427,2.3861307170662664,2.237629760929067,2.2319639310024324,0.14850095613719982,0.15416678606383472,S_inf
3.5725,1.0,45742.0,2198.0,2.3741491197802476,0.006690176447733359,5.925337534779019,5.955812139947877,1.9830406545000479,4.160567246111619,0.3024843409106904,1.9941950059272506,3.1793022698557927,0.06859032184122539,0.0019282334121973033,0.17256450726985284,0.7330396730197282,0.9762122598353157,14.0,2.3390288993403585,0.06603611529267946,5.7485180754118765,4.019108280254777,1.4949044585987261,0.33227176220806787,5.688479603215063,14.0,2.3942280098102584,0.00047531890279470403,5.984857046171454,4.050955414012739,1.983985441310282,0.25,5.9977398562396385,14.0,2.3683385511057184,0.023613657424381124,5.885425891627725,4.10828025477707,2.4598877767667577,0.2968152866242038,5.889190771237112,1.0,2.3741491197802476,0.006690176447733359,5.925337534779019,4.160567246111619,3.1793022698557927,0.3024843409106904,5.955812139947877,14.0,2.377231436375489,0.00017597771511440453,5.942814624366052,4.256410256410256,4.835622710622711,0.24583333333333338,5.999126753681786,14.0,2.367578552588233,0.0035089428002896203,5.913682967270149,4.378205128205129,6.179761904761905,0.2633136094674556,5.983589598167877,14.0,2.3571047736210233,0.00010947425363414388,5.892597722672107,4.587096774193548,9.255401945724527,0.24274193548387096,5.999453656689346,14.0,2.3462396969838926,8.419564188321805e-05,5.865472948996906,4.740259740259741,11.79647495361781,0.24038461538461542,5.999572544334953,14.0,2.32106491513824,0.0004002141478020553,5.802061966623897,5.092105263157895,16.95253759398496,0.23979419703103913,5.99812999343231,14.0,2.2981827430252357,3.914698113989109e-05,5.745398137091378,5.466666666666667,21.557714285714287,0.22987179487179485,5.9997954219562635,13.0,2.254176808234779,2.6364251323817833e-05,5.635402474209959,6.2215189873417724,29.505063291139237,0.22042356377799419,5.999859938382603,13.0,2.2091573115640233,2.062753701462214e-05,5.522862337604536,7.0064935064935066,35.97229437229437,0.21085164835164835,5.999892970762156,12.0,2.118084735101371,1.2710757530481547e-05,5.295192771617132,8.683544303797468,44.000643870897036,0.19204397922752353,5.9999343841514685,1.4389095272005024,2.239657810321205e-07,3.597273482052584,5.999992609124497,1.9999974617195722,28.0,0.09463148316651501,1.9999978349962242,0.005459986646863108,3.591813494785044,3.597273482052584,1.7416048505556172,0.10375273889672272,4.198383018043959,9.7875,1.7473153694440193,0.11248899748549987,4.199554927381799,9.4625,0.6325442692246304,0.6268337503362282,-0.005710518888402127,2.3735871778864075,2.2238432521672626,2.2019615452598433,0.14974392571914474,0.17162563262656466,S_inf
3.5725,2.0,45759.0,2198.0,2.172547159329989,0.012421299388807901,5.41273594924176,5.9353302214985275,1.9743029740365734,6.381518755718207,0.23847561404743475,1.9950453474594887,2.282108679924325,0.18825115906826742,0.005897878519279123,0.47464534495027694,2.139444968866536,1.0,14.0,2.248280712613313,0.059003176700057995,5.532197016483194,4.624203821656051,1.3369426751592355,0.29299363057324834,5.685494360217751,14.0,2.2508500673564016,0.01231266546324606,5.608656170196135,5.305732484076433,1.6198968759478314,0.2372611464968153,5.9394184111897825,14.0,2.1995234579805403,0.02203871995817726,5.465750565014086,5.802547770700637,1.9002628652310183,0.2541401273885351,5.882563442129679,1.0,2.172547159329989,0.012421299388807901,5.41273594924176,6.381518755718207,2.282108679924325,0.23847561404743475,5.9353302214985275,14.0,2.0841611238291615,0.004116512905894648,5.204228040214061,7.9743589743589745,2.8480497422805118,0.1987179487179487,5.979660631393794,14.0,2.0106388615915387,0.004118249288020981,5.020419780046816,9.288461538461538,3.1875876266549645,0.18737672583826429,5.978920778068118,14.0,1.884231660983924,0.0019048165462967044,4.707721927640364,11.980645161290322,3.7513130965043477,0.1579032258064516,5.990346349183373,14.0,1.8013613922172214,0.0013340057031673335,4.5014024719883015,14.045454545454545,4.0766652521107245,0.14123376623376624,5.993117701250508,14.0,1.6882534536588538,0.00071651177974288,4.21955886647752,17.460526315789473,4.7909244810838985,0.1222165991902834,5.996229574322685,14.0,1.618143534932837,0.0005179055729154196,4.044581978972719,20.04,5.502886042347626,0.11153846153846156,5.997253408507865,13.0,1.5226149174749937,0.000291065508809133,3.806100695424269,23.829113924050635,6.81119211324247,0.09875040571243104,5.998374675499648,13.0,1.4673449244081083,0.00019816805726500877,3.6680650589343724,26.266233766233768,8.130513116994369,0.09212662337662338,5.9988473595646665,12.0,1.4004201653493544,0.00012802750534708448,3.5008583721153648,28.974683544303797,10.919553949690737,0.08319133398247322,5.999202706454351,1.2980750358087991,7.615435571928231e-06,3.24517616636864,5.999820375684808,1.9999375867497455,32.0,0.06824385805277525,1.9999502791018509,0.0008506634694565709,3.2443255027896862,3.2451761663686405,1.7172731218344417,0.1426136681112353,4.0792623024192505,10.1375,1.6934845188815573,0.15587921490828766,3.999892474841461,10.35,0.4552740374955473,0.4790626404484317,0.02378860295288443,2.2071419330390394,2.1281790781795014,2.1204019763126505,0.0789628548595373,0.0867399567263885,S_inf
3.5725,3.0,45776.0,2198.0,2.374498401756044,0.0068276688740363705,5.926004501079056,5.955318245232712,1.9828301921195584,4.155992680695334,0.30276585262861566,1.9942111936715334,3.179004923103734,0.06578033117622989,0.0022181812138901123,0.1659984401170478,0.6982550777844913,0.9743824336688015,14.0,2.338731704660881,0.0669562189939042,5.746394933161346,4.025477707006369,1.4923566878980892,0.3333333333333333,5.687578276465271,14.0,2.3930837305437485,0.0008318080798907207,5.981461614239535,4.057324840764331,1.9801031240521685,0.25,5.996044748432351,14.0,2.369422651812068,0.0241383050947699,5.8873491718880135,4.095541401273885,2.463527449196239,0.2980891719745223,5.887490990776265,1.0,2.374498401756044,0.0068276688740363705,5.926004501079056,4.155992680695334,3.179004923103734,0.30276585262861566,5.955318245232712,14.0,2.3783750540112325,0.00026396657267159827,5.945541685169073,4.256410256410256,4.828144078144078,0.2467948717948718,5.998690130531334,14.0,2.3700083637466918,0.003598990826240708,5.919622423127369,4.339743589743589,6.1988095238095235,0.2640532544378698,5.983251143893595,14.0,2.3599815198670067,0.0001401270446516966,5.899743609100538,4.554838709677419,9.25867895545315,0.24435483870967742,5.99930068056721,14.0,2.349035795726876,0.00010763195965109866,5.872428041377713,4.746753246753247,11.749443413729127,0.24163336663336663,5.999455492879002,14.0,2.325848818405357,0.0004142883993762947,5.814000613414328,5.157894736842105,16.715507518796993,0.24181848852901483,5.998040963758963,14.0,2.3034662646154502,5.0935513235158914e-05,5.758589258268771,5.586666666666667,21.230444444444444,0.2323076923076923,5.9997329366788135,13.0,2.2617510086188486,2.992933714502876e-05,5.654332627541406,6.322784810126582,29.439044605183845,0.2223304122038299,5.999829355513469,13.0,2.2287659516500873,2.0465051642959563e-05,5.571884181547752,7.0064935064935066,36.861203875489586,0.2152222777222777,5.999876891903081,12.0,2.1826291881181374,1.10925778171677e-05,5.456556331428618,8.08860759493671,49.860638939119944,0.20679162609542354,5.999926152816644,1.6136779636152319,1.1198279485924445e-06,4.034193229296156,5.999989921538736,1.9999962672369291,24.0,0.12465878070973613,1.999998133617194,0.0005540610451417764,4.030225927510811,4.034193229296156,1.7985640955779352,0.10864286497998292,4.333445941474864,8.4875,1.7991372456858836,0.11515875209879967,4.325104986066509,8.3625,0.5759343061781088,0.5753611560701604,-0.0005731501079484502,2.372987917570707,2.2035001930121982,2.230822453483531,0.16948772455850925,0.14216546408717587,S_inf
3.5725,4.0,45793.0,2198.0,2.3836752425372114,0.006065127702864126,5.950090414788733,5.956855241866655,1.9835967047212637,4.056267154620311,0.3062847491026814,1.993712766627224,3.2226157800723216,0.036766006408752015,0.0011619096449600214,0.09280369193970624,0.39788964111397834,1.0,14.0,2.3169694998100416,0.030685877575838377,5.746394933161346,4.025477707006369,1.4929936305732485,0.3322717622080679,5.723904948737643,14.0,2.3950340646825348,0.000356489177096045,5.987050427940693,4.044585987261146,1.9851986654534426,0.25,5.998304892175401,14.0,2.3659673935486807,0.010944392700661242,5.898501894820707,4.057324840764331,2.477858659387322,0.2987261146496815,5.901870350842757,1.0,2.3836752425372114,0.006065127702864126,5.950090414788733,4.056267154620311,3.2226157800723216,0.3062847491026814,5.956855241866655,14.0,2.393398306461499,7.039108604575042e-05,5.9833901795246796,4.083333333333333,4.936050061050061,0.2496794871794872,5.999650701462326,14.0,2.388434603229607,0.001653949959089091,5.968605583135384,4.108974358974359,6.396031746031746,0.26849112426035504,5.985362121547018,14.0,2.3914998425413345,3.503176116292558e-05,5.978697058711592,4.15483870967742,9.772350230414746,0.24951612903225803,5.999825170128818,14.0,2.3906856330372506,3.1248423690544e-05,5.976667209957589,4.194805194805195,12.620933828076685,0.24962537462537462,5.999843931374754,14.0,2.3899154646571317,0.00019662082751416654,5.974493730401557,4.25,18.773637218045113,0.2557354925775978,5.998305486232815,14.0,2.3899245907399274,1.468029791970101e-05,5.974789456402938,4.3133333333333335,24.810603174603173,0.24955128205128205,5.999926618857064,13.0,2.388983917369163,1.0132955586111192e-05,5.972444593989528,4.449367088607595,36.49168173598553,0.24951314508276531,5.9999493414510745,13.0,2.3881479814114797,7.79629406108864e-06,5.970358259087607,4.590909090909091,47.62325293753865,0.2495004995004995,5.999961021215586,12.0,2.3869184940813666,5.48769740815325e-06,5.967288003657304,4.8544303797468356,68.63905967450269,0.24947257383966243,5.999972562341285,2.3851114648533356,1.7917243342324696e-06,5.962775974546838,5.999992833091283,1.9999970137889829,8.0,0.24977252047315743,1.9999999999942293,0.0,5.9555999607113455,5.9555999607113455,2.2475066126777663,0.0843738740149362,5.492205720672009,3.925,2.234717724960827,0.0895945710056741,5.452402455893557,4.0,0.1361686298594451,0.1489575175763842,0.01278888771693909,2.3756480995393514,2.2024192829408253,2.2174655673893238,0.1732288165985267,0.15818253215002798,S_inf
3.5725,5.0,45810.0,2198.0,2.360416988073316,0.006388381821402431,5.891459897451187,5.954876805072007,1.9828294744168684,4.300548947849954,0.2981912872123302,1.9934760601619015,3.111974469568248,0.08832082373670334,0.0026308415391111516,0.22272877511727746,0.9390236849552541,0.9505946935041171,14.0,2.329708474858177,0.06147856069168127,5.73205334610792,4.050955414012739,1.4859872611464968,0.33121019108280253,5.688826669493526,14.0,2.3839579147810936,0.0014259567083841178,5.957755851890158,4.140127388535032,1.9560206248104335,0.24920382165605096,5.99321956875354,14.0,2.3549663586434337,0.02172543857208322,5.854827738750459,4.229299363057325,2.417121625720352,0.2949044585987261,5.889888853834334,1.0,2.360416988073316,0.006388381821402431,5.891459897451187,4.300548947849954,3.111974469568248,0.2981912872123302,5.954876805072007,14.0,2.356886864776055,0.0005136814290643234,5.89144663979654,4.493589743589744,4.66941391941392,0.2432692307692308,5.9974595651446725,14.0,2.3436655962161397,0.0032601954558098456,5.854273697356635,4.673076923076923,5.92228835978836,0.2588757396449704,5.98350679344683,14.0,2.325903450682397,0.0001853721374080904,5.81448056849988,5.0,8.697900665642601,0.23725806451612902,5.999063200300745,14.0,2.3104339346321705,0.00014415665897646925,5.775868601591962,5.259740259740259,10.87701504844362,0.2343906093906094,5.999273247507953,14.0,2.2813499866676694,0.000382314120473357,5.702801495488463,5.815789473684211,15.057722431077694,0.23389001349527666,5.998044825458817,14.0,2.2580473277988387,5.983689866653208e-05,5.645028564149095,6.34,18.611047619047614,0.2257692307692308,5.999692010806748,13.0,2.216470791890128,3.4339098141394416e-05,5.541125471078106,7.348101265822785,24.18201271302537,0.21823271665043814,5.999817066296035,13.0,2.181866990948537,2.4093016654434608e-05,5.45463133784636,8.344155844155845,28.254485485654318,0.21122627372627373,5.999864818108922,12.0,2.127985837002449,1.740187142202302e-05,5.319938489698989,10.291139240506329,34.481571915302375,0.2022273612463486,5.99990155093094,1.8823236500782377,8.212114295247375e-07,4.7058078933784495,5.999986636696944,1.9999952718285048,28.0,0.18926296633303002,1.9999966405135816,0.0030357516804545384,4.685812936057055,4.688848687157876,1.980254264369843,0.09124047724831885,4.813774945052129,6.7,1.9887759444502202,0.08557652659400561,4.843575071234541,6.8875,0.3801627237034728,0.3716410436230957,-0.008521680080377125,2.370203961370646,2.2063769659377086,2.1964761153217958,0.16382699543293744,0.17372784604884947,S_inf
3.57439,0.0,45743.0,2198.0,2.3780168841625007,0.006361578922071161,5.935499842023146,5.95551850539635,1.9830523088247605,4.115279048490393,0.3047012456893518,1.9936544221894268,3.1909176723449364,0.04944163176995262,0.0025590677903411705,0.12610616847043815,0.5295260529045531,1.0,14.0,2.3155436372687244,0.031140296341019395,5.742148648660284,4.038216560509555,1.489171974522293,0.33227176220806787,5.723448652277318,14.0,2.3901977354488775,0.0010694675312880842,5.973890137325261,4.082802547770701,1.9723991507431,0.24920382165605096,5.9949146765608265,14.0,2.36191447267376,0.011512289967658422,5.887517746732912,4.095541401273885,2.461859265999393,0.29936305732484075,5.899541047557298,1.0,2.3780168841625007,0.006361578922071161,5.935499842023146,4.115279048490393,3.1909176723449364,0.3047012456893518,5.95551850539635,14.0,2.3879444881281326,0.000293158267573459,5.969421482918971,4.153846153846154,4.876577126577127,0.24935897435897436,5.9985912410233135,14.0,2.381052372457885,0.001758066704034564,5.949993831088661,4.211538461538462,6.2869708994709,0.26775147928994086,5.984926854707257,14.0,2.3820658465054154,0.00012405375913576244,5.954978535624834,4.329032258064516,9.494828469022016,0.24903225806451615,5.999404131301043,14.0,2.3796583871001644,0.00010675644924498615,5.948985833076542,4.4480519480519485,12.109616573902288,0.2491258741258741,5.999487579857979,14.0,2.3763215449266473,0.00024779969306933466,5.940432162777013,4.677631578947368,17.47893170426065,0.2549763832658569,5.9980856644120335,14.0,2.3751714388555794,5.38264150967412e-05,5.937847857516302,4.88,22.50637037037037,0.2491025641025641,5.999743389177875,13.0,2.37233438101283,3.386994641853427e-05,5.930785147612448,5.272151898734177,31.646262808921037,0.24902629016553068,5.999838924840767,13.0,2.370392528712731,2.290170158090678e-05,5.925946969229456,5.642857142857143,39.86773861059575,0.24890734265734263,5.999891995777016,12.0,2.367583525762999,1.3672288404767454e-05,5.91893830597489,6.3924050632911396,52.85961422543701,0.24870172022070758,5.999935955397991,2.3675361685277676,4.106043455465169e-06,5.918834262254236,5.999983351871345,1.9999930819426297,12.0,0.24886260236578708,1.99999992533918,1.2668130257076783e-05,5.904425418850339,5.904581430229119,2.233255814674793,0.08167477766634558,5.460627370187464,4.0125,2.2264121089157443,0.08787625146914366,5.434215895085644,4.1,0.1447610694877075,0.15160477524675642,0.0068437057590489125,2.3833783172197567,2.2154131803795796,2.2157931154704364,0.1679651368401773,0.16758520174932054,S_post_acc
3.57439,1.0,45760.0,2198.0,2.3704166309286996,0.0071455676148766455,5.915323225899434,5.954838559925566,1.9825643307702299,4.204025617566331,0.30160461679217393,1.9944696696063795,3.162669730899374,0.07886987399242036,0.0023347629105465724,0.19847050927759577,0.8541927631175557,0.9716376944190301,14.0,2.3386259622397363,0.06961083795937169,5.742148648660284,4.038216560509555,1.4898089171974522,0.33121019108280253,5.68502880842784,14.0,2.391342014715388,0.0007129783541920561,5.977285569257181,4.076433121019108,1.9776160145586896,0.24920382165605096,5.996609784368114,14.0,2.3663486400061866,0.024863970136270837,5.878575644811061,4.13375796178344,2.4514963097765645,0.2968152866242038,5.887366945907128,1.0,2.3704166309286996,0.0071455676148766455,5.915323225899434,4.204025617566331,3.162669730899374,0.30160461679217393,5.954838559925566,14.0,2.372945849039115,0.00026396657267159827,5.931968672738781,4.326923076923077,4.794464794464795,0.24583333333333335,5.998690130531334,14.0,2.362098521031543,0.0037189327655514724,5.899667903430532,4.467948717948718,6.144119769119769,0.2625739644970414,5.983131521636751,14.0,2.350264744769041,0.00015360318910160966,5.875431457138949,4.7290322580645165,9.173886328725038,0.2420967741935484,5.9991992035548884,14.0,2.3386157342672926,0.00012344270068100847,5.846354171617207,4.941558441558442,11.625278293135436,0.24000999000999004,5.99935615215343,14.0,2.311969378854891,0.00043731489923926645,5.779267474788367,5.434210526315789,16.480226845522896,0.23928812415654518,5.997989834991648,14.0,2.2851251635869168,6.0753951776065424e-05,5.712721778039627,5.953333333333333,20.651248677248677,0.22897435897435897,5.999680374220852,13.0,2.234301439549791,4.025964028327958e-05,5.585693209414052,6.955696202531645,27.402456298975288,0.21754300551768904,5.999789741410776,13.0,2.1880655417818224,2.918544940549922e-05,5.4701200762804465,7.915584415584416,32.795856524427954,0.2072927072927073,5.9998441281918025,12.0,2.1066202118575053,2.1975149804652887e-05,5.266517566919054,9.60759493670886,41.19323423633883,0.18997484582927618,5.9998837500861555,1.5158962020044155,1.1198279485924445e-06,3.789738825269116,5.999989921538736,1.9999962672369291,28.0,0.11282984531392175,1.999998133617194,0.0025886755720771664,3.7814415692410615,3.784093759343544,1.759830432234447,0.12033687315012757,4.219070770860925,9.125,1.7984027242939704,0.13000708391075286,4.300996184868795,8.65,0.6105861986942527,0.5720139066347292,-0.038572292059523505,2.3572921900786223,2.2209278017704976,2.2116318529854797,0.1363643883081248,0.14566033709314308,S_post_acc
3.57439,2.0,45777.0,2198.0,2.3630552981548547,0.006559202417403551,5.897799441761032,5.955186394310274,1.9828757306309572,4.2813357731015556,0.29914138926032796,1.99380783669945,3.129481027765566,0.09131268041610291,0.0023757565301341624,0.22930300665924364,1.005469602461543,0.9373284537968893,14.0,2.3273198124728545,0.06404035303449916,5.722239001630387,4.089171974522293,1.4764331210191084,0.32802547770700635,5.688452623133536,14.0,2.38476396965337,0.001307126982685453,5.959949233659397,4.13375796178344,1.9582650894752807,0.25,5.993784604689303,14.0,2.362976871541971,0.022753766860025955,5.873311528564888,4.1528662420382165,2.4410069760388238,0.2961783439490446,5.889466131014045,1.0,2.3630552981548547,0.006559202417403551,5.897799441761032,4.2813357731015556,3.129481027765566,0.29914138926032796,5.955186394310274,14.0,2.3608125926363677,0.00047827899961567946,5.901314063091496,4.467948717948718,4.709258334258334,0.24455128205128204,5.997494346914844,14.0,2.351029120814784,0.00337942867581305,5.872503659023241,4.564102564102564,6.044312169312169,0.2588757396449704,5.983553530705182,14.0,2.332614350870906,0.0001957553014668511,5.831242244225064,4.890322580645162,8.953917050691244,0.2393548387096774,5.998965103504821,14.0,2.3161994671468267,0.00014163027690243974,5.790286222451713,5.1558441558441555,11.317206386686905,0.2355144855144855,5.999202678897276,14.0,2.283969207056615,0.000403050126191912,5.709318442452249,5.743421052631579,15.898749715197084,0.23405870445344126,5.997958359709636,14.0,2.2578250770725377,6.56423911828341e-05,5.6444642290945675,6.286666666666667,20.00369084326979,0.22493589743589743,5.999595400868658,13.0,2.2154675170118674,3.8192728272030067e-05,5.538611503437261,7.158227848101266,27.271707750388632,0.21587958455047057,5.999746765139335,13.0,2.1734972776844397,2.918510881566871e-05,5.433699416547875,8.045454545454545,33.11144527986634,0.20707417582417584,5.999802542846039,12.0,2.0880402601569226,2.0193106232991738e-05,5.220070360732957,9.930379746835444,40.74256933673555,0.1897922752353132,5.9998680817034655,1.4843072654965832,1.7170723598525228e-06,3.7107655881329182,5.999983949110687,1.9999940773461091,27.0,0.08598726114649681,1.9999969391350456,0.0014292804177559507,3.704643073087988,3.706531795198221,1.7180370533397764,0.10954046751562854,4.130781932075998,9.4875,1.7271151912195173,0.09463025930485175,4.1758425890915145,9.6875,0.6450182448150783,0.6359401069353374,-0.009078137879740877,2.3791347192443486,2.2182122222305587,2.211693961976823,0.16092249701378875,0.16744075726752417,S_post_acc
3.57439,3.0,45794.0,2198.0,2.1922112168957693,0.01219012484565473,5.462242854970942,5.935405609926867,1.9744051616937375,6.170173833485819,0.24653388697304524,1.994687387118433,2.367108874656908,0.1898895625026322,0.006924163891916911,0.4797376168405662,2.166100730807164,1.0,14.0,2.2685396765093295,0.05615428956743859,5.587117756922165,4.43312101910828,1.3853503184713376,0.3078556263269639,5.682233154337188,14.0,2.2958499787866384,0.009995015154002784,5.724632424235592,4.910828025477707,1.7316954807400666,0.23964968152866242,5.954787850545077,14.0,2.2366995945190338,0.019934324357115195,5.56184749976191,5.401273885350318,2.0174906480638963,0.264968152866242,5.88642520676315,1.0,2.1922112168957693,0.01219012484565473,5.462242854970942,6.170173833485819,2.367108874656908,0.24653388697304524,5.935405609926867,14.0,2.1136474588536225,0.0036932417597290257,5.278578784494463,7.602564102564102,3.08100724624004,0.20576923076923073,5.981502287758994,14.0,2.0413831202587835,0.0038999749473686775,5.097607838225906,8.897435897435898,3.4422653563326944,0.1945266272189349,5.979225251680816,14.0,1.9121930745031734,0.0018008534666854184,4.777781406057906,11.619354838709677,4.018627860593306,0.16451612903225804,5.99120312657115,14.0,1.827988008135529,0.0013804685975646275,4.567899317442476,13.62987012987013,4.288306541129858,0.14860139860139862,5.993155323991474,14.0,1.7127627509127112,0.0008142961649827418,4.2806854330343045,16.92105263157895,5.0481549338637715,0.12955465587044535,5.996179045641042,14.0,1.6489415701467627,0.0006152998728419057,4.121430975557643,19.24,5.811277406499776,0.11967948717948718,5.997054656114972,13.0,1.578353540139726,0.0003836524137170277,3.9453083717287383,22.29746835443038,7.34350609187675,0.11080006491398896,5.998235978303139,13.0,1.5391418275977922,0.00029211064082884436,3.847416403033237,24.272727272727273,8.85786485334689,0.10423951048951048,5.998672216521938,12.0,1.4929321527814015,0.00019224197462243848,3.732042018991569,26.917721518987342,11.808028342837979,0.09777669587796169,5.999157081217192,1.383974197652607,1.4856526318496321e-05,3.4599132093420395,5.999934974937123,1.9999733728036013,32.0,0.07825295723384895,1.999998133617194,0.009691540011794723,3.4461824225237896,3.4558739625527064,1.7341187738517356,0.14492994343544383,4.1179020194761735,9.7125,1.7117867658603152,0.142059437216592,4.066377758825901,9.8625,0.4580924430440336,0.48042445103545406,0.022332007991420433,2.2156572777322086,2.1527621980287557,2.1374363518452535,0.06289507970345228,0.07822092588695491,S_post_acc
3.57439,4.0,45811.0,2198.0,2.3622747554452452,0.007103588166841614,5.89503150636285,5.954680414987044,1.9825256089400674,4.287282708142726,0.29805053135336756,1.994365125471142,3.1221172976662457,0.08940202449750666,0.001971366307271443,0.2251840458401797,0.954496859093513,1.0,14.0,2.3322163383223,0.06883612859945294,5.727286652906569,4.082802547770701,1.4777070063694266,0.3290870488322717,5.685685222993719,14.0,2.382047086755616,0.0014259567083841178,5.952978781826464,4.159235668789809,1.9510464058234758,0.24920382165605096,5.99321956875354,14.0,2.358322444708883,0.024562981167078272,5.858961640021588,4.2165605095541405,2.4224294813466787,0.2942675159235669,5.888243557356627,1.0,2.3622747554452452,0.007103588166841614,5.89503150636285,4.287282708142726,3.1221172976662457,0.29805053135336756,5.954680414987044,14.0,2.3568069650282752,0.0004633390209926577,5.891322404039199,4.506410256410256,4.661172161172161,0.24358974358974358,5.997653828893642,14.0,2.340775764622821,0.0036705332042107496,5.846433611750737,4.6923076923076925,5.91494708994709,0.25764299802761337,5.983262391758158,14.0,2.3173534843610892,0.0002072541918977666,5.793072829614875,5.096774193548387,8.667588325652842,0.23564516129032262,5.998918956526426,14.0,2.295575086592189,0.00015188706233287903,5.738709885886973,5.454545454545454,10.815646258503403,0.23064435564435568,5.999192771600727,14.0,2.250674785036297,0.0004150378332909637,5.626064405840804,6.197368421052632,14.79421992481203,0.22562415654520918,5.9981151716716194,14.0,2.2116623806012363,6.561408322941868e-05,5.529057530378247,6.833333333333333,18.21630784030784,0.2141025641025641,5.99963287052002,13.0,2.1427779242791503,4.109406256098343e-05,5.356883169604034,8.113924050632912,23.26815852923448,0.19940765985069783,5.9997652816182745,13.0,2.086422374124418,2.9127462105164024e-05,5.216012244117888,9.25974025974026,26.773325087610804,0.18877997002997005,5.999834448314966,12.0,1.9881558059897109,1.9652615623744068e-05,4.970360036050841,11.49367088607595,32.213711629646106,0.17058179162609544,5.999891984142641,1.4607996833256358,1.6424248361346372e-06,3.651996744676835,5.9999822320264435,1.9999935298672025,24.0,0.06551410373066424,1.999996267238675,0.0006116349900731483,3.6422130975077334,3.6472977958571438,1.715736941342891,0.1236509177181861,4.103865976779948,9.8375,1.7184933164217462,0.12172117521354546,4.113651528234047,9.6875,0.6465378141023543,0.643781439023499,-0.0027563750788552888,2.373460220382672,2.20560290125508,2.231736854904023,0.1678573191275915,0.14172336547864972,S_post_acc
3.57439,5.0,45828.0,2198.0,2.3655971629535397,0.007191923294420964,5.9032050224422195,5.953770645889328,1.982192907531636,4.2516010978956995,0.3004081919909916,1.9942247742187833,3.1388635406476215,0.0847808012739758,0.0034966057144323217,0.21536853386393975,0.9178566554545421,1.0,14.0,2.3165097519121316,0.03699677191442484,5.735779221908691,4.057324840764331,1.4847133757961786,0.33014861995753714,5.717595932094201,14.0,2.385102194047604,0.0010694675312880955,5.961151283822077,4.13375796178344,1.960206248104337,0.2484076433121019,5.9949146765608265,14.0,2.353554238399227,0.013522886780435473,5.863601265827413,4.191082802547771,2.4311495298756447,0.29554140127388534,5.89752728404771,1.0,2.3655971629535397,0.007191923294420964,5.9032050224422195,4.2516010978956995,3.1388635406476215,0.3004081919909916,5.953770645889328,14.0,2.3717955234649097,0.0004163426681535052,5.928864294660043,4.333333333333333,4.789529914529915,0.24615384615384614,5.997840072077214,14.0,2.360754308613396,0.0021327514070190335,5.898686644422963,4.455128205128205,6.129563492063492,0.26257396449704135,5.98422107646248,14.0,2.35442265815101,0.0001857501910503486,5.885778020090949,4.683870967741935,9.170506912442397,0.24419354838709678,5.999027279009363,14.0,2.34668082605235,0.00014869383424475903,5.866479024379507,4.876623376623376,11.655380333951763,0.24288211788211791,5.999216388056354,14.0,2.336815873342293,0.0002779167769756689,5.841622808190269,5.157894736842105,16.95701754385965,0.24679487179487178,5.99800862762338,14.0,2.333479458321657,5.809000325324239e-05,5.833611510799263,5.306666666666667,22.36330158730159,0.24070512820512818,5.9996937056066875,13.0,2.3272885167696447,3.087746164033725e-05,5.818174975731651,5.575949367088608,33.04428461833525,0.23880233690360278,5.999835146477886,13.0,2.3238541527261005,2.220369886762164e-05,5.80960207626695,5.798701298701299,43.536770300406666,0.23823051948051943,5.999880340845849,12.0,2.3163693116962305,1.1539119561856832e-05,5.790905970561234,6.120253164556962,64.0795358649789,0.23608406361570913,5.999942308143119,2.099060095298443,1.045172017377638e-06,5.247648670488082,5.999995371366172,1.9999981087313847,16.0,0.20791628753412192,1.9999998506841306,0.00041573744770344274,5.240588422590544,5.241004253567205,2.0627331903315183,0.10731842232867032,4.99585534233579,5.6625,2.0791900483576806,0.09691360811784577,5.052604708717434,5.5375,0.30286397262202147,0.2864071145958591,-0.01645685802616237,2.3655088486132962,2.227943507226914,2.2131160368897613,0.1375653413863822,0.15239281172353514,S_post_acc
3.575,0.0,45750.0,2198.0,2.3807838965007866,0.006202915245941783,5.942655368383055,5.956254034699253,1.9833503731511044,4.08508691674291,0.30519389119572105,1.9936938395950687,3.210778547466562,0.04896998962594566,0.001892276059062809,0.12438564606823722,0.5160612642826967,1.0,14.0,2.31944033582272,0.03055765309590854,5.7527643599129386,4.006369426751593,1.4980891719745222,0.3333333333333333,5.72403692860786,14.0,2.395501895160577,0.00047531890279471536,5.98804175954725,4.038216560509555,1.9877464361540798,0.25,5.9977398562396385,14.0,2.3658406824056706,0.011149534422543687,5.897877404380359,4.057324840764331,2.47884440400364,0.29936305732484075,5.900494663476472,1.0,2.3807838965007866,0.006202915245941783,5.942655368383055,4.08508691674291,3.210778547466562,0.30519389119572105,5.956254034699253,14.0,2.390323063471535,0.00014078217209151223,5.9755964854206995,4.108974358974359,4.9253663003663,0.2487179487179487,5.999301402941965,14.0,2.383493443066833,0.0017377458173342929,5.956126988941082,4.153846153846154,6.364285714285714,0.267258382642998,5.984947370249417,14.0,2.3850323800555007,8.757940290731395e-05,5.96244958103439,4.232258064516129,9.684792626728111,0.24854838709677418,5.999562925348014,14.0,2.383126920039004,6.510088268866939e-05,5.957719648773476,4.311688311688312,12.450092764378478,0.24850149850149852,5.999674857049492,14.0,2.380342739848346,0.00022046455465308287,5.950526152788885,4.4605263157894735,18.267810150375936,0.254470310391363,5.9981879571525125,14.0,2.3795035527638437,3.336431345397036e-05,5.948708835439427,4.593333333333334,23.902666666666672,0.2485897435897436,5.99983322469718,13.0,2.376293955119196,2.3643563034115167e-05,5.94069942245344,4.930379746835443,34.028028933092216,0.24853943524829603,5.999881796742257,13.0,2.37393418274579,1.8191352809229896e-05,5.934808169835262,5.266233766233766,42.99888682745826,0.24850149850149852,5.999909049526115,12.0,2.370166160139112,1.2992231877389297e-05,5.925395911999963,6.006329113924051,57.00566606389391,0.24843800714053876,5.999935791216749,2.3715834434700906,4.4793119080566157e-07,5.92895793677844,5.999995968606752,1.9999985068918538,12.0,0.2484076433121019,1.9999992534435513,1.7136637911151155e-05,5.913059309122744,5.913088062182782,2.236666259479898,0.07774412574915576,5.475049460076012,4.0875,2.225642147637319,0.0878572172818162,5.432319543170573,4.05,0.14411763702088853,0.15514174886346765,0.01102411184257912,2.3889043174917672,2.239995794726506,2.2128959379459356,0.14890852276526145,0.17600837954583173,S_post_acc
3.575,1.0,45767.0,2198.0,2.3877311641983776,0.006035837390397199,5.960274154410349,5.956985623483984,1.9836499286978633,4.011893870082342,0.3074107959743824,1.9937203890905957,3.242268984446478,0.010704585793182004,0.0009772657944253265,0.027792754570868078,0.10840851413429917,1.0,14.0,2.318318427663398,0.03010323433072665,5.750641217662407,4.012738853503185,1.4961783439490446,0.3333333333333333,5.724493225068185,14.0,2.398387890255448,0.00023765945139736334,5.995613236461523,4.012738853503185,1.9949044585987261,0.25,5.998869928111164,14.0,2.37017890167887,0.010736587775965159,5.909342372533225,4.012738853503185,2.4936305732484074,0.3,5.902078859054857,1.0,2.3877311641983776,0.006035837390397199,5.960274154410349,4.011893870082342,3.242268984446478,0.3074107959743824,5.956985623483984,14.0,2.3980421656619404,7.03910860457732e-05,5.994999827525782,4.0256410256410255,4.9743589743589745,0.25,5.999650701462326,14.0,2.394184680160888,0.001643897083066616,5.982995854777621,4.0256410256410255,6.466666666666667,0.2692307692307692,5.985372364004111,14.0,2.3981443577675674,2.6273820872219974e-05,5.99532148368761,4.038709677419355,9.92258064516129,0.25,5.999868877592286,14.0,2.3979356751644922,2.0832282460374202e-05,5.99480793948754,4.0519480519480515,12.864935064935064,0.25,5.9998959542440655,14.0,2.3972123798689444,0.00019194114128271317,5.9927430379604365,4.078947368421052,19.192105263157895,0.2564102564102564,5.9983289123496135,14.0,2.397474906507467,1.0676580305310306e-05,5.99367125139821,4.1066666666666665,25.445333333333334,0.25,5.999946631891325,13.0,2.3973764242592095,6.7553037241340894e-06,5.993430927692438,4.151898734177215,37.815189873417715,0.25,5.9999662276282795,13.0,2.397143210925811,5.1975293741167676e-06,5.9928502310204665,4.207792207792208,49.838961038961045,0.25,5.999974014137953,12.0,2.396865686519234,3.658464938622677e-06,5.992158728600676,4.329113924050633,72.86582278481012,0.25,5.999981708221752,2.3972909979270804,2.239651628599404e-07,5.993227158869956,5.999997984296143,1.99999925344366,6.0,0.2502274795268426,1.9999996267189522,0.0,5.990404617212096,5.990404617212096,2.220450927091646,0.0938915864059133,5.410289938120245,3.8875,2.252139713937713,0.08326342781484045,5.505454143122021,3.925,0.16728023710673146,0.13559145026066455,-0.03168878684606691,2.3889043174917672,2.237480878126127,2.2213903061142877,0.151423439365641,0.16751401137747982,S_post_acc
3.575,2.0,45784.0,2198.0,2.21203469903703,0.011150527786580282,5.513360955912707,5.939549068594166,1.9761328469358619,5.954254345837145,0.2518474206488845,1.9947041795998197,2.4535501400094266,0.18904135031190725,0.0054359812619138755,0.4760544637669631,2.144529139653999,1.0,14.0,2.2735505687363973,0.049629945042379234,5.609431504277423,4.401273885350318,1.392356687898089,0.31210191082802546,5.696824963993584,14.0,2.306617856596484,0.008952923228364412,5.753115256648663,4.808917197452229,1.7472854109796785,0.24522292993630573,5.958046058028878,14.0,2.2525562081226314,0.018111769529573524,5.6042228660122175,5.229299363057325,2.068496613082601,0.26624203821656056,5.89059398637857,1.0,2.21203469903703,0.011150527786580282,5.513360955912707,5.954254345837145,2.4535501400094266,0.2518474206488845,5.939549068594166,14.0,2.1400970973365148,0.002907033210425337,5.3458821935256475,7.256410256410256,3.2290622482930176,0.20705128205128204,5.984643778390776,14.0,2.0800517782056587,0.0032800290301841376,5.195209401968871,8.346153846153847,3.7062126835153153,0.2014299802761341,5.981576479095409,14.0,1.9614149216935894,0.0014491200227567849,4.901363624199837,10.806451612903226,4.420710354873855,0.17258064516129032,5.992325626815258,14.0,1.8853944272965715,0.0011069029530102203,4.711825713811912,12.487012987012987,4.827180386511824,0.15784215784215783,5.994125827258457,14.0,1.7758774253506184,0.0006545089591868392,4.438711799937765,15.348684210526315,5.5026021130973275,0.13824224021592443,5.996713597015365,14.0,1.712203804875829,0.0005240977357193266,4.279723365585992,17.3,6.323695507932041,0.12756410256410258,5.997337989086916,13.0,1.6444394690084503,0.00032720434264460544,4.110607866007158,19.696202531645568,8.166782064123291,0.11652061019149626,5.998427499748066,13.0,1.6098945943342942,0.00024046344547014808,4.024375790667531,21.318181818181817,10.039142742958923,0.1118256743256743,5.998851202333857,12.0,1.5737406966492256,0.00016201409541561498,3.934108720479941,23.40506329113924,13.671977244936961,0.10806150600454398,5.99926526146638,1.4796518580946254,1.3662126014502007e-05,3.699109152047541,5.999929002261074,1.9999717800450199,32.0,0.09508644222020018,1.999994550165063,0.022777558282492796,3.663576241999049,3.6863538002645875,1.770680032986796,0.13283668681551256,4.227445052243721,9.45,1.7648684099651262,0.13204034922385327,4.214110501077036,9.3875,0.4413546660502341,0.4471662890719039,0.005811623021669821,2.217035884206486,2.1259478445704243,2.139632323752205,0.09108803963606225,0.07740356045428105,S_post_acc
3.575,3.0,45801.0,2198.0,2.375924005913885,0.0065823441687277605,5.929936498531621,5.955526919893124,1.9829815252414664,4.1408966148215915,0.30368076571187275,1.9939812874348608,3.184888140983749,0.06093363442889988,0.002433640351906036,0.15481756732291732,0.6649656013484055,1.0,14.0,2.317067522642702,0.0336801052976479,5.742148648660284,4.038216560509555,1.4898089171974522,0.33121019108280253,5.72091447640612,14.0,2.392446787868589,0.0008318080798907321,5.979869257551637,4.063694267515924,1.9791932059447983,0.24920382165605096,5.996044748432351,14.0,2.361196817831031,0.012031315343282993,5.884945071562652,4.10828025477707,2.458219593569912,0.2968152866242038,5.900783193771,1.0,2.375924005913885,0.0065823441687277605,5.929936498531621,4.1408966148215915,3.184888140983749,0.30368076571187275,5.955526919893124,14.0,2.381890322445095,0.0002287710296486946,5.954382649568263,4.217948717948718,4.849511599511599,0.24743589743589745,5.998864779791516,14.0,2.373554643131332,0.0018776561143848487,5.931070123656753,4.3076923076923075,6.246302308802308,0.26503944773175536,5.9848901273156345,14.0,2.371182707676015,0.00010217170464609775,5.927803511633067,4.464516129032258,9.447339757017176,0.24596774193548387,5.999478421203686,14.0,2.3671619633297216,8.071609616950109e-05,5.91778383418005,4.577922077922078,12.154654148160642,0.24537962037962038,5.999596824027743,14.0,2.357509007932657,0.00023722879138861415,5.893416676644558,4.842105263157895,17.811446229209388,0.24932523616734142,5.998189930039435,14.0,2.3490737091608676,3.7811215536383e-05,5.872627556078864,5.1,23.24133650227768,0.2421794871794872,5.999812767202974,13.0,2.3319196745204795,2.4956387419115102e-05,5.829761751720069,5.6265822784810124,33.55094767481216,0.2390863356053229,5.99987598048228,13.0,2.315094651422666,1.8624120662644654e-05,5.787708692375669,6.1103896103896105,43.09658541102391,0.23567057942057945,5.9999073171756745,12.0,2.2881787211119073,1.2570279664348715e-05,5.720427947360272,7.012658227848101,60.515542223188106,0.22837552742616035,5.99993846402647,2.2188675278952834,2.0156967908135925e-06,5.547165796193021,5.999989025661733,1.9999956699883141,19.0,0.2302092811646952,1.9999990294783727,0.0006853806121723334,5.5250608949845565,5.526969397845326,2.1385118437142694,0.09974667465066073,5.196659597309681,4.8875,2.1391741818818524,0.10687401598389328,5.187624430728791,4.7875,0.23741216219961547,0.23674982403203249,-0.0006623381675829876,2.37633204594845,2.209160913484739,2.214565824978314,0.1671711324637105,0.1617662209701363,S_post_acc
3.575,4.0,45818.0,2198.0,2.3815301164248064,0.006143672317920974,5.944609782585134,5.956600639673584,1.9834856557852218,4.080512351326624,0.3055457808431276,1.9937347079750103,3.2153548126672558,0.04970790829965247,0.0014598089663278213,0.12585305925061957,0.551895107417405,1.0,14.0,2.317818756710252,0.0306858775758375,5.7485180754118765,4.019108280254777,1.4949044585987261,0.33227176220806787,5.723904948737643,14.0,2.3953722890767684,0.00011882972569867036,5.988252478103373,4.044585987261146,1.9881710646041855,0.24920382165605096,5.999434964046925,14.0,2.3661181605897688,0.010875124392428338,5.898982714885778,4.057324840764331,2.4808917197452227,0.2987261146496815,5.9019398535801235,1.0,2.3815301164248064,0.006143672317920974,5.944609782585134,4.080512351326624,3.2153548126672558,0.3055457808431276,5.956600639673584,14.0,2.3912816398774797,8.198500943617928e-05,5.978081122179544,4.108974358974359,4.92948717948718,0.2487179487179487,5.999639136584396,14.0,2.3860086422808067,0.0016573760122416418,5.962535541683655,4.134615384615385,6.394318181818182,0.26775147928994086,5.985358700568256,14.0,2.3888558622357383,4.544051769609692e-05,5.972071494812801,4.180645161290323,9.795307917888563,0.24870967741935482,5.999762046628357,14.0,2.3878759028966727,2.8639889200804474e-05,5.96964679740788,4.2272727272727275,12.678453364817,0.24862637362637363,5.99985693773319,14.0,2.3857816647994525,0.00019036613684913174,5.964168612793356,4.309210526315789,18.87837918660287,0.2548076923076923,5.998330475278034,14.0,2.384787765892167,1.2900195897795896e-05,5.96195006443657,4.3933333333333335,24.95684848484849,0.2485897435897436,5.999928397560263,13.0,2.382371291209554,9.945885007730204e-06,5.955913309196372,4.575949367088608,36.83881856540084,0.2485800064913989,5.999942772515209,13.0,2.3805266408311594,7.255048452347136e-06,5.9513057195052195,4.7727272727272725,48.18407451134725,0.24853271728271728,5.999957664016132,12.0,2.3774532054649615,4.7372655624483495e-06,5.943625907764059,5.215189873417722,68.99659707381227,0.24845829276209022,5.999972186985588,2.37699399721005,1.1944823947729333e-06,5.942483201301533,5.999995222056073,1.9999980091912262,11.0,0.2484076433121019,1.9999999999942293,6.936104645155935e-06,5.9294376816968555,5.929523879944987,2.2353201157782197,0.08576339021214811,5.459655204127327,4.0875,2.2316247456567497,0.09049296954647382,5.443322409822163,4.0125,0.14621000064658674,0.14990537076805666,0.003695370121469921,2.3788072983093875,2.225270051585619,2.23696381614638,0.1535372467237689,0.14184348216300713,S_post_acc
3.575,5.0,45835.0,2198.0,2.364033037175034,0.006314285772395447,5.900611164278993,5.954887889165258,1.9828578677976212,4.262580054894785,0.29963403476669714,1.9933791656000126,3.128590489260663,0.08289179474848798,0.003025533513784572,0.20869743507258387,0.8827095461989606,0.8847209515096066,14.0,2.3266886316863316,0.05962328420617307,5.727286652906569,4.082802547770701,1.4777070063694266,0.3290870488322717,5.69494688746073,14.0,2.383102502978162,0.0014625248829892854,5.9555624701209195,4.146496815286624,1.9551107067030635,0.2484076433121019,5.992727669166987,14.0,2.3580024646608564,0.021369527156465694,5.862951870917442,4.197452229299363,2.4282175715296734,0.29554140127388534,5.890853313052732,1.0,2.364033037175034,0.006314285772395447,5.900611164278993,4.262580054894785,3.128590489260663,0.29963403476669714,5.954887889165258,14.0,2.36115248070253,0.0005101284874059333,5.9021160090252165,4.467948717948718,4.679741554741555,0.24519230769230768,5.997327718220062,14.0,2.350806552042953,0.003281632474285541,5.8720939313959555,4.602564102564102,5.966798941798942,0.261094674556213,5.983237166341905,14.0,2.3346277228368932,0.00024241696589756673,5.836205681643387,4.941935483870968,8.753609831029186,0.2403225806451613,5.998708685763489,14.0,2.318765981166739,0.00018931223886611368,5.796630984558547,5.220779220779221,10.94774273345702,0.23726273726273728,5.998999090134153,14.0,2.2832218107892537,0.0004116535195547853,5.7074370466938,5.8618421052631575,15.063330200501253,0.23422739541160595,5.997874847281145,14.0,2.252628667799099,9.455634261718397e-05,5.631429834983823,6.426666666666667,18.695958916900096,0.22320512820512822,5.999486469689055,13.0,2.194067312281598,5.9595810326842384e-05,5.4850788869885045,7.537974683544304,24.6003458690726,0.2101184680298604,5.999655560508432,13.0,2.14125699740063,4.5217096323507605e-05,5.353074667857089,8.551948051948052,29.35521139585311,0.19892607392607395,5.999737134641357,12.0,2.058642263517605,2.901309390381267e-05,5.146562139153156,10.379746835443038,36.90735560046803,0.1802174618630315,5.99982155019308,1.390728806753628,5.375372786886601e-06,3.4768139538248897,5.999948039383567,1.9999808880035934,30.0,0.0746132848043676,1.999989846878786,0.05842438156382623,3.4150538260264804,3.473478207631291,1.6929350533192185,0.10374474020441311,4.076720522991426,9.8375,1.6776715394682498,0.1005730426586807,4.043319284682603,9.875,0.6710979838558158,0.6863614977067845,0.01526351385096869,2.36985714938042,2.199399216448972,2.206299468457457,0.17045793293144776,0.16355768092296336,S_post_acc
3.5775,0.0,45775.0,2198.0,2.3663680951391712,0.007207335429025029,5.905109234704391,5.95437431397554,1.9823889928488387,4.247941445562671,0.3010064043915828,1.9944748349847408,3.1389103094729807,0.08156630791677577,0.0030066818673041766,0.2063930948499586,0.8915624966882185,1.0,14.0,2.3177191388317624,0.03901241678047635,5.735779221908691,4.057324840764331,1.4847133757961783,0.33014861995753714,5.715578409533006,14.0,2.3863760793979223,0.001069467531288067,5.964335997197873,4.1210191082802545,1.9631179860479224,0.2484076433121019,5.9949146765608265,14.0,2.356921278936275,0.014039079607574438,5.871244577929323,4.165605095541402,2.4407794965119805,0.2961783439490446,5.8981863393221055,1.0,2.3663680951391712,0.007207335429025029,5.905109234704391,4.247941445562671,3.1389103094729807,0.3010064043915828,5.95437431397554,14.0,2.3709091368452,0.00030495907738967365,5.926815403496916,4.365384615384615,4.760891885891886,0.2458333333333333,5.9984397505644536,14.0,2.3612168638479036,0.0021969441401559608,5.899746743409527,4.4743589743589745,6.099272486772487,0.26282051282051283,5.984322325744608,14.0,2.3561589364096487,0.00016346449044404943,5.890152144288455,4.709677419354839,9.110701484895033,0.2446774193548387,5.999172470779602,14.0,2.351485437033372,0.00010415691311967827,5.87855735721375,4.85064935064935,11.65256648113791,0.24388111888111888,5.999458958927169,14.0,2.3423687179485486,0.000283669228686448,5.855496291028342,5.2105263157894735,16.721005639097744,0.2483974358974359,5.99805915446878,14.0,2.3360789794344865,4.98229854700701e-05,5.84012271410801,5.566666666666666,21.344761904761906,0.24224358974358978,5.999742053947131,13.0,2.3248492929454496,3.6029529992173924e-05,5.8120691880686355,6.170886075949367,29.748408131952434,0.24095261278805585,5.999815373803311,13.0,2.313829222423208,2.6150420426614555e-05,5.78453383042738,6.792207792207792,36.691617473435656,0.23916708291708294,5.999865359527415,12.0,2.2929783954397416,1.8784982451038486e-05,5.732417811125676,7.924050632911392,47.566365280289325,0.23553635183382018,5.999907203875249,2.0753098255885734,2.83691056957025e-06,5.1882703086055795,5.999982829268507,1.9999933307859792,16.0,0.19745222929936307,1.999998058961403,6.072869806397313e-05,5.172774194572359,5.17283487862988,2.0464813802461714,0.10964221540659198,4.9517401275055395,5.775,2.040724962116018,0.11215686030011554,4.9335771148398715,5.8125,0.3198867148929998,0.3256431330231533,0.0057564181301534845,2.355503612008446,2.1925637737804666,2.187004265509132,0.16293983822797897,0.16849934649931397,S_post_acc
3.5775,1.0,45792.0,2198.0,2.3790676817373275,0.006105446259451772,5.938511034954142,5.956729240098297,1.983541264612949,4.105672461116194,0.3044549229361672,1.9937219958911379,3.2032032849736423,0.0551262173145375,0.0013187920630641618,0.1388721594923262,0.5944965892581697,1.0,14.0,2.3133790088722117,0.03036343868087159,5.737902364159223,4.050955414012739,1.4866242038216562,0.33014861995753714,5.72423302071804,14.0,2.389600298887027,0.0005941486284933914,5.973109524274826,4.095541401273885,1.9724598119502579,0.2484076433121019,5.997174820303876,14.0,2.3608421654784193,0.011007298148950037,5.885594466472623,4.10828025477707,2.461935092508341,0.2974522292993631,5.901218226024351,1.0,2.3790676817373275,0.006105446259451772,5.938511034954142,4.105672461116194,3.2032032849736423,0.3044549229361672,5.956729240098297,14.0,2.3858609701020064,5.2793314534324206e-05,5.964573235283213,4.185897435897436,4.877289377289378,0.2477564102564103,5.999738026092418,14.0,2.3793183282183614,0.0016363323035782035,5.945841322090536,4.2243589743589745,6.310119047619048,0.266025641025641,5.985462396049649,14.0,2.379906504283566,3.0652791017564185e-05,5.949720281522388,4.32258064516129,9.581566820276498,0.24693548387096778,5.999847023860553,14.0,2.377456092927673,1.562421184528065e-05,5.943616796001416,4.415584415584416,12.295732838589982,0.24687812187812186,5.999921965678721,14.0,2.373391987922082,0.00018723422980462373,5.9331991184604975,4.605263157894737,17.980686090225564,0.2528677462887989,5.998361714769404,14.0,2.371265790225152,6.005576421674874e-06,5.928155467198247,4.793333333333333,23.43196536796537,0.24666666666666667,5.999969980431295,13.0,2.367312881460177,5.81703110801428e-06,5.918273478103779,5.1645569620253164,33.57100937037646,0.246713729308666,5.999971668750385,13.0,2.3638721506132416,4.006417211800583e-06,5.909674366907287,5.584415584415584,42.81339180300219,0.24659715284715286,5.999980402331458,12.0,2.358647816670671,2.720394757089542e-06,5.896615461084542,6.3734177215189876,58.27838237711655,0.24636887374229147,5.999986586025953,2.358070197108988,4.479303257198808e-07,5.895174820876981,5.999997760330963,1.9999991041335459,12.0,0.24658780709736125,1.9999998506841308,2.597670743973146e-05,5.881467482517563,5.881513557367889,2.2144786255500564,0.09071097662604577,5.4001300989360725,4.1,2.2195378825607164,0.08806668410572296,5.416744680243206,4.0625,0.16458905618727115,0.15952979917661114,-0.005059257010660012,2.3781620953160854,2.223385596350041,2.2079319949031277,0.15477649896604415,0.1702301004129576,S_post_acc
3.5775,2.0,45809.0,2198.0,2.3877311641983776,0.006035837390398084,5.960274154410349,5.956985623483985,1.9836499286978624,4.011893870082342,0.3074107959743824,1.9937203890905957,3.242268984446478,0.010704585793182004,0.000977265794425298,0.027792754570868078,0.10840851413429917,1.0,14.0,2.319284213212634,0.03029744874576448,5.7527643599129386,4.006369426751593,1.4980891719745222,0.3333333333333333,5.724297132958005,14.0,2.399193945127724,0.00011882972569868167,5.997806618230761,4.006369426751593,1.9974522292993633,0.25,5.999434964046925,14.0,2.37017890167887,0.010736587775965159,5.909342372533225,4.012738853503185,2.4936305732484074,0.3,5.902078859054857,1.0,2.3877311641983776,0.006035837390398084,5.960274154410349,4.011893870082342,3.242268984446478,0.3074107959743824,5.956985623483985,14.0,2.3985316242464556,5.279331453431282e-05,5.996249870644336,4.019230769230769,4.980769230769231,0.25,5.999738026092417,14.0,2.394184680160888,0.00164389708306661,5.982995854777621,4.0256410256410255,6.466666666666667,0.2692307692307692,5.985372364004111,14.0,2.3981443577675674,2.6273820872202782e-05,5.99532148368761,4.038709677419355,9.92258064516129,0.25,5.999868877592286,14.0,2.3979356751644922,2.0832282460374202e-05,5.99480793948754,4.0519480519480515,12.864935064935064,0.25,5.9998959542440655,14.0,2.3974059548531077,0.00018842441557408382,5.993232250509408,4.072368421052632,19.217763157894737,0.2564102564102564,5.9983417965770425,14.0,2.3976327248507507,1.000929403622545e-05,5.994066798185822,4.1,25.48,0.25,5.999949967397035,13.0,2.397485739915076,6.473832735631314e-06,5.993704639038586,4.1455696202531644,37.86455696202531,0.25,5.999967634809713,13.0,2.3975895842186534,4.385415409347581e-06,5.993967382423519,4.175324675324675,50.17662337662338,0.25,5.999978074426193,12.0,2.397709540148671,2.6734936090328445e-06,5.994269840131263,4.2405063291139244,74.24810126582278,0.25,5.99998663292662,2.39729099792708,2.2396516197176197e-07,5.993227158869956,5.999997984296142,1.99999925344366,6.0,0.2502274795268426,1.9999996267189522,0.0,5.990404617212096,5.990404617212096,2.2196223683583023,0.09828553150350565,5.401627623640496,3.9125,2.2431435967987277,0.08340217157542262,5.482755734633686,3.9625,0.16810879584007532,0.14458756739964995,-0.023521228440425368,2.3863763024166524,2.239068956401459,2.2099062700734553,0.1473073460151938,0.17647003234319714,S_post_acc
3.5775,3.0,45826.0,2198.0,2.354608366174948,0.005633810468407018,5.87807019973476,5.955098488151575,1.9831548925610556,4.359560841720037,0.2972411851643325,1.9925395861181951,3.0844486559491133,0.09484178010960641,0.0031774198500727786,0.23877572412770345,1.0179957117645988,0.8225068618481244,14.0,2.3175494329064756,0.051468427074850075,5.7166709416539145,4.114649681528663,1.470063694267516,0.32590233545647557,5.703054802213466,14.0,2.3786439042520473,0.0014625248829892516,5.944415973305633,4.191082802547771,1.9429784652714588,0.2484076433121019,5.992727669166988,14.0,2.3506345505821273,0.018656262720784116,5.848601982374142,4.248407643312102,2.4058993023961177,0.29363057324840763,5.892971861004578,1.0,2.354608366174948,0.005633810468407018,5.87807019973476,4.359560841720037,3.0844486559491133,0.2972411851643325,5.955098488151575,14.0,2.3520926103683237,0.0005571248402450687,5.879395838660441,4.602564102564102,4.580891330891331,0.24519230769230768,5.997141475036492,14.0,2.3394478185170042,0.0028322929210286433,5.844371106910969,4.7756410256410255,5.821230158730159,0.2593688362919132,5.983934933743201,14.0,2.3246252268897227,0.0002614526498845863,5.811170888249481,5.15483870967742,8.506512125866964,0.2393548387096774,5.998672272644466,14.0,2.312518007718018,0.00020591440599094545,5.7809861476860585,5.441558441558442,10.610673525608592,0.23763736263736268,5.9989512406071155,14.0,2.286209581155509,0.0003828518037467123,5.71494967518315,6.092105263157895,14.509582194121666,0.23667341430499328,5.997875520586407,14.0,2.2631698844661696,0.0001014756991837314,5.657772497616647,6.706666666666667,17.72532948532949,0.22839743589743586,5.999471529220937,13.0,2.2167554888039507,6.466197944430376e-05,5.5417917290407095,7.8924050632911396,22.50312208888158,0.21855728659526125,5.9996505024291,13.0,2.1710671174756606,4.38614493770219e-05,5.427602001515086,9.051948051948052,26.132707408032086,0.20854145854145853,5.999756036700762,12.0,2.0887690207467373,2.561256544001875e-05,5.221884133018684,11.30379746835443,30.577291906405836,0.19036027263875363,5.999855063601013,1.4205016071992358,1.7170957260503883e-06,3.5512514423545003,5.9999678235104525,1.999988702138242,32.0,0.08598726114649681,1.9999915639572197,0.001581566068041236,3.5365103179540416,3.5380918845684652,1.6967419852877463,0.08235160164158858,4.118327560756983,9.8125,1.6689455874223824,0.09465977210620355,4.030374310396651,9.625,0.6578663808872016,0.6856627787525655,0.02779639786536392,2.355332561408227,2.205566069606982,2.21865770108413,0.14976649180124454,0.13667486032409626,S_post_acc
3.5775,4.0,45843.0,2198.0,2.366021593398098,0.0072610038635851585,5.904162477699868,5.95487868298772,1.9825392263747117,4.251143641354071,0.2997044126961785,1.9946410254569789,3.1378011588899057,0.08295540006685889,0.001745488141252095,0.2086126970915996,0.8924616031670238,1.0,14.0,2.3380067873048875,0.0714097360686643,5.737902364159222,4.050955414012739,1.4859872611464968,0.33121019108280253,5.683184845635104,14.0,2.390535959843112,0.0008318080798907265,5.975092187487943,4.082802547770701,1.9728844404003638,0.24920382165605096,5.996044748432351,14.0,2.3680622783510357,0.02549281005376282,5.881916480796943,4.1210191082802545,2.4524567788899003,0.2974522292993631,5.887323105635328,1.0,2.366021593398098,0.0072610038635851585,5.904162477699868,4.251143641354071,3.1378011588899057,0.2997044126961785,5.95487868298772,14.0,2.3642077292971617,0.00033435765871737716,5.910017786754827,4.423076923076923,4.722527472527473,0.2448717948717949,5.998340832010974,14.0,2.3535982164687455,0.003765815596492196,5.8783468177771265,4.532051282051282,6.048280423280423,0.25936883629191326,5.983332943570441,14.0,2.3331975874177533,0.00015326395508786676,5.832764072611751,4.877419354838709,8.877624167946749,0.2382258064516129,5.99923511937201,14.0,2.3138513433707613,0.00012325617149637353,5.784443474169658,5.181818181818182,11.069964955679241,0.2342657342657343,5.999377458575035,14.0,2.274165366908289,0.0004290881580797846,5.684769785033602,5.855263157894737,15.212453007518796,0.23051619433198378,5.998082383132016,14.0,2.2372844450259284,5.916499323709227e-05,5.593122365074964,6.506666666666667,18.678835978835977,0.21858974358974356,5.999684682755246,13.0,2.176650222371067,3.677840027348205e-05,5.441570388327255,7.5,24.864786547530404,0.20541220382992534,5.9997943635427,13.0,2.1287637779283872,2.8587032923296677e-05,5.321866564271582,8.37012987012987,30.35130294542059,0.19433691308691306,5.99983888509078,12.0,2.0529887050053652,1.836333872848563e-05,5.13244421750532,9.949367088607595,38.68007481473602,0.18042031807854592,5.999884548251998,1.4006948162041413,2.612942192392609e-06,3.5017331210970646,5.999975886323489,1.999991091127099,28.0,0.09144676979071883,1.9999954460314333,0.07219893659900782,3.429534184418574,3.5017331210970637,1.6763990395357027,0.10556322607219756,4.03265275973096,10.0125,1.7513966494870008,0.11697222976375321,4.203033279071872,9.625,0.6896225538623955,0.6146249439110973,-0.07499760995129812,2.3742383318928613,2.2381269978959435,2.2209103094847613,0.13611133399691722,0.15332802240809926,S_post_acc
3.5775,5.0,45860.0,2198.0,2.353884526263613,0.007036440452561762,5.8741566549801885,5.953345577507432,1.9821030456849567,4.374656907593779,0.29622070518685334,1.9938222850201344,3.0811218478075757,0.09924251762732171,0.0027316389417241576,0.25034689087975026,1.0655883333606275,0.9885635864592863,14.0,2.331241944697691,0.06544977192455863,5.729930203857389,4.057324840764331,1.484076433121019,0.33121019108280253,5.684898528484194,14.0,2.38361969038686,0.0016636161597814699,5.956553801727478,4.140127388535032,1.9543827722171674,0.25,5.9920894968820155,14.0,2.3560295055952265,0.023176803448356986,5.855308558815532,4.222929936305732,2.4176524112829845,0.29426751592356687,5.887853766701664,1.0,2.353884526263613,0.007036440452561762,5.8741566549801885,4.374656907593779,3.0811218478075757,0.29622070518685334,5.953345577507432,14.0,2.3503017536972264,0.0006099181547793473,5.874839507010897,4.589743589743589,4.61940836940837,0.2432692307692308,5.99701939768169,14.0,2.335236614601086,0.0035802422141483926,5.832721173181493,4.788461538461538,5.852254689754689,0.25665680473372776,5.9827727642947455,14.0,2.3159757939497094,0.00029792700611293164,5.789492594365104,5.187096774193549,8.598617511520738,0.23661290322580644,5.998513478597495,14.0,2.2978544355176114,0.00022766331963815204,5.744294593814571,5.525974025974026,10.78245254024475,0.23276723276723277,5.998835759414075,14.0,2.263082864093448,0.0004401339761981257,5.657046959269322,6.217105263157895,15.035526315789474,0.22992577597840752,5.997837055440473,14.0,2.232349453173613,0.0001032462762237607,5.580718763519695,6.88,18.535972709551658,0.22057692307692311,5.999453760829364,13.0,2.181960557418546,6.973669459508636e-05,5.454796788504471,8.044303797468354,23.990549157704386,0.2120253164556962,5.9996229020659,13.0,2.1399968837928043,5.3127879530540604e-05,5.349912517662714,9.058441558441558,27.877114865084796,0.20423326673326672,5.999705831148185,12.0,2.058910576085173,3.823288285227602e-05,5.147219090888654,11.208860759493671,31.43644929354457,0.18843313859136643,5.999785593471441,1.6333912739240555,3.508878906544055e-06,4.083472921491778,5.999953489507588,1.999983326876227,28.0,0.13557779799818018,1.9999891749850116,0.006814048964407958,4.070660617029078,4.077474666675318,1.8510811749125051,0.09990155396267429,4.477850606337252,8.3625,1.8399319289880864,0.11386702942380067,4.429029278334514,8.15,0.5028033513511079,0.5139525972755266,0.011149245924418683,2.3415227405865,2.1688350621790558,2.185257037112605,0.17268767840744406,0.1562657034738943,S_post_acc
3.578501,0.0,45785.0,2198.0,2.38617291238834,0.006014081315144702,5.956411158998135,5.957100459553223,1.9836954594126928,4.029734675205855,0.3069885283974946,1.9937302876581429,3.2358406308543546,0.02719482157526328,0.0006964069017724054,0.06838700785999352,0.3017691401680097,1.0,14.0,2.3202499987618683,0.03049166316080143,5.754887502163469,4.0,1.5,0.3333333333333333,5.724101040847824,14.0,2.4000000000000004,0.0,6.0,4.0,2.0,0.25,5.999999999982688,14.0,2.371005466799844,0.010944392700661242,5.911097077948615,4.006369426751593,2.4968152866242037,0.3,5.901870350842757,1.0,2.38617291238834,0.006014081315144702,5.956411158998135,4.029734675205855,3.2358406308543546,0.3069885283974946,5.957100459553223,14.0,2.397659443736287,1.75977715114433e-05,5.99412221268345,4.032051282051282,4.977564102564102,0.2496794871794872,5.999912675352597,14.0,2.3926061574126467,0.0016226382397478395,5.979081436171996,4.051282051282051,6.44861111111111,0.2687376725838264,5.98547609011348,14.0,2.3960330090544475,2.189485072682992e-05,5.990049680360028,4.083870967741936,9.8752688172043,0.24967741935483873,5.99989073132402,14.0,2.395919186437083,1.0416141230187101e-05,5.989782341880862,4.103896103896104,12.805844155844156,0.24962537462537462,5.999947977113377,14.0,2.3947305614478,0.0001837195581599893,5.986550824282259,4.1644736842105265,19.050986842105264,0.2559885290148448,5.998374598996831,14.0,2.3945049951363915,4.671003883511086e-06,5.986255481335152,4.233333333333333,25.15066666666667,0.24955128205128205,5.999976651442717,13.0,2.393460910140503,3.940593839044491e-06,5.9836463644604985,4.379746835443038,36.894846292947555,0.24955371632586823,5.999980299442616,13.0,2.39323056536979,2.2739191011011096e-06,5.983073002545824,4.4935064935064934,48.44489795918367,0.24953171828171827,5.999988631175617,12.0,2.3929436691656227,1.1960366145918817e-06,5.9823573788591355,4.7405063291139244,70.21645569620253,0.24949285946121388,5.99999401998392,2.3932296973596903,4.479303274962376e-07,5.983073571503734,5.999997760330965,1.9999991041335459,9.0,0.24977252047315743,1.9999998506841306,2.223897067026424e-06,5.976013994442805,5.976014828396933,2.247610701976,0.08605967642695779,5.489937240299564,3.975,2.2118655267225127,0.09744957124384106,5.383489459940519,3.9125,0.1385622104123403,0.17430738566582749,0.035745175253487194,2.3889043174917677,2.2057683581911594,2.2186032838800522,0.1831359593006083,0.1703010336117161,S_post_acc
3.578501,1.0,45802.0,2198.0,2.3447535451384547,0.006010151870971192,5.852868635039681,5.954131630785593,1.982707159638207,4.469807868252516,0.2936519107607854,1.9927173431681138,3.0440929521327513,0.11226720649196892,0.003091162787675529,0.2826081916461652,1.2216608839309413,0.8700823421774931,14.0,2.3238080075637995,0.053406815834932606,5.7294097951571,4.076433121019108,1.4802547770700638,0.32802547770700635,5.701090125721374,14.0,2.3788623733798198,0.0014259567083841065,5.945016998386973,4.191082802547771,1.9424325144070367,0.24761146496815287,5.99321956875354,14.0,2.346233088145885,0.019396734035604556,5.836487619311305,4.305732484076433,2.3911889596602975,0.2923566878980891,5.892816365393561,1.0,2.3447535451384547,0.006010151870971192,5.852868635039681,4.469807868252516,3.0440929521327513,0.2936519107607854,5.954131630785593,14.0,2.3375733523517455,0.0006275159262907736,5.842992106989927,4.75,4.534391534391535,0.24134615384615385,5.996792176516131,14.0,2.3171486457020545,0.002997648716679294,5.788375141180119,5.038461538461538,5.650925925925926,0.2534516765285996,5.983438150904931,14.0,2.2873266978867424,0.00035650443424520447,5.7177819880654885,5.619354838709677,8.124177256435322,0.2320967741935484,5.9981050332404475,14.0,2.26050253896434,0.00026405812342991485,5.650860260225703,6.103896103896104,9.992689417364742,0.22652347652347654,5.998591406971621,14.0,2.2070190671012186,0.0003859534316276754,5.516968737605604,7.072368421052632,13.465787044482866,0.2182017543859649,5.9978537198001725,14.0,2.16267479522764,0.0001230396488241207,5.4065024285958625,7.96,16.40901604278075,0.20410256410256408,5.999313891119917,13.0,2.0930246308630416,8.643403219259128e-05,5.232431926109313,9.455696202531646,20.55113559808273,0.19068484258357676,5.999511644636818,13.0,2.0317656672603213,6.720178836498887e-05,5.079313365468256,10.974025974025974,23.249406730939437,0.18066308691308694,5.999612503132684,12.0,1.9374226299413677,4.934800145400187e-05,4.843482552851238,13.639240506329115,27.557588718971324,0.16364410905550145,5.999707502916669,1.3824693925740468,2.6130230459386894e-06,3.4561695619005475,5.999929301029166,1.9999755626687066,28.0,0.08098271155595996,1.9999799176873547,0.12805871506058475,3.3281108467758136,3.4561695619005466,1.699289969520636,0.08826465994166807,4.115827933889088,9.725,1.6739826508815028,0.10716117291797933,4.024214867826788,9.9,0.6454635756178186,0.6707708942569519,0.02530731863913327,2.3628602844116497,2.197102971967975,2.2051629315470698,0.16575731244367486,0.1576973528645797,S_post_acc
3.578501,2.0,45819.0,2198.0,2.34456772841504,0.006568304434948177,5.851566864385178,5.95332476689712,1.9822521541540572,4.482616651418115,0.29368709972552615,1.9931852913725159,3.051339760168671,0.12098567161050251,0.0038761982844365247,0.30503593619324604,1.3523452964734335,0.8865507776761208,14.0,2.3189023189343927,0.062056172373195516,5.704171538776189,4.10828025477707,1.4687898089171976,0.33121019108280253,5.682282990623976,14.0,2.374438741325948,0.003367926120526668,5.931044964134079,4.210191082802548,1.9307249014255385,0.25,5.984602747009707,14.0,2.3474342549228857,0.021494458914122636,5.836343948936029,4.292993630573249,2.3911131331513498,0.29363057324840763,5.888375669986175,1.0,2.34456772841504,0.006568304434948177,5.851566864385178,4.482616651418115,3.051339760168671,0.29368709972552615,5.95332476689712,14.0,2.3361824517108376,0.0008917569884549659,5.839118493794411,4.794871794871795,4.526820401820402,0.241025641025641,5.995402187241591,14.0,2.318478883499571,0.003199832416052478,5.791397460124851,5.019230769230769,5.733335183335184,0.2529585798816568,5.983319197511108,14.0,2.2855554109375333,0.0003597544508644898,5.713348895667536,5.683870967741935,8.199774777194133,0.2314516129032258,5.998101185396748,14.0,2.2566527679343555,0.0002807218789550887,5.641210837017457,6.298701298701299,10.055836659732762,0.22614885114885114,5.998522421483159,14.0,2.2036105419831378,0.00042023041386865084,5.508396009337041,7.434210526315789,13.363684989546059,0.2187078272604588,5.997828896435104,14.0,2.155139499982773,0.00013816916078242277,5.387641496215759,8.526666666666667,15.85096153336401,0.2058974358974359,5.999293414079577,13.0,2.0669194759276177,9.074273154493594e-05,5.167162575721726,10.49367088607595,20.055168179639633,0.18784485556637456,5.999538866456894,13.0,1.9875778009607776,6.914491127430644e-05,4.968840785035033,12.428571428571429,22.79908945403908,0.17095404595404595,5.999649547165959,12.0,1.8675753874378824,4.2074796417635315e-05,4.66887535640008,15.746835443037975,24.659480366498872,0.14814589419019797,5.999775003229112,1.470079894190434,4.180759839655934e-06,3.675193464336325,5.999954609377708,1.999983476205956,32.0,0.10828025477707007,1.999990444127154,0.001437781602667556,3.6695337805914,3.670971562419159,1.7069672471819572,0.10340891460590007,4.112304746046044,9.275,1.7499708155259768,0.10344115879226332,4.2197653006265465,9.3,0.6376004812330827,0.5945969128890631,-0.04300356834401953,2.3471654376067055,2.1994570130548405,2.1851366650187565,0.14770842455186475,0.1620287725879489,S_post_acc
3.578501,3.0,45836.0,2198.0,2.386659911907712,0.006045742052293783,5.957581166690841,5.956949258924572,1.9836345056240934,4.023787740164685,0.30712928425645714,1.9937222526298326,3.236817627325404,0.01984623051343868,0.0010806975012668959,0.050802475724714614,0.21039221586706794,1.0,14.0,2.3185910789225077,0.03055765309590854,5.750641217662407,4.012738853503185,1.4961783439490446,0.3333333333333333,5.72403692860786,14.0,2.3979200597774057,0.00011882972569867036,5.994621904854965,4.019108280254777,1.9932059447983015,0.25,5.999434964046925,14.0,2.3697664169419212,0.010898370114596325,5.908068487182906,4.019108280254777,2.491507430997877,0.3,5.901916842287092,1.0,2.386659911907712,0.006045742052293783,5.957581166690841,4.023787740164685,3.236817627325404,0.30712928425645714,5.956949258924572,14.0,2.396680526567257,5.279331453430713e-05,5.991622126446341,4.044871794871795,4.961538461538462,0.25,5.999738026092418,14.0,2.3930208016032837,0.001632957543327812,5.980102567693218,4.044871794871795,6.45,0.2692307692307692,5.985465786400437,14.0,2.3966381646590786,2.1894850726818463e-05,5.991562569371606,4.070967741935484,9.879569892473118,0.25,5.99989073132402,14.0,2.3961612816721556,1.822824715280436e-05,5.990375861809659,4.097402597402597,12.786147186147186,0.25,5.9999089599613935,14.0,2.395106289175758,0.00019075314596186504,5.987479593220452,4.151315789473684,19.03876879699248,0.2563259109311741,5.9983394569340565,14.0,2.395128435690851,1.0009294036136632e-05,5.9878060752860724,4.206666666666667,25.203492063492064,0.25,5.9999499673970345,13.0,2.3947667676978295,7.505857038918511e-06,5.986905660459015,4.30379746835443,37.322694394213386,0.25,5.999963225661783,13.0,2.3942978434835838,5.630645141142863e-06,5.985736162741247,4.415584415584416,49.030179344465054,0.25,5.999972281754978,12.0,2.3937323801076555,3.658464938622677e-06,5.98432546257173,4.658227848101266,71.17088607594937,0.25,5.9999817082217515,2.3945834138672084,8.212066084922753e-07,5.986457302858108,5.9999955953313515,1.999998258041581,8.0,0.2502274795268426,1.9999996267189522,7.733434079005672e-07,5.980801405304638,5.980809832750048,2.2346150169021852,0.09438907688838252,5.4449539269228895,3.8875,2.2352052914005176,0.0896803554733578,5.453492695291256,3.9125,0.15204489500552665,0.15145462050719427,-0.0005902744983323771,2.3786347047903553,2.2120215163035954,2.187365694006523,0.16661318848676004,0.19126901078383174,S_post_acc
3.578501,4.0,45853.0,2198.0,2.3160355781141906,0.010844874124452389,5.773821634098799,5.945877282073827,1.9783441359831249,4.788197621225984,0.2841860792455486,1.996628591665886,2.890606892345227,0.13174358784443665,0.005432441082049801,0.33367756224604334,1.4020204181120632,1.0,14.0,2.3162549997116066,0.06701772632094899,5.690110909797594,4.159235668789809,1.4579617834394905,0.3237791932059448,5.679421164516813,14.0,2.3553571760000023,0.004515529576549553,5.881619645635182,4.382165605095541,1.8795268425841674,0.24681528662420382,5.9785286344237205,14.0,2.3259297317928307,0.023695190019633272,5.779281544452627,4.528662420382165,2.3130876554443436,0.2878980891719745,5.885593727917451,1.0,2.3160355781141906,0.010844874124452389,5.773821634098799,4.788197621225984,2.890606892345227,0.2841860792455486,5.945877282073827,14.0,2.3002849614031007,0.0013508148557995843,5.748686181224052,5.147435897435898,4.235653235653236,0.23429487179487177,5.993331245834236,14.0,2.2812409991874163,0.00389287244562579,5.697263189300102,5.378205128205129,5.332142857142857,0.2445759368836292,5.981129701047871,14.0,2.252555896519012,0.0005507511793843657,5.630563614528453,5.832258064516129,7.645468509984639,0.22306451612903228,5.997260120394591,14.0,2.2337908723626514,0.00039075736020359627,5.5838910448663235,6.136363636363637,9.453875489589777,0.21928071928071932,5.9980579357909765,14.0,2.2091234026172146,0.000543503352274792,5.5219932515146235,6.559210526315789,13.193656015037593,0.21820175438596484,5.997358665453472,14.0,2.194539368065535,0.00014049911549387655,5.486137671490598,6.84,16.767936507936508,0.2132051282051282,5.99930696914915,13.0,2.172144366981108,8.908216655455618e-05,5.430227294202937,7.322784810126582,22.974894514767932,0.21072703667640383,5.999560759389817,13.0,2.155246397791854,6.93804389501798e-05,5.38801192382121,7.62987012987013,28.873881673881673,0.20826048951048953,5.999658385371217,12.0,2.1282119250642437,4.4921297944808926e-05,5.3204624307136905,8.10126582278481,39.64811222532742,0.20293735800064908,5.999779181534849,1.9068611607015935,2.986202272126093e-07,4.767152453823643,5.999997909641094,1.999999203673622,12.0,0.17015468607825296,1.9999997013740014,0.00039637819278785455,4.763671187158805,4.767152453823643,1.97323858325333,0.15928750080986084,4.694165206918534,6.9125,1.9538130424293172,0.1491498116080583,4.660807888661205,7.0625,0.3427969948608607,0.3622225356848734,0.01942554082401271,2.296538258667387,2.1830944878100182,2.190654252691318,0.11344377085736884,0.1058840059760695,S_post_acc
3.578501,5.0,45870.0,2198.0,2.207309773986724,0.010988520684466369,5.50179165394011,5.94025374811343,1.9764217424763209,6.000457456541628,0.2488915476106693,1.9947280273922763,2.435118404011359,0.18910016321689455,0.0050523738066363755,0.4763510927597675,2.1391441224573557,1.0,14.0,2.265348174790699,0.051341692920221275,5.586357897596416,4.496815286624204,1.370063694267516,0.30148619957537154,5.701310330634108,14.0,2.2872123962337882,0.008738581123330216,5.704923118899475,5.0,1.710221413406127,0.23805732484076433,5.95776973555699,14.0,2.232735963087153,0.018760963061717595,5.553698463125305,5.445859872611465,2.0135223940956424,0.2592356687898089,5.8899439843154,1.0,2.207309773986724,0.010988520684466369,5.50179165394011,6.000457456541628,2.435118404011359,0.2488915476106693,5.94025374811343,14.0,2.126249544205687,0.0030135258924494633,5.311103571675544,7.423076923076923,3.121337529991376,0.20576923076923073,5.984691971661296,14.0,2.0564929143623667,0.0031991574990955576,5.136433549657274,8.653846153846153,3.5042178409825477,0.1962524654832347,5.981912757084554,14.0,1.9391757945566015,0.001308477103388919,4.845976770736421,11.083870967741936,4.089493976400997,0.1693548387096774,5.992886455958187,14.0,1.8596521904007501,0.0010074581673850272,4.647619288750796,12.915584415584416,4.455254881497581,0.15359640359640359,5.9945176391565465,14.0,1.7394983599464688,0.0005538912689704476,4.347915062962716,16.05921052631579,5.151387985594532,0.13141025641025642,5.997076846074045,14.0,1.6688184434305389,0.0004445051133684134,4.171379350906294,18.286666666666665,5.927400494597212,0.12038461538461538,5.997591256336363,13.0,1.5915687702755872,0.0002732780728521496,3.9785120085796892,21.272151898734176,7.554261548029709,0.10747322297955209,5.99856929881356,13.0,1.547599820104466,0.0001963544864848484,3.8687050185314367,23.40909090909091,9.067900047857378,0.10002497502497502,5.998982404489779,12.0,1.5084089216644718,0.00013725839383481022,3.7708164165704283,25.70253164556962,12.35791512423026,0.09643784485556639,5.999303255240725,1.4327806765045932,2.4786087175598936e-05,3.5819145121307194,5.999892793734452,1.9999560025490923,32.0,0.08644222020018198,1.9999973124092103,0.009357354647951123,3.563985867822149,3.573343222556802,1.7446965952862434,0.1309216077658696,4.165359076566804,9.5125,1.7579475913785356,0.13757416856032076,4.188507725605858,9.5,0.4626131787004806,0.4493621826081884,-0.013250996092292189,2.1874127564046475,2.1243572048360595,2.096838174382112,0.06305555156858737,0.09057458202253567,S_post_acc
3.58,0.0,45800.0,2198.0,2.3543625271778295,0.007674248151294863,5.874394945717633,5.953018024090654,1.9817812586464534,4.372369624885636,0.2959743824336688,1.9946447710960171,3.0873541155906206,0.10210338977934093,0.003714836395358774,0.2589693895083962,1.0983000932579647,1.0,14.0,2.3184234699364072,0.04213597463865168,5.73285471288304,4.057324840764331,1.4847133757961786,0.33014861995753714,5.71039267773711,14.0,2.38476396965337,0.0013071269826854305,5.959949233659397,4.13375796178344,1.9597209584470732,0.2484076433121019,5.993784604689303,14.0,2.351027632161621,0.015160894435726859,5.854827738750458,4.222929936305732,2.4167424931756143,0.29426751592356687,5.89588504279356,1.0,2.3543625271778295,0.007674248151294863,5.874394945717633,4.372369624885636,3.0873541155906206,0.2959743824336688,5.953018024090654,14.0,2.3503554549605306,0.0005370761622709441,5.87508302315792,4.564102564102564,4.648656898656898,0.24102564102564103,5.997296509807883,14.0,2.343773279310689,0.0023792246257741236,5.855864361338062,4.621794871794871,5.993915343915344,0.257396449704142,5.983974481462466,14.0,2.3383233284816085,0.00018994653249316065,5.8455234014052815,4.806451612903226,9.005325140809012,0.2396774193548387,5.999040873481146,14.0,2.332072182465687,0.0001390167933811895,5.829971930974145,4.98051948051948,11.43308596165739,0.23938561438561437,5.99929909361415,14.0,2.323639038838287,0.00029420552537338577,5.808656288807657,5.256578947368421,16.557894736842105,0.24401147098515522,5.998057991083264,14.0,2.319771921778374,5.273265196063785e-05,5.799350705467994,5.42,21.660888888888888,0.23833333333333334,5.999731115962264,13.0,2.3133270259167933,3.25654223317721e-05,5.783268716658485,5.60126582278481,31.81708860759494,0.23713891593638428,5.999831210291171,13.0,2.3058310370038444,2.0847706559993658e-05,5.764546320949771,5.798701298701299,41.49870129870129,0.23542082917082918,5.999890146679312,12.0,2.291840664120822,1.5596888765682287e-05,5.729578264968906,6.234177215189874,59.29535864978902,0.23269636481661798,5.999920520932847,1.98559462062348,1.0451728824634188e-06,4.963984983799376,5.999993579641961,1.9999975114896928,12.0,0.18198362147406733,1.9999992534435513,0.00037246199577503685,4.960955406896202,4.963984983799376,1.9738333486009112,0.12654169983504143,4.744770821749715,6.325,1.9899659674286199,0.10039288654607517,4.824325588752435,6.6,0.38052917857691826,0.3643965597492096,-0.016132618827708667,2.346278000031469,2.189625742698414,2.1999189010350295,0.15665225733305504,0.1463590989964393,S_post_acc
3.58,1.0,45817.0,2198.0,2.382203790792996,0.0061492623558140344,5.946285583448769,5.956659420622435,1.9835033860888742,4.070905763952425,0.3053698360194243,1.9937661606427701,3.2174476103341614,0.04473661813011915,0.001354346669765261,0.11318525529943006,0.4763431948123071,1.0,14.0,2.3197525810428936,0.03107806179619842,5.7527643599129386,4.006369426751593,1.4980891719745222,0.3333333333333333,5.7235165199075695,14.0,2.3967757805108962,0.0004753189027946984,5.991226472923047,4.025477707006369,1.9906581740976643,0.25,5.9977398562396385,14.0,2.3667387315663753,0.011060152453226625,5.900256600236097,4.050955414012739,2.4820291173794358,0.2987261146496816,5.901754825519326,1.0,2.382203790792996,0.0061492623558140344,5.946285583448769,4.070905763952425,3.2174476103341614,0.3053698360194243,5.956659420622435,14.0,2.3894080837942058,0.00012318440058008603,5.973335432884644,4.115384615384615,4.923076923076923,0.24807692307692308,5.999388727572056,14.0,2.383237378767859,0.0016847641399023812,5.955566300709795,4.153846153846154,6.3625,0.2665187376725838,5.985331312440595,14.0,2.3834665956370125,6.130558203514555e-05,5.958574530719478,4.212903225806452,9.709677419354838,0.24709677419354836,5.999694047738417,14.0,2.380976261637103,4.1664564920731104e-05,5.952378157245376,4.259740259740259,12.552597402597401,0.24675324675324675,5.9997919085054425,14.0,2.3761017863760214,0.00020365158309928875,5.939948988565402,4.381578947368421,18.51217105263158,0.25269905533063425,5.9982797171361915,14.0,2.373368278484668,2.0685874341494306e-05,5.933389667400156,4.506666666666667,24.249333333333333,0.24660256410256415,5.999896599305672,13.0,2.36947881033558,1.4073549425138819e-05,5.923675915514811,4.727848101265823,35.21636528028933,0.24663258682246023,5.999929640911002,13.0,2.3658469390018553,1.0719904333844765e-05,5.914601267648137,4.98051948051948,45.20333951762524,0.2465347152847153,5.999946404177921,12.0,2.3598010449374938,7.504534469376582e-06,5.899491355542028,5.531645569620253,62.38902953586497,0.24630801687763715,5.99996322885815,2.3540200367236968,8.212074735780561e-07,5.885048859998031,5.99999380360714,1.9999976607998888,13.0,0.24658780709736125,1.9999990294783725,5.236259577839004e-05,5.86960276432531,5.869653413029974,2.190657490191613,0.1035829991333042,5.3212692267790755,4.025,2.243122323093435,0.08441571721356306,5.481182231913243,4.15,0.1915463006013831,0.13908146769956087,-0.052464832901822245,2.3889043174917672,2.213323619977921,2.237084389527694,0.17558069751384695,0.15181992796407323,S_post_acc
3.58,2.0,45834.0,2198.0,2.362502997198115,0.007480078491898125,5.8950373752574405,5.953449046599797,1.9819896560359667,4.286367795059469,0.2991765782250686,1.994521505990193,3.12249059012554,0.08866931768629831,0.003870212514528924,0.22543375750616845,0.9595510539843876,1.0,14.0,2.3157235115651784,0.04046690035397918,5.728608428381979,4.070063694267516,1.480891719745223,0.33014861995753714,5.712069379567109,14.0,2.379798034335905,0.0016636161597814699,5.946999661600089,4.178343949044586,1.946254170457992,0.2484076433121019,5.992089496882015,14.0,2.347655518408898,0.014428082769013839,5.847496671868722,4.261146496815287,2.408401577191386,0.2942675159235669,5.89720871483433,1.0,2.362502997198115,0.007480078491898125,5.8950373752574405,4.286367795059469,3.12249059012554,0.2991765782250686,5.953449046599797,14.0,2.3647342221670065,0.0005076775809433317,5.9110740390461,4.42948717948718,4.722832722832723,0.24519230769230768,5.997535324896832,14.0,2.35139732775078,0.0022993986058949976,5.875044221468109,4.608974358974359,5.98915343915344,0.26084812623274156,5.984051004488525,14.0,2.345288680008565,0.00022225013975317337,5.862888324811781,4.851612903225806,8.954019457245264,0.24274193548387096,5.998903458257854,14.0,2.3392757820882264,0.000151165958694969,5.847962706282523,5.012987012987013,11.406153370439085,0.24163336663336668,5.999245338361864,14.0,2.327067104619973,0.000295052857834862,5.81722518226318,5.296052631578948,16.613690476190477,0.24418016194331982,5.998028958213319,14.0,2.3164176319930454,7.122807903862476e-05,5.790937237864055,5.586666666666667,21.546433862433858,0.2378205128205128,5.999635191559899,13.0,2.2946243624007243,3.6978171505337104e-05,5.736505438744551,6.208860759493671,30.594676420625788,0.23413664394677053,5.999798649486912,13.0,2.2734825204918536,2.1550681373880168e-05,5.683673975207572,6.779220779220779,39.10131369352148,0.2305506993006993,5.999877100882791,12.0,2.2307878282827196,9.00601561551508e-06,5.576956061683375,7.955696202531645,53.641794070908,0.22267526777020447,5.999946530153966,2.01220652828923,8.212067319490757e-07,5.030515088912977,5.99999380360714,1.999997660800136,19.0,0.19290263876251137,1.9999990294783725,0.0007747899751766536,5.021843647231247,5.024234400858399,2.0266766152382365,0.09922072551236893,4.917860449827039,6.2625,1.9957180757046167,0.1299513177717444,4.794368212603925,6.075,0.33582638195987835,0.3667849214934982,0.030958539533619822,2.358331062277252,2.19890005219065,2.2007635471682367,0.15943101008660132,0.1575675151090153,S_post_acc
3.58,3.0,45851.0,2198.0,2.358097815335041,0.007405267864520682,5.884136636540823,5.953608181614376,1.9820676379166184,4.335773101555352,0.29703005137588856,1.9943995268165586,3.1046901177505024,0.09906640514006475,0.0028651441496437995,0.2496380405449598,1.0740093721656776,0.9592863677950595,14.0,2.3322719470780955,0.07034423802613364,5.725163510656038,4.089171974522293,1.475796178343949,0.32908704883227174,5.684331084568805,14.0,2.3817483684746907,0.0011882972569867544,5.952588475301247,4.165605095541402,1.9507430997876858,0.25,5.994349640625065,14.0,2.359291034804483,0.02521565786293506,5.860404100216805,4.210191082802548,2.4266252148417755,0.2949044585987261,5.887020779236073,1.0,2.358097815335041,0.007405267864520682,5.884136636540823,4.335773101555352,3.1046901177505024,0.29703005137588856,5.953608181614376,14.0,2.3486127073672685,0.0005629218019402574,5.870687385715261,4.615384615384615,4.61086136086136,0.2419871794871795,5.997065744329793,14.0,2.3328630265243384,0.00376350190287402,5.8265123134565355,4.82051282051282,5.842334054834055,0.2551775147928994,5.9830870793591755,14.0,2.3021767881131896,0.00027180794283806093,5.755034258368716,5.341935483870968,8.48078588078588,0.23338709677419353,5.99850423839965,14.0,2.275220188383531,0.00019200191252350345,5.687762468090042,5.7727272727272725,10.533976124885216,0.22652347652347654,5.998923487138575,14.0,2.221368799100367,0.000440533966405713,5.552761196801309,6.703947368421052,14.175855330170346,0.21828609986504724,5.997949021076988,14.0,2.173005299917006,0.00010125985444215502,5.432361360010852,7.6066666666666665,17.08791142443155,0.2066666666666667,5.999421019745949,13.0,2.0866026131132744,6.80473205416671e-05,5.216404461802373,9.417721518987342,21.159735673425825,0.1913745537163259,5.999602068122967,13.0,2.0043471678092244,5.366796204761584e-05,5.010787417579989,11.24025974025974,23.587722591731627,0.1763861138861139,5.999683200153386,12.0,1.8649549232410616,3.415176791106791e-05,4.662336080450786,14.575949367088608,26.943618596448594,0.148693605972087,5.999785733644455,1.435202991555898,3.2848956941222696e-06,3.5880025515462037,5.999950130016927,1.9999822817070776,32.0,0.1151046405823476,1.9999877565302673,0.009717646973204378,3.5782849044238123,3.588002551546203,1.7485152226311136,0.1474552009367598,4.150105255172645,9.0625,1.7590271602102454,0.12403331655936892,4.21151792568656,9.1875,0.6095825927039276,0.5990706551247957,-0.010511937579131825,2.3575458317442193,2.2097385780099277,2.210016727611751,0.14780725373429085,0.14752910413246725,S_post_acc
3.58,4.0,45868.0,2198.0,2.359487137358635,0.006640378111308188,5.888757276229625,5.95443517585872,1.9825982659158046,4.313815187557182,0.2978745865296643,1.9936637969536453,3.1127437952918284,0.09505341276940736,0.0026961656171631963,0.2394035861205935,1.015597206514944,0.9638609332113449,14.0,2.3273713900560686,0.06271088750617011,5.724362143880917,4.082802547770701,1.4770700636942675,0.33014861995753714,5.689688320669442,14.0,2.385106569743822,0.0016179227832930725,5.960339540184614,4.127388535031847,1.9580831058538064,0.24920382165605096,5.992582554526622,14.0,2.3610567444918793,0.022421872520558,5.8690090524488605,4.165605095541402,2.4339551107067035,0.2968152866242038,5.889197577326821,1.0,2.359487137358635,0.006640378111308188,5.888757276229625,4.313815187557182,3.1127437952918284,0.2978745865296643,5.95443517585872,14.0,2.358304272689335,0.0005687187636354463,5.894907603577885,4.512820512820513,4.678313851390774,0.24423076923076925,5.99726980669403,14.0,2.348782492468852,0.0034355616628026406,5.866802888677926,4.615384615384615,6.0066197691197685,0.25936883629191326,5.9831658927916465,14.0,2.3325789690123524,0.0002393495779807448,5.831088398163909,4.987096774193549,8.876729469139336,0.23983870967741933,5.998816993147027,14.0,2.3189448989705843,0.00019453646346025632,5.79707044273127,5.266233766233766,11.198321808062067,0.23713786213786217,5.9990147053476335,14.0,2.29360072723534,0.0004283994349439584,5.733359218935933,5.848684210526316,15.877694235588972,0.23726383265856948,5.997858195442649,14.0,2.270668317381012,9.232323760703784e-05,5.6765323085961175,6.42,19.962137566137564,0.22801282051282054,5.999531420388377,13.0,2.22599150201169,6.286935886265183e-05,5.564884450990931,7.481012658227848,26.967199572579318,0.2188007140538786,5.999680450483914,13.0,2.1811704075291685,4.862255337607905e-05,5.452853084992857,8.584415584415584,31.825260021363913,0.20935314685314685,5.9997512804013144,12.0,2.1055647704536917,2.9292620968840374e-05,5.263867987202777,10.708860759493671,39.03435804701627,0.19530996429730607,5.9998392856325555,1.5259547682342585,5.225925630014672e-07,3.8148861366968014,5.99997260150333,1.9999906929702558,30.0,0.1091901728844404,1.9999915639572197,0.005035203780693217,3.800873417834593,3.8059160731936563,1.776942384839288,0.10724835823969818,4.281483424738672,8.875,1.7661808272715398,0.10373708147162004,4.2598464459714185,8.925,0.5825447525193468,0.593306310087095,0.010761557567748214,2.334179637652339,2.2007975710927985,2.181215044373339,0.13338206655953996,0.15296459327899947,S_post_acc
3.58,5.0,45885.0,2198.0,2.35752017793867,0.007099088276617809,5.883151812431749,5.953971879090565,1.9822909302713156,4.340347666971637,0.29703005137588856,1.9941173632622553,3.0995837343504316,0.09707617598370241,0.0026328565565520165,0.24449661407378123,1.0566699526031125,0.9547118023787741,14.0,2.328838058693337,0.06745194705224335,5.7209172261549766,4.101910828025478,1.4719745222929936,0.3290870488322717,5.687163289298104,14.0,2.3811960506489016,0.0020109801349942114,5.949973656419762,4.159235668789809,1.9491659084015769,0.2484076433121019,5.990395547132783,14.0,2.3577130058188986,0.02407595987393553,5.858168574736342,4.2165605095541405,2.4190172884440404,0.2955414012738854,5.888151674161578,1.0,2.35752017793867,0.007099088276617809,5.883151812431749,4.340347666971637,3.0995837343504316,0.29703005137588856,5.953971879090565,14.0,2.3503887067494804,0.0006565007347668656,5.874987015771551,4.615384615384615,4.606227106227107,0.2432692307692308,5.9966933160535705,14.0,2.3361798711173614,0.003599333573789296,5.83505067743272,4.782051282051282,5.874278499278499,0.256163708086785,5.983168157326084,14.0,2.3081590026167684,0.00029480800233064693,5.769955294538424,5.290322580645161,8.497202439137924,0.2348387096774194,5.998516862467966,14.0,2.2827518627785084,0.00023267586270431744,5.706530643152215,5.7272727272727275,10.458567118307379,0.22964535464535463,5.9988102426797285,14.0,2.234545147692606,0.0004229386146417044,5.58572846130955,6.565789473684211,14.3683249316473,0.22309379217273953,5.9979385827784855,14.0,2.1963283690717548,0.00010634511713242034,5.490661405003687,7.34,17.680695526695526,0.21166666666666664,5.999418657828087,13.0,2.1269188737219187,6.277381540544971e-05,5.317203023581688,8.791139240506329,22.718525672639597,0.19831223628691982,5.999634394138453,13.0,2.0644591197366955,4.521073535306747e-05,5.161079983238709,10.175324675324676,25.81024572218332,0.18637612387612387,5.999725459359826,12.0,1.9568774522728314,3.241249122912694e-05,4.892145011945233,12.727848101265822,28.590828056739017,0.1651249594287569,5.999800424666247,1.4118685125931563,2.3143354415111617e-06,3.529667809979728,5.999965434529839,1.999987706731466,28.0,0.07506824385805277,1.9999915639572197,0.015681135689910686,3.513986674088587,3.5296678099797267,1.71674661438809,0.12388706460322255,4.106035939065391,9.6375,1.6951236484694676,0.11345563304956272,4.067625671599324,9.525,0.64077356355058,0.6623965294692025,0.02162296591862245,2.339931520562998,2.1910546048573476,2.2193504071813575,0.14887691570565037,0.12058111338164029,S_post_acc
3.5825,0.0,45825.0,2198.0,2.2528618569414585,0.010823979103962073,5.615918673697704,5.941842065001506,1.9770060286325142,5.478956999085087,0.26349496797804206,1.9950721352502352,2.623790100059542,0.17284499288811855,0.004987445515827832,0.43564760245236234,1.901693281919718,1.0,14.0,2.2759529809217467,0.05061580363403337,5.613958746853316,4.414012738853503,1.392356687898089,0.3057324840764331,5.702015565273716,14.0,2.3074198370190135,0.007084090165432084,5.757923457299386,4.821656050955414,1.758750379132545,0.23964968152866242,5.965679080599608,14.0,2.2589320246481686,0.019587865003501282,5.61794826411517,5.171974522292993,2.0952380952380953,0.26878980891719745,5.88796337975547,1.0,2.2528618569414585,0.010823979103962073,5.615918673697704,5.478956999085087,2.623790100059542,0.26349496797804206,5.941842065001506,14.0,2.195589875498873,0.0026614330219376305,5.4849825392142755,6.544871794871795,3.564406924983848,0.21826923076923074,5.986705497339573,14.0,2.13555230934967,0.0034061897943664767,5.3337714886826255,7.512820512820513,4.110339891589892,0.21499013806706116,5.981203683099362,14.0,2.0345044073778213,0.001289732197907139,5.084326420147693,9.496774193548386,5.020731910379282,0.18725806451612903,5.9934432116566265,14.0,1.958244689921347,0.0009588452730945488,4.894173456893726,11.077922077922079,5.541914315868922,0.17095404595404595,5.994991824086607,14.0,1.8319611584066295,0.0005682767121926286,4.5790504809482835,13.993421052631579,6.298145018123368,0.14549595141700403,5.997043383440864,14.0,1.7431386742912638,0.0003941272799214405,4.357255494808278,16.28,6.867154877302546,0.1305128205128205,5.997863052503006,13.0,1.6385054770936265,0.00024203743193136284,4.09590063658617,19.354430379746834,8.446305788449628,0.11400519311911715,5.998698498951484,13.0,1.587352134624926,0.00017041292533499336,3.968124717174313,21.24025974025974,10.27168508803557,0.105738011988012,5.999084373055345,12.0,1.5331202722800397,0.00011832625734248751,3.832623191314085,23.81645569620253,13.629881779585434,0.09507870821161961,5.999388330426564,1.4234001015489124,8.958982181006547e-06,3.5584868153990095,5.9999283298768535,1.9999731236315574,31.0,0.08098271155595996,1.9999880551326932,0.025468332981384095,3.5287764058867888,3.5542447390077836,1.7340232463877538,0.13846505278050728,4.127360536798624,9.7375,1.7511368681884,0.14694896296200605,4.15741872602799,9.5375,0.5188386105537046,0.5017249887530584,-0.01711362180064624,2.1967013736149243,2.1059054341492622,2.1120012476587804,0.09079593946566306,0.08470012595614466,S_post_acc
3.5825,1.0,45842.0,2198.0,2.3877311641983776,0.006035837390398084,5.960274154410349,5.956985623483985,1.9836499286978624,4.011893870082342,0.3074107959743824,1.9937203890905957,3.243458371454712,0.014867704861185145,0.0012076666443824955,0.03866502233818238,0.1507692373658885,1.0,14.0,2.3202499987618683,0.03049166316080143,5.754887502163469,4.0,1.5,0.3333333333333333,5.724101040847824,14.0,2.4000000000000004,0.0,6.0,4.0,2.0,0.25,5.999999999982688,14.0,2.371665787981061,0.010875124392429214,5.912851783364006,4.0,2.5,0.3,5.9019398535801235,1.0,2.3877311641983776,0.006035837390398084,5.960274154410349,4.011893870082342,3.243458371454712,0.3074107959743824,5.956985623483985,14.0,2.3990210828309704,3.519554302287521e-05,5.997499913762891,4.012820512820513,4.989316239316239,0.25,5.9998253507225074,14.0,2.395017123084377,0.0016018096657397507,5.985140093212332,4.012820512820513,6.486111111111112,0.26898422090729784,5.985579754966898,14.0,2.398762905178378,1.751588058145706e-05,5.996880989125073,4.025806451612903,9.95698924731183,0.25,5.999912585055753,14.0,2.3984517563733694,1.5624211845263352e-05,5.996105954615655,4.038961038961039,12.915584415584416,0.25,5.999921965678721,14.0,2.39760093077282,0.0001872425824464826,5.993721463058379,4.065789473684211,19.286184210526315,0.2561572199730094,5.9983523411614845,14.0,2.3977905431940343,9.34200776706362e-06,5.994462344973434,4.093333333333334,25.595555555555556,0.25,5.999953302902745,13.0,2.3973764242592095,6.7553037239991766e-06,5.993430927692438,4.151898734177215,38.0126582278481,0.25,5.999966227628279,13.0,2.3971432109258113,5.197529374024489e-06,5.9928502310204665,4.207792207792208,50.1991341991342,0.25,5.999974014137953,12.0,2.3968656865192344,3.658464938768833e-06,5.9921587286006766,4.329113924050633,73.72151898734177,0.25,5.9999817082217515,2.397292430869092,2.239651628599404e-07,5.993230741224986,5.999997984296142,1.9999992534436597,6.0,0.24977252047315743,1.9999996267189522,0.0,5.990403421642819,5.990403421642819,2.221264974585169,0.09541454746420522,5.410040615266615,3.9125,2.2364741097561107,0.09344173217424909,5.451022676128902,3.8875,0.16646618961320847,0.1512570544422669,-0.015209135170941579,2.3889043174917677,2.2157502815307613,2.216892508636361,0.1731540359610064,0.17201180885540757,S_post_acc
3.5825,2.0,45859.0,2198.0,2.3494087728955275,0.007159452012534952,5.862782754220017,5.952649502933522,1.9818300169736618,4.418572735590119,0.2946020128087832,1.9937518419215068,3.057064436021435,0.1024006923383642,0.0030493802637139166,0.25808118048690887,1.0834372184317764,0.9359560841720037,14.0,2.3239704215112464,0.06606942011700259,5.710821923602611,4.114649681528663,1.4687898089171973,0.32802547770700635,5.684440478838845,14.0,2.3753308217189772,0.002330901137485089,5.934830702591216,4.210191082802548,1.932362754018805,0.24920382165605096,5.9882805180301,14.0,2.3498763890729304,0.02344984173687343,5.839516210077015,4.286624203821656,2.3922505307855624,0.2929936305732484,5.888190237874356,1.0,2.3494087728955275,0.007159452012534952,5.862782754220017,4.418572735590119,3.057064436021435,0.2946020128087832,5.952649502933522,14.0,2.343030390598733,0.0008736778410250858,5.856265459735295,4.6923076923076925,4.5181623931623935,0.24358974358974358,5.99542976420486,14.0,2.3259862004820637,0.0036326629010913413,5.809516506853522,4.903846153846154,5.716143578643578,0.2556706114398422,5.982472245795153,14.0,2.2987211287476654,0.000378152244166645,5.746235593502913,5.425806451612903,8.196648512777545,0.235,5.997961268028256,14.0,2.2739315901573893,0.00029441552384414294,5.684387352107706,5.8896103896103895,10.113352448417384,0.22964535464535463,5.998404986332121,14.0,2.2246210376549915,0.00046397269083682015,5.5608566351012225,6.769736842105263,13.715634968102073,0.221912955465587,5.997682041816603,14.0,2.1804317886572617,0.0001404033703921866,5.450868866587565,7.626666666666667,16.582708032708034,0.20852564102564103,5.999179093317813,13.0,2.100132779441251,9.15930130751277e-05,5.250194559083513,9.386075949367088,20.343331298360297,0.19380882830249918,5.99942879731183,13.0,2.0295229063562323,6.682046857166045e-05,5.073707035187723,11.12987012987013,22.59728494533392,0.18294205794205798,5.999549858945335,12.0,1.9196196918712507,4.8667730436701406e-05,4.798976228082472,14.354430379746836,26.239495542735238,0.1658552418046089,5.999646545508966,1.4101017370803561,1.7918118651039094e-06,3.5252516549830926,5.999903246016573,1.9999671514015693,32.0,0.08598726114649681,1.9999701377533574,0.0018445832269004343,3.5234070716545896,3.5252516549830926,1.7221858729279134,0.10232463172674015,4.151977734729673,9.6125,1.7034348587591701,0.12875330611118613,4.065457187731146,9.45,0.6272228999676142,0.6459739141363574,0.018751014168743252,2.3556311739503255,2.181762849787347,2.2074163123830957,0.17386832416297812,0.1482148615672298,S_post_acc
3.5825,3.0,45876.0,2198.0,2.3596639000088886,0.00741027979053252,5.888044330336422,5.953536770836609,1.9820421636820256,4.315645013723696,0.29794496445914564,1.9943843399195778,3.107715288422059,0.09198712731599121,0.0026705602909613195,0.2324589797424805,0.9853002246636116,1.0,14.0,2.33296862358253,0.07008993736650453,5.727286652906568,4.082802547770701,1.4777070063694266,0.32908704883227174,5.684467090434394,14.0,2.3823458050365414,0.0016636161597814302,5.953369088351681,4.1528662420382165,1.951774340309372,0.24920382165605096,5.9920894968820155,14.0,2.3569191033890604,0.025092396378059795,5.85465916390556,4.229299363057325,2.415453442523506,0.2942675159235669,5.887128802827195,1.0,2.3596639000088886,0.00741027979053252,5.888044330336422,4.315645013723696,3.107715288422059,0.29794496445914564,5.953536770836609,14.0,2.3567862732161684,0.0005455309168546227,5.891147386665139,4.519230769230769,4.650539275539275,0.24455128205128204,5.997292936449892,14.0,2.3421816996427927,0.003788313203377119,5.849771779301916,4.711538461538462,5.892923280423281,0.2583826429980276,5.982813400044957,14.0,2.3226202487259737,0.0002877392669939543,5.8061190129144435,5.103225806451613,8.604207978401526,0.2385483870967742,5.998576125369715,14.0,2.305146835693185,0.0002258846755916643,5.762528262219574,5.435064935064935,10.67536777796518,0.23526473526473524,5.998879279924141,14.0,2.269791209824686,0.0004783806973890008,5.67376045351563,6.131578947368421,14.493063624971517,0.23220310391363022,5.997780078611274,14.0,2.240718317453299,0.00011483281285523005,5.601623544413963,6.713333333333333,17.73232515632516,0.22275641025641021,5.999426145785526,13.0,2.1861882046658683,7.49895864460928e-05,5.465358027285,7.917721518987341,22.969640802235737,0.21105160662122682,5.999608648437589,13.0,2.1440713513061103,5.5236659259583066e-05,5.360095523276385,8.902597402597403,26.756305166694776,0.2011113886113886,5.999703078357497,12.0,2.081255008925078,3.379635584724352e-05,5.203086827778924,10.531645569620252,32.866833799112285,0.18930542031807854,5.999807764828683,1.6570103956047142,2.911592833498844e-06,4.142521621622535,5.999946919918576,1.999981336108581,28.0,0.13011828935395814,1.9999861887623336,0.0005344807621251168,4.128169977232995,4.128711930253127,1.8300564462659277,0.12734293948146344,4.384126706442625,8.275,1.8485913544682522,0.11235626053700669,4.45294399536512,8.3375,0.5296074537429609,0.5110725455406364,-0.018534908202324507,2.361069428270943,2.1961927312561693,2.2115388803077707,0.16487669701477334,0.14953054796317164,S_post_acc
3.5825,4.0,45893.0,2198.0,2.329758509149896,0.005898682699012589,5.815548248826222,5.951903657234108,1.9820016581783653,4.6212259835315646,0.2891125343092406,1.9918136836860114,2.978449687701746,0.12716257858159033,0.004358315617623278,0.3207911118490843,1.369911797262884,0.7419945105215004,14.0,2.306769131013507,0.04979251699042795,5.692234052048125,4.1528662420382165,1.4579617834394902,0.32696390658174096,5.696634109853628,14.0,2.364766384105105,0.0035923347436822013,5.90652745814724,4.2993630573248405,1.90797694874128,0.24920382165605096,5.982558180381321,14.0,2.3307491127634594,0.017914614774086006,5.800000859747519,4.426751592356688,2.3417500758265093,0.29044585987261146,5.890182845538587,1.0,2.329758509149896,0.005898682699012589,5.815548248826222,4.6212259835315646,2.978449687701746,0.2891125343092406,5.951903657234108,14.0,2.316453924917956,0.0011517277597377312,5.789407220655284,5.038461538461538,4.350024975024974,0.23910256410256409,5.9936812086329105,14.0,2.292839087246482,0.002935806758003446,5.727694007979201,5.365384615384615,5.4195827320827314,0.25,5.982005327561883,14.0,2.259708197845055,0.0005510843272214019,5.648443868121803,6.077419354838709,7.628580738258159,0.22870967741935486,5.996738070252046,14.0,2.234208236687361,0.0004279248060087123,5.584878704509389,6.603896103896104,9.353762110904968,0.22415084915084912,5.997364729494061,14.0,2.1913955797240687,0.00044442832989801203,5.477822306815324,7.5855263157894735,12.648551777170198,0.21853913630229418,5.997101501880099,14.0,2.1567883235925205,0.00017810010615206077,5.391703658822072,8.526666666666667,15.27676347434242,0.20852564102564103,5.998679396898234,13.0,2.0946286013735254,0.00010739014609158303,5.236410418214676,10.189873417721518,19.503742742933284,0.1979876663420967,5.999030070296362,13.0,2.0380113698745883,7.290154174658378e-05,5.094919072373852,11.922077922077921,22.581445720233866,0.18862387612387613,5.99920975578192,12.0,1.947221555397282,4.917548296466801e-05,4.867980125268758,15.00632911392405,25.931823508883905,0.17437520285621552,5.99935696713631,1.421446538313054,7.391896162722844e-06,3.5536052579383908,5.999757886189845,1.9999168314312274,32.0,0.08507734303912648,1.999929151078461,0.03271539133680851,3.5164629529258047,3.5491783446731917,1.6943754163135458,0.07843426166503595,4.118287148286311,9.7625,1.682198140285393,0.07357015656971772,4.095140115858906,10.05,0.6353830928363502,0.6475603688645031,0.012177276028152884,2.2994259104677828,2.145844246983984,2.1675540742652384,0.1535816634837982,0.13187183620254442,S_post_acc
3.5825,5.0,45910.0,2198.0,2.3750781773200886,0.007007176176836126,5.927184679034967,5.9543057436692965,1.9824328558308209,4.1486733760292775,0.30396227742979803,1.9941490276691964,3.1780774844246937,0.05937832983716158,0.003694600816949903,0.1517670076813723,0.6426020528669385,1.0,14.0,2.31688838774791,0.03621240347370224,5.737902364159222,4.050955414012739,1.4859872611464968,0.33121019108280253,5.718372789754349,14.0,2.388456019620517,0.0009506378055894081,5.969714092342908,4.101910828025478,1.968820139520776,0.25,5.99547971249659,14.0,2.3613320178108568,0.01320168579338853,5.883527515837058,4.114649681528663,2.4587503791325447,0.2974522292993631,5.898433939664282,1.0,2.3750781773200886,0.007007176176836126,5.927184679034967,4.1486733760292775,3.1780774844246937,0.30396227742979803,5.9543057436692965,14.0,2.3818890334931706,0.0003410497691825744,5.954211009079153,4.237179487179487,4.8308913308913315,0.2487179487179487,5.998324790880176,14.0,2.3766809058029557,0.0021041164320701935,5.938546089859283,4.2756410256410255,6.243650793650794,0.26701183431952663,5.984246172988888,14.0,2.376198142920487,0.00020341571970337464,5.940190233721661,4.412903225806452,9.42488479262673,0.24774193548387097,5.998989937130447,14.0,2.373312188652365,0.00016262131084950618,5.933036539664639,4.512987012987013,12.08469387755102,0.24737762237762237,5.999190810564806,14.0,2.366958911395957,0.0003194343081100886,5.916918127027727,4.717105263157895,17.675438596491226,0.25236167341430493,5.997816494982726,14.0,2.363929323471207,8.252881685650119e-05,5.909699515452732,4.8533333333333335,23.206607022607024,0.2457051282051282,5.999586283207663,13.0,2.3574772762612666,3.8501481090402605e-05,5.893635438431531,5.075949367088608,33.98688969258589,0.24411716975008113,5.999803848067802,13.0,2.3506244045266884,2.5348357925754765e-05,5.876522988779832,5.311688311688312,44.06815089672232,0.24253871128871124,5.9998693943275825,12.0,2.336230674288863,1.3416461493359972e-05,5.840556561029915,5.7974683544303796,62.49638336347196,0.2391877637130802,5.99993142404913,2.1498256097493824,2.8369106930270505e-06,5.3745597690074165,5.99998462099173,1.9999939280270123,16.0,0.21610555050045496,1.9999986562029717,0.0005663424700349456,5.359989464905365,5.362061089305124,2.094100113269663,0.09969148081237111,5.0857130619556,5.5,2.108344866059965,0.09145612196920798,5.1336779821961,5.3875,0.2809780640504256,0.2667333112601238,-0.014244752790301796,2.379386435799341,2.242522626446282,2.208563022085063,0.13686380935305822,0.17082341371427756,S_post_acc
3.582612,0.0,45826.0,2198.0,2.3494893104567973,0.005886824897387595,5.864893038795912,5.954505137447432,1.982872770850015,4.416285452881977,0.2949890914209304,1.992680000412084,3.06698586307461,0.1066692424401092,0.0032668054218292337,0.2686672408704846,1.152819892449376,0.8664226898444648,14.0,2.3228584052404115,0.053773817979720445,5.726485286131449,4.076433121019108,1.4789808917197451,0.33014861995753714,5.698612129565135,14.0,2.3854811614816813,0.0015813546086879502,5.961330871791172,4.1210191082802545,1.960145586897179,0.24920382165605096,5.992162633231226,14.0,2.3549979251232434,0.019342661901061695,5.858480819956516,4.203821656050955,2.4162875341219294,0.2961783439490446,5.892274548898594,1.0,2.3494893104567973,0.005886824897387595,5.864893038795912,4.416285452881977,3.06698586307461,0.2949890914209304,5.954505137447432,14.0,2.3425693774311527,0.0006155082300487674,5.8555001812328085,4.67948717948718,4.574023199023199,0.24070512820512818,5.996663902949512,14.0,2.3278726156344445,0.0029772468254736627,5.815215668847903,4.891025641025641,5.782617845117845,0.25542406311637084,5.983458503521709,14.0,2.3027170023530106,0.0003166754403953438,5.756317492721933,5.419354838709677,8.415933528836755,0.23403225806451616,5.998337641757808,14.0,2.2823481665970253,0.00022217801890795746,5.7055371494642015,5.7727272727272725,10.565888476602762,0.22989510489510495,5.998799993790285,14.0,2.2403062853651683,0.00036010212690280944,5.600225560222565,6.605263157894737,14.670721548188654,0.22604588394062078,5.997982706157444,14.0,2.2015768082438543,9.876155675875372e-05,5.503793878274496,7.473333333333334,17.924987974987975,0.21506410256410258,5.999442281206997,13.0,2.12992857907886,6.36166918517761e-05,5.324726022659372,9.126582278481013,22.625995468483083,0.20066536838688737,5.9996324281522355,13.0,2.0639039691529724,4.396502210830803e-05,5.159693975349268,10.590909090909092,26.302777309270816,0.18575174825174826,5.999733852546349,12.0,1.9529708606965324,3.196644666411358e-05,4.882379202071333,13.208860759493671,30.573226764063303,0.16342096721843558,5.999799464560772,1.4718530279722082,2.8369376448011963e-06,3.679628314524053,5.999959536714313,1.9999855665922226,28.0,0.07233848953594177,1.9999902948150772,0.012928110175446955,3.660411151597595,3.6734867673180798,1.7240497417041603,0.08174179344492674,4.1875116640930115,9.5125,1.6846309557453985,0.09160689687973696,4.07416704404389,9.45,0.6254395687526371,0.6648583547113989,0.039418785958761804,2.37785308907558,2.2195484297379093,2.1921861065707855,0.15830465933767035,0.18566698250479508,S_post_acc
3.582612,1.0,45843.0,2198.0,2.3503458410024507,0.007174305605634834,5.8651031440976755,5.953773887682325,1.98219986069223,4.412168344007319,0.29410936730241394,1.9941498778946307,3.067372456759465,0.10537671840854822,0.002942818819989327,0.2654606184035588,1.1211263129271818,0.9835315645013724,14.0,2.3279617629830573,0.06740688236879926,5.718794083904445,4.10828025477707,1.4687898089171971,0.33121019108280253,5.687118224614659,14.0,2.379121585547437,0.0021389350625761853,5.944595561274728,4.178343949044586,1.9398847437063997,0.24920382165605096,5.989829353138966,14.0,2.3543292163275744,0.024077165292915457,5.849707292879562,4.248407643312102,2.4041552926903247,0.2949044585987261,5.888729138801654,1.0,2.3503458410024507,0.007174305605634834,5.8651031440976755,4.412168344007319,3.067372456759465,0.29410936730241394,5.953773887682325,14.0,2.3395346575616998,0.000742245572287272,5.847723275545818,4.7243589743589745,4.5405982905982905,0.24070512820512824,5.99632437399896,14.0,2.3223978592258847,0.0035988006736595744,5.800596447054224,4.891025641025641,5.773544973544974,0.2522189349112426,5.983334283056074,14.0,2.2862470701282738,0.0003244090481621632,5.7151310617484405,5.464516129032258,8.259805427547363,0.23000000000000004,5.998381881299039,14.0,2.2548739690636075,0.0002527825423446062,5.6368057488455,5.941558441558442,10.084714491857348,0.22365134865134867,5.998737951339836,14.0,2.194458948027831,0.00044124949686186773,5.485485495824284,6.9144736842105265,13.390403565732514,0.2133940620782726,5.9979390575802345,14.0,2.139735388343132,0.00012747792266198487,5.349147253973836,7.886666666666667,15.842666666666664,0.19923076923076924,5.999368182387206,13.0,2.0420613063192783,8.529425859652482e-05,5.105025324410302,9.734177215189874,19.10493862677407,0.1798117494320026,5.99958260485892,13.0,1.958903218466367,6.259090860027672e-05,4.897164159803017,11.2987012987013,21.51694801742649,0.16364885114885117,5.999687940054944,12.0,1.838870069840106,4.270691598693112e-05,4.5971111142262835,14.094936708860759,24.147660145761414,0.14090392729633236,5.999787599537167,1.4805281942944009,3.210187098368067e-06,3.7013156704553545,5.999973497342875,1.9999900957185923,28.0,0.09599636032757052,1.9999954460314333,0.0074827882156933674,3.6938328819002937,3.7013156704553545,1.726482225814116,0.10068465233024151,4.165178586039928,9.3125,1.767205030100816,0.12684065977692005,4.22775158558666,9.275,0.6238636151883348,0.5831408109016347,-0.040722804286700054,2.3732554053801502,2.2287189797247686,2.2294902750229078,0.1445364256553811,0.14376513035724198,S_post_acc
3.582612,2.0,45860.0,2198.0,2.3613965954555276,0.006823491703075326,5.893256251084207,5.9534387508411655,1.9822050863793637,4.288655077767612,0.29871912168344006,1.9935565840417997,3.1190022364542034,0.08857526305789096,0.0047023666526566895,0.2244983482156851,0.9393449874549994,0.97483989021043,14.0,2.3272756323145574,0.06361978030381074,5.722759410330676,4.070063694267516,1.4802547770700638,0.33121019108280253,5.684610132077671,14.0,2.38424100587707,0.002298458589238589,5.957154826808817,4.127388535031847,1.958932362754019,0.24920382165605096,5.9896880704315665,14.0,2.360375487753732,0.02323552762397875,5.866085427948361,4.165605095541402,2.4370639975735515,0.2968152866242038,5.8856359964915095,1.0,2.3613965954555276,0.006823491703075326,5.893256251084207,4.288655077767612,3.1190022364542034,0.29871912168344006,5.9534387508411655,14.0,2.3569401805038,0.0007103960844969556,5.891284857132756,4.506410256410256,4.657509157509158,0.24455128205128204,5.996491002693741,14.0,2.346227114840468,0.003538359608296191,5.8602602476887276,4.621794871794871,5.970502645502646,0.2591222879684418,5.982476656253185,14.0,2.3259057279887134,0.00032808691410154446,5.814272189600631,5.0,8.776763021924314,0.237741935483871,5.998342103049319,14.0,2.306428893058973,0.0002548514512358312,5.765689955470579,5.3441558441558445,10.94710556398868,0.23351648351648355,5.998714579311051,14.0,2.271327886669379,0.00044066299365638626,5.6776587221829615,6.032894736842105,15.175034176349964,0.23169703103913628,5.997770783476604,14.0,2.2396528045566453,0.00011438414595756896,5.598960435172678,6.726666666666667,18.67088888888889,0.22192307692307695,5.9993999060180165,13.0,2.1824754114682294,7.216737390316081e-05,5.45608027760972,8.0,24.150312345881968,0.21198474521259328,5.999615979737275,13.0,2.1333881220649116,5.312042149318985e-05,5.33339062453004,9.168831168831169,28.35166250928384,0.2031718281718282,5.9997149447158575,12.0,2.040128411739395,2.9081976464525694e-05,5.100277406383792,11.455696202531646,34.292933655807424,0.18583657903278158,5.99982626902391,1.3806329962946526,1.0451913041720218e-06,3.451580922949675,5.999959536769201,1.999986163859299,32.0,0.07233848953594177,1.9999879058428691,0.36534386138815644,3.0815432581405613,3.446887119508145,1.7072872387233406,0.11192593533432808,4.10032919380686,10.0,1.6548083403586595,0.10662283024609968,3.9770866055274987,10.5875,0.654109356732187,0.7065882550968681,0.052478898364681115,2.3490715850338315,2.170492588283688,2.1797555184400164,0.17857899675014421,0.16931606659381548,S_post_acc
3.582612,3.0,45877.0,2198.0,2.3572343819380275,0.006760878452876547,5.882944637165755,5.9546896619712975,1.9826429278394744,4.338517840805124,0.29678372862270397,1.993908249388209,3.0990257264845558,0.09602827976499327,0.0023779230428736487,0.24111253313127515,1.0225045041595797,0.9551692589204026,14.0,2.3296459483412946,0.06455214529777895,5.727286652906569,4.082802547770701,1.4777070063694266,0.32908704883227174,5.689987983246827,14.0,2.3865056854817306,0.0014259567083841121,5.964125278641751,4.114649681528663,1.9623900515620258,0.25,5.99321956875354,14.0,2.36211572369016,0.02312941747069819,5.870595183019353,4.159235668789809,2.436533212010919,0.2955414012738853,5.889093671042072,1.0,2.3572343819380275,0.006760878452876547,5.882944637165755,4.338517840805124,3.0990257264845558,0.29678372862270397,5.9546896619712975,14.0,2.3536753402133774,0.0004927376023203328,5.883449244129961,4.538461538461538,4.63949938949939,0.24230769230769228,5.997554910340162,14.0,2.3417363524555252,0.003500254790337622,5.8490904989533075,4.666666666666667,5.920039682539683,0.2571499013806706,5.983267314784666,14.0,2.323013654494838,0.00022040389857104465,5.807203530389238,5.038709677419355,8.719219848252106,0.23790322580645162,5.998888370446876,14.0,2.3054912200545505,0.00016064738286356917,5.763487079062079,5.363636363636363,10.92273102078297,0.23376623376623376,5.999183940510742,14.0,2.271492063180503,0.00041508888782510204,5.67810752461952,6.032894736842105,15.189307074504445,0.23169703103913628,5.998012063268303,14.0,2.2409691275251644,7.295419098289457e-05,5.602313387526436,6.693333333333333,18.87364405964406,0.22128205128205128,5.999622865524966,13.0,2.1928910184672312,4.653729951519093e-05,5.482157740218806,7.632911392405063,25.45934475055845,0.2108893216488153,5.999759837261178,13.0,2.1573378433516215,3.4380155985277164e-05,5.393293038145075,8.5,30.798124098124102,0.2046391108891109,5.999825946567562,12.0,2.100626132604213,2.4273109346180605e-05,5.251528921846513,10.183544303797468,38.61975204714555,0.19595910418695225,5.9998803277583574,1.4667224847353129,2.6129582639811133e-06,3.6668022924008863,5.999979469739275,1.9999922855936703,32.0,0.1105550500454959,1.9999966405135816,0.0032186321268743235,3.657576704765625,3.660795336959011,1.7716668590351596,0.10471298216732317,4.272097674336914,9.525,1.7673083198047324,0.08928743844222514,4.284339641848493,9.425,0.5855675229028678,0.5899260621332951,0.004358539230427283,2.35280314581661,2.20182644862413,2.193796294055947,0.15097669719248086,0.1590068517606634,S_post_acc
3.582612,4.0,45894.0,2198.0,2.3553024517995755,0.007512171396964842,5.876987872403493,5.95372221323576,1.9820700139462648,4.364135407136322,0.2960799493278907,1.9945864205184276,3.0875141593691455,0.09895115649125714,0.0021073616621224787,0.24888620337652254,1.0578310371535546,0.9967978042086002,14.0,2.3290258135204795,0.07201115626521017,5.714547799403384,4.1210191082802545,1.4687898089171976,0.3248407643312102,5.682615346255997,14.0,2.374702492934631,0.0016636161597814699,5.934260808096904,4.229299363057325,1.9332120109190174,0.24761146496815287,5.9920894968820155,14.0,2.3509270068254713,0.025841964744538842,5.83855456994687,4.2993630573248405,2.3936912344555656,0.2923566878980891,5.886978405098111,1.0,2.3553024517995755,0.007512171396964842,5.876987872403493,4.364135407136322,3.0875141593691455,0.2960799493278907,5.95372221323576,14.0,2.3489408668719025,0.0006158031363842389,5.87142846247518,4.634615384615385,4.586441336441337,0.2439102564102564,5.996803858459431,14.0,2.3307437341934847,0.003842189856172542,5.8210960506994525,4.846153846153846,5.809199134199134,0.2546844181459566,5.9830082036575485,14.0,2.302667595086572,0.00025395282824283233,5.756288058474065,5.348387096774194,8.377377461248429,0.23290322580645156,5.998662546079544,14.0,2.276805501271998,0.0001909495181238434,5.691727328902808,5.792207792207792,10.29280560709132,0.2277722277722278,5.999018500770502,14.0,2.225578681629602,0.00044002984533701646,5.563286659305999,6.651315789473684,13.870350592390064,0.2192982456140351,5.998033967072234,14.0,2.180294899735764,9.120698709907653e-05,5.450600438858761,7.46,16.62601827801828,0.2069230769230769,5.999529884243018,13.0,2.0887165211271466,5.423169425490836e-05,5.221709955276484,9.177215189873417,19.932816866677626,0.18918370658876987,5.99971386702928,13.0,2.0092892967223026,3.984885172489441e-05,5.023163468528169,10.64935064935065,22.622904368358913,0.17214035964035965,5.999787345242366,12.0,1.892284898934032,2.553958106409756e-05,4.730673937963485,13.145569620253164,27.8439462534032,0.14402791301525483,5.999860487892794,1.484437472088448,3.2101966187525477e-06,3.7110888649261913,5.999975289036922,1.9999906929467677,28.0,0.07825295723384895,1.9999960432705297,0.016505421348629944,3.686358229670624,3.7028636555264196,1.754414463958375,0.10978335721985703,4.221361124066151,9.5375,1.7443149595316594,0.11773975862685415,4.184177760888867,9.425,0.6008879878412006,0.6109874922679162,0.010099504426715589,2.3213430844577188,2.2024402078356298,2.1849622017353627,0.11890287662208933,0.13638088272235682,S_post_acc
3.582612,5.0,45911.0,2198.0,2.3574866361905515,0.007492942183046592,5.88247717720181,5.953614228272788,1.9820404286965807,4.340347666971637,0.29671335069322263,1.9945227845441236,3.097775411281816,0.09614546962841794,0.00231396332945767,0.24219106544717975,1.0316982809855846,0.9963403476669717,14.0,2.3335274455057817,0.07102130723859033,5.727286652906569,4.082802547770701,1.4770700636942673,0.33014861995753714,5.683577029855465,14.0,2.3801362587301385,0.001425956708384129,5.94820171176277,4.178343949044586,1.9461328480436757,0.25,5.99321956875354,14.0,2.3538956851126787,0.025261290548630317,5.8468472769587505,4.267515923566879,2.406885047012435,0.2929936305732484,5.887554156282191,1.0,2.3574866361905515,0.007492942183046592,5.88247717720181,4.340347666971637,3.097775411281816,0.29671335069322263,5.953614228272788,14.0,2.350521842819325,0.000551327878549823,5.875477615230488,4.589743589743589,4.617937617937618,0.24230769230769234,5.997217205743191,14.0,2.332814603118852,0.003863942284142999,5.826240594370917,4.839743589743589,5.8293831168831165,0.2566568047337278,5.982738148660959,14.0,2.3097758575781757,0.0002743941353809101,5.774028052742367,5.290322580645161,8.482465205045852,0.23516129032258065,5.998572207601293,14.0,2.290075420987088,0.00020917069880774854,5.724874796419508,5.64935064935065,10.536262438859842,0.2315184815184815,5.998906645819515,14.0,2.250591848602638,0.00047287304196670145,5.625770311943644,6.355263157894737,14.47364291410344,0.22731106612685556,5.99783247609161,14.0,2.2169250941222405,0.00010009625447066147,5.542162590923895,7.0,17.98947474747475,0.216474358974359,5.999451620170795,13.0,2.1566790416761656,6.577605241847513e-05,5.391598940111787,8.278481012658228,23.47542194092827,0.20488477766958776,5.999615629586481,13.0,2.1051986568481214,5.133044751613837e-05,5.2629196464490295,9.357142857142858,28.08814677386106,0.1959602897102897,5.999688800864749,12.0,2.0131509593989514,3.496931789649396e-05,5.0328249445205335,11.39240506329114,34.87779491543453,0.17814832846478415,5.99976268835681,1.4108788960511798,5.972521263331032e-06,3.5271882813460538,5.999931316693335,1.999975114724024,32.0,0.0732484076433121,1.9999850689333805,0.003696311868443786,3.508924508904248,3.5126208212272507,1.702503769305021,0.11732785835913018,4.080267635723857,9.7625,1.700723482326199,0.1302873408964009,4.056377694470896,9.6375,0.6549828668855306,0.6567631538643526,0.0017802869788219322,2.3452587479595954,2.1937551652075435,2.2233335467392954,0.15150358275205086,0.12192520122029975,S_post_acc
3.585,0.0,45850.0,2198.0,2.334893679641355,0.010110511575226732,5.822068431740548,5.947905195187578,1.9792648945374502,4.588746569075938,0.2908016046167922,1.9963208891529993,2.9806463207423866,0.11749591108250389,0.0050066226509354215,0.2980561448389717,1.254321562684911,1.0,14.0,2.3146123319516656,0.06179602952053226,5.693836785598365,4.165605095541402,1.4573248407643313,0.321656050955414,5.688716951359947,14.0,2.363288118638956,0.002970743142466889,5.903764181883689,4.32484076433121,1.9017288444040035,0.24681528662420382,5.98587410158863,14.0,2.3344315534690905,0.022353502149711827,5.802548630448157,4.426751592356688,2.3479678495602063,0.2878980891719745,5.886934946929104,1.0,2.334893679641355,0.010110511575226732,5.822068431740548,4.588746569075938,2.9806463207423866,0.2908016046167922,5.947905195187578,14.0,2.325926900415229,0.0008832346308045017,5.813492399091865,4.910256410256411,4.393009768009768,0.24006410256410257,5.995625747912778,14.0,2.3134408157462656,0.0035486578905996433,5.778279052529767,5.051282051282051,5.595634920634921,0.252465483234714,5.982056429837178,14.0,2.2978977147947433,0.00037318958705469295,5.7441845026062754,5.393548387096774,8.169585253456221,0.23387096774193547,5.9981400673459975,14.0,2.287594949818232,0.00030014611056518656,5.718537155379732,5.636363636363637,10.226747062461348,0.23289210789210787,5.998502689205393,14.0,2.2697396525846165,0.0005135328289594895,5.6735788322181016,6.105263157894737,14.168656015037593,0.23540823211875841,5.997416621880274,14.0,2.258727597197802,0.00014164704882733284,5.646606522421262,6.48,17.64120634920635,0.23044871794871796,5.999292430255991,13.0,2.2426919403116017,0.00011783858505620412,5.606553092901419,7.082278481012659,23.568083182640144,0.22910580980201234,5.9994113522454775,13.0,2.2268781157977497,9.7036671887327e-05,5.5670497344865435,7.733766233766234,27.760667903525043,0.22696053946053943,5.999514304024639,12.0,2.20014883705302,8.247196338599292e-05,5.500248384687469,8.512658227848101,37.32700421940928,0.2220464135021097,5.999589000073779,1.9010636881716638,1.1572030692796886e-05,4.75264186238312,5.999943634222994,1.9999773540641004,16.0,0.1610555050045496,1.9999966405135816,0.000532651778321921,4.741819284354172,4.744694206758144,1.9428940510573505,0.12523635242142345,4.669380599011241,7.25,1.948722886728921,0.14906204954361027,4.6482141425068875,7.0375,0.3919996285840044,0.38617079291243384,-0.005828835671570554,2.346202909028901,2.210345515363077,2.228852182879846,0.13585739366582492,0.11735072614905559,S_post_acc
3.585,1.0,45867.0,2198.0,2.335636609294914,0.007614252355889844,5.8276701447034505,5.952177750533377,1.981521166059162,4.575022872827081,0.2894996129213878,1.9942001523363881,3.001111758019352,0.12435137297165536,0.0026805436653102744,0.3127843187332346,1.3411968151641906,0.9720951509606587,14.0,2.3217245186259645,0.06975032861016192,5.699685803649668,4.165605095541402,1.4547770700636942,0.3259023354564756,5.684908094728486,14.0,2.363440993296145,0.002965329887637305,5.904154488408907,4.318471337579618,1.90215347285411,0.24920382165605096,5.984967150711791,14.0,2.3384106057734813,0.025059518199351514,5.808437237134676,4.414012738853503,2.3531493276716207,0.2898089171974522,5.885993662391219,1.0,2.335636609294914,0.007614252355889844,5.8276701447034505,4.575022872827081,3.001111758019352,0.2894996129213878,5.952177750533377,14.0,2.320264950464225,0.0009556320038548164,5.79922892815478,4.980769230769231,4.385327635327635,0.23974358974358978,5.994929209356378,14.0,2.2978294359419706,0.003806057555410345,5.738864503521812,5.262820512820513,5.535726310726311,0.24753451676528598,5.9826303325281724,14.0,2.2582231994692776,0.0004264212789555341,5.644918366754761,6.0,7.914997905320486,0.225,5.997755402696807,14.0,2.225559873911368,0.0003212605991848388,5.563417793879642,6.636363636363637,9.706995745956783,0.21890609390609395,5.998284479735409,14.0,2.164359704870834,0.0004827260274671052,5.410175173135883,7.927631578947368,13.206354790720114,0.2098515519568151,5.997653878516524,14.0,2.112746578200118,0.00014196699085101608,5.281653495014017,9.08,16.148747867887188,0.1963461538461538,5.9991374422416435,13.0,2.0263690312185276,9.05687653601702e-05,5.0657867248982775,11.145569620253164,20.905960822111652,0.180744888023369,5.9993971344534,13.0,1.963389499526119,6.471381230605482e-05,4.908376678096838,12.824675324675324,24.141887088397095,0.1717345154845155,5.99952140508438,12.0,1.8682830289721106,4.158972086248022e-05,4.670645187848982,16.0,28.81499496477465,0.1577207075624797,5.9996417870185486,1.4251870808405906,1.7171203277044356e-06,3.5629651264209845,5.999933780472777,1.9999773544508164,32.0,0.07006369426751592,1.999980216315742,0.002956224096766921,3.549777469501996,3.5527336941379835,1.729604241609715,0.11131567146696134,4.157037096823845,9.575,1.7099651622864958,0.10353073519432536,4.11961680292475,9.8375,0.6060323676851991,0.6256714470084184,0.01963907932321929,2.3308354985216955,2.2019767026445862,2.1751762871211096,0.12885879587710816,0.15565921140058459,S_post_acc
3.585,2.0,45884.0,2198.0,2.339721991741695,0.007531772272876087,5.838007320944924,5.952648213321468,1.9817054803495306,4.529277218664227,0.2906256597930889,1.9942467627691272,3.0165291656599984,0.1178737296704593,0.0029123562661848646,0.29648991319131157,1.2643732211145156,0.964775846294602,14.0,2.325417862512795,0.06936300543652389,5.709500148127202,4.127388535031847,1.4656050955414013,0.32696390658174096,5.6832369993546905,14.0,2.3716517613388604,0.002568560588882458,5.925276562463827,4.248407643312102,1.9239308462238396,0.2484076433121019,5.988062267040523,14.0,2.34212090677694,0.02444929800341728,5.818628319937224,4.375796178343949,2.3657870791628755,0.2898089171974522,5.887784900047866,1.0,2.339721991741695,0.007531772272876087,5.838007320944924,4.529277218664227,3.0165291656599984,0.2906256597930889,5.952648213321468,14.0,2.3201088156118126,0.0008968656878059549,5.798926740497823,4.948717948717949,4.394489769489769,0.2381410256410256,5.995546530984468,14.0,2.2949766548568813,0.003708715866140849,5.731878563342993,5.282051282051282,5.46019721019721,0.24753451676528598,5.983058768293925,14.0,2.2503437745745662,0.0004129798691432789,5.625239966632701,5.993548387096774,7.7091961801639215,0.22322580645161286,5.997891847530331,14.0,2.214526009649764,0.0003089532711431404,5.535851594217695,6.584415584415584,9.417445325237534,0.2151598401598402,5.9984011648490405,14.0,2.144188249049046,0.0004592043328514799,5.359781816123338,7.802631578947368,12.321276096059174,0.2025978407557355,5.997874252191152,14.0,2.0806513370349506,0.00014125211954536828,5.201416464408058,8.946666666666667,14.372991416902845,0.18769230769230769,5.999253016858205,13.0,1.9759439815629023,8.970106524381006e-05,4.93972540230939,11.0,17.715060274951973,0.16678838039597532,5.9995207804239294,13.0,1.8987257187573758,6.264399472580393e-05,4.746720330901351,12.714285714285714,20.137380264308252,0.1537837162837163,5.999653453549849,12.0,1.7981555579756072,3.886084508578537e-05,4.495330603671389,15.70253164556962,23.538190490806755,0.14059964297306066,5.999776810751607,1.3638274861505586,3.434279847169819e-06,3.4095635639566257,5.999937438347039,1.9999780013557305,32.0,0.09554140127388536,1.9999837251143073,0.014418249009795273,3.3951453148823845,3.4095635639566257,1.7237615823108279,0.11100639150672345,4.142894368516984,9.7625,1.701949460142584,0.12420609991954468,4.068564500477143,9.9625,0.615960409430867,0.637772531599111,0.021812122168243908,2.3309061889426714,2.194362744999706,2.1954125462999112,0.13654344394296594,0.13549364264275945,S_post_acc
3.585,3.0,45901.0,2198.0,2.3858425562425136,0.006066401469257632,5.955506788402397,5.957084927653163,1.9836728420613026,4.032936870997255,0.3065662608206067,1.9938015521546373,3.2353592123034027,0.03131316807770526,0.000851967425959076,0.07911382449543043,0.33520797253763135,1.0,14.0,2.3207183665921285,0.031272276211235364,5.754887502163469,4.0,1.5,0.3333333333333333,5.723320427797389,14.0,2.399193945127724,0.00011882972569867036,5.997806618230761,4.006369426751593,1.9974522292993633,0.25,5.999434964046925,14.0,2.3699050473300396,0.01112942076145953,5.908068487182906,4.019108280254777,2.4931756141947226,0.29936305732484075,5.901685322781959,1.0,2.3858425562425136,0.006066401469257632,5.955506788402397,4.032936870997255,3.2353592123034027,0.3065662608206067,5.957084927653163,14.0,2.395153711824984,1.7597771511437606e-05,5.987857882905191,4.051282051282051,4.967948717948718,0.24903846153846154,5.999912675352597,14.0,2.3894217334457903,0.00164289185723086,5.971089995828629,4.076923076923077,6.4375,0.26775147928994086,5.985538672775408,14.0,2.389666977302193,2.189485072681273e-05,5.974134600979392,4.129032258064516,9.838709677419354,0.24806451612903227,5.99989073132402,14.0,2.386786034637666,1.5624211845228745e-05,5.966941650276397,4.1558441558441555,12.746753246753247,0.24725274725274726,5.999921965678721,14.0,2.3819291399657714,0.00018488686832013616,5.954545519611947,4.2105263157894735,18.986842105263158,0.2520242914979757,5.998382801756479,14.0,2.3800911721401365,5.3382901525900195e-06,5.950219922915112,4.24,25.22,0.24583333333333338,5.999973315937007,13.0,2.381635255865513,2.814709884926579e-06,5.954083917598953,4.253164556962025,37.765822784810126,0.24679487179487183,5.999985928168352,13.0,2.383976312992488,1.6242279293480484e-06,5.959938346139326,4.259740259740259,50.311688311688314,0.2475337162837163,5.999991879406208,12.0,2.3870656518053828,9.849713296066968e-07,5.967662652056463,4.2784810126582276,75.28481012658227,0.2482960077896787,5.999995075277821,2.3507008927016213,5.972414438559781e-07,5.876751335891887,5.9999958192965295,1.9999984073516952,8.0,0.24613284804367608,1.9999994027537737,0.0,5.876751335891887,5.876751335891887,2.228098707431136,0.08946168866293062,5.436054235583444,4.1,2.1997712836794547,0.09614008240935444,5.355218085584605,4.125,0.1577438488113776,0.1860712725630589,0.02832742375168129,2.3810923739587646,2.2041239426376844,2.210341716793534,0.17696843132108095,0.17075065716523094,S_post_acc
3.585,4.0,45918.0,2198.0,2.3551657977218152,0.008899830413707021,5.8745647486839765,5.952204578924724,1.981101582837006,4.376944190301922,0.29660778379900066,1.9961482863091844,3.078990219143467,0.09754533409708413,0.0031758231260055583,0.24621307585056296,1.0546368638271184,1.0,14.0,2.3186882461110017,0.056731549933181545,5.711623290377732,4.1210191082802545,1.4681528662420382,0.32590233545647557,5.695808485378194,14.0,2.376782433157225,0.0015447864340827429,5.9396389032419386,4.210191082802548,1.9386715195632394,0.24761146496815287,5.992654532817777,14.0,2.3493945362678996,0.020098983027852173,5.84333786612797,4.273885350318471,2.4011222323324235,0.2917197452229299,5.8921269047600955,1.0,2.3551657977218152,0.008899830413707021,5.8745647486839765,4.376944190301922,3.078990219143467,0.29660778379900066,5.952204578924724,14.0,2.3493195083218326,0.0004399442877859117,5.872638854372902,4.615384615384615,4.586233211233211,0.2426282051282051,5.997816884230433,14.0,2.3430042782611205,0.0030658963857146337,5.8529118510742295,4.705128205128205,5.882936507936508,0.25862919132149903,5.983618954355583,14.0,2.3332143912475733,0.0001751460095773137,5.832773259104566,5.012903225806451,8.66031746031746,0.24016129032258066,5.9991258525335285,14.0,2.323780423583426,0.00012759323088731088,5.809259669112234,5.2727272727272725,10.83467326324469,0.23913586413586416,5.999362720474732,14.0,2.308188396731506,0.0003792301543388686,5.769902146597257,5.743421052631579,15.10598370927318,0.2419028340080971,5.998001077755384,14.0,2.2961402167281233,6.473889765585975e-05,5.740253433473825,6.1466666666666665,19.005037037037038,0.23544871794871797,5.999676424511301,13.0,2.276234559322017,4.09114770541852e-05,5.690525031089459,6.708860759493671,26.406762014356953,0.2319457968192146,5.999796978900543,13.0,2.2565681352477984,3.2705517264370706e-05,5.641371279843598,7.207792207792208,32.787695133149676,0.2282092907092907,5.999837360467872,12.0,2.2148930539944556,2.3430102322117116e-05,5.537197489832655,8.240506329113924,41.94243520192887,0.22054527750730288,5.999879480278685,1.9315674398322535,2.836897095015445e-06,4.828914344234991,5.9999882044718,1.9999951225249015,12.0,0.14558689717925385,1.9999998506841306,0.0004773970726110716,4.826001652062155,4.82891434423499,1.935524287664687,0.15891095728234436,4.6004442832382,6.7625,1.939359650527685,0.15169620234058426,4.620854822808336,6.85,0.41964151005712824,0.4158061471941301,-0.0038353628629981262,2.3535478816925552,2.194849006899636,2.2198212332261975,0.15869887479291897,0.13372664846635787,S_post_acc
3.585,5.0,45935.0,2198.0,2.3493080758120195,0.00849313213225177,5.860530491331672,5.95162255011373,1.9810431393271595,4.4336688014638606,0.2946020128087832,1.995328526189509,3.0576149351309465,0.10671799630158833,0.004040407270646037,0.27058964001462366,1.1555352241537056,1.0,14.0,2.3129002007325052,0.05044990848647532,5.70657563910155,4.127388535031847,1.4668789808917198,0.3248407643312101,5.700101830526358,14.0,2.372543540485419,0.0027330836910695877,5.927259225676943,4.235668789808917,1.9269639065817408,0.25,5.987004173460155,14.0,2.343065273507144,0.017834617281932065,5.830911257844959,4.318471337579618,2.3857294510160756,0.2898089171974522,5.893223212212909,1.0,2.3493080758120195,0.00849313213225177,5.860530491331672,4.4336688014638606,3.0576149351309465,0.2946020128087832,5.95162255011373,14.0,2.3403640147656732,0.0006720613726673302,5.849901944855181,4.711538461538462,4.54497816997817,0.24070512820512818,5.996673643473861,14.0,2.3286497655956184,0.0028606360922159247,5.8173334598507225,4.839743589743589,5.808002645502646,0.2541913214990138,5.983079351151457,14.0,2.3132199792324943,0.000305437776277955,5.782591791416818,5.2064516129032254,8.531499325047713,0.23532258064516126,5.998453262239265,14.0,2.3007653395404852,0.00019716308382466963,5.751617604225476,5.467532467532467,10.75374149659864,0.23264235764235766,5.999001696421911,14.0,2.279850726252633,0.0003891877539693912,5.699043034000627,5.947368421052632,15.218593358395989,0.23481781376518218,5.9977567849382165,14.0,2.2643583396614586,0.00010530205986473954,5.660737896063848,6.326666666666667,19.444380952380953,0.22858974358974354,5.99947031251636,13.0,2.2407032223625145,7.275806109060492e-05,5.60164891881465,6.930379746835443,27.211603375527428,0.22541382667964946,5.9996356173813234,13.0,2.219305818405248,5.444476308648559e-05,5.54818287886849,7.532467532467533,34.038383838383844,0.22187187812187809,5.999730478135868,12.0,2.176223563983624,3.89212432198744e-05,5.440500528094231,8.829113924050633,44.56119239410378,0.21431759169100942,5.999806000467546,1.7222058602502048,2.3889731952664306e-06,4.305511067165719,5.999988652386332,1.9999954211377122,24.0,0.13739763421292084,1.9999994027537737,0.0008482188797279923,4.291929715020096,4.295240713602002,1.881888680722038,0.11280628677129097,4.535512271648158,8.0,1.876580408916741,0.13450720158604543,4.489690219912784,7.6625,0.4674193950899814,0.47272766689527845,0.005308271805297027,2.3477144943029318,2.223810561480807,2.2193691754585867,0.1239039328221252,0.1283453188443454,S_post_acc
3.586723,0.0,45867.0,2198.0,2.3382551521373407,0.007156359467469821,5.834903341142147,5.9523312497025795,1.9817249634117033,4.548947849954255,0.29147019494686466,1.9936414623991596,3.01510228741473,0.12323007488711364,0.0031416999426235686,0.30975987101219216,1.349877596032436,0.9322964318389753,14.0,2.318818472689568,0.06544116323291493,5.698884436874548,4.159235668789809,1.4554140127388535,0.32802547770700635,5.687121287655428,14.0,2.36209448244179,0.003244970768469414,5.90036874995177,4.3312101910828025,1.8973612374886262,0.2484076433121019,5.984252130130553,14.0,2.333658766744444,0.023517514725755875,5.798870644772476,4.45859872611465,2.338160954402993,0.2898089171974522,5.888123138987365,1.0,2.3382551521373407,0.007156359467469821,5.834903341142147,4.548947849954255,3.01510228741473,0.29147019494686466,5.9523312497025795,14.0,2.3271922103211704,0.0009221419922785715,5.816597312814507,4.916666666666667,4.4257654738423975,0.24070512820512818,5.99467742901482,14.0,2.304667938790558,0.0036013455358497727,5.75626782867262,5.256410256410256,5.523137973137973,0.2507396449704142,5.9826692922681435,14.0,2.2716546082027254,0.00043405282090117086,5.678485441275461,5.95483870967742,7.840530795369506,0.23096774193548386,5.99745000645509,14.0,2.244444212264203,0.00030576728310990214,5.610651879735841,6.5,9.57819410785918,0.22452547452547456,5.998112343701386,14.0,2.1949596548155714,0.0004433409176993811,5.486734125662379,7.526315789473684,12.794513481229812,0.2165991902834008,5.997608919464809,14.0,2.1508783515935335,0.00014908821568685818,5.376972246660302,8.493333333333334,15.405979684803215,0.20551282051282052,5.99901823423369,13.0,2.070336678609367,9.564245874705287e-05,5.1756982328352965,10.348101265822784,18.969264640363576,0.1898328464784161,5.9993357781782315,13.0,1.9928634334439426,6.904816459911585e-05,4.982055011362957,12.331168831168831,20.909618622871353,0.17498126873126874,5.99949499908614,12.0,1.85606702699611,4.3791555580604507e-05,4.640101880156904,15.715189873417721,23.09455063998882,0.14483933787731257,5.999645230867777,1.36385012800066,2.613066563128541e-06,3.409621400401805,5.999907799997911,1.9999683956437826,29.0,0.07597816196542312,1.9999727507296867,0.0589755790110334,3.34871418140208,3.407689760453664,1.6945321092177896,0.10563306146841703,4.077880680841848,9.9625,1.6884926634990787,0.10382419652458137,4.065495363960825,10.0625,0.6437230429195511,0.649762488638262,0.006039445718710956,2.3389015546218515,2.2066415545952633,2.186678542729276,0.1322600000265878,0.15222301189257473,S_post_acc
3.586723,1.0,45884.0,2198.0,2.321907971470551,0.006865068544495163,5.794472325859634,5.951553605763921,1.9815628457398087,4.714089661482159,0.2857695826588782,1.9929891071496044,2.9314058273230277,0.1301966451890745,0.003818308638951104,0.3279056268121413,1.4055025243777337,0.8824336688014639,14.0,2.315129560468565,0.05982722071465635,5.698083070099427,4.1528662420382165,1.4573248407643313,0.3280254777070063,5.6906317469428105,14.0,2.362045125511133,0.0031627092173758834,5.90036874995177,4.3312101910828025,1.8973612374886262,0.2484076433121019,5.984325266479764,14.0,2.326140376583421,0.02119455023968047,5.783559116099032,4.509554140127388,2.3126326963906583,0.28853503184713375,5.889849616800151,1.0,2.321907971470551,0.006865068544495163,5.794472325859634,4.714089661482159,2.9314058273230277,0.2857695826588782,5.951553605763921,14.0,2.303687792411888,0.0011606253740517162,5.757478542968642,5.166666666666667,4.235912235912235,0.23717948717948717,5.993817000972167,14.0,2.272951070932188,0.0032629340570894025,5.677483276244838,5.621794871794871,5.194175731675732,0.24531558185404342,5.982758918858829,14.0,2.223982223705978,0.0005052404767690934,5.5591976985497915,6.529032258064516,7.106232835265093,0.22193548387096773,5.997047299748564,14.0,2.187300974995168,0.0003933185838428143,5.467662459612154,7.220779220779221,8.43954995221229,0.21403596403596406,5.997681878743138,14.0,2.1147177769686185,0.00041836815029120577,5.2861668901961085,8.710526315789474,10.488388585099111,0.20133265856950067,5.99759646208654,14.0,2.046675171880461,0.00017620627381316942,5.1164236202904325,10.153333333333334,11.701918977479348,0.18666666666666665,5.9988470733995065,13.0,1.928207716708255,0.00010434704118875957,4.8203627712088535,12.879746835443038,14.06218606003677,0.16094612138915937,5.999256187749793,13.0,1.835967288340471,7.093285280987008e-05,4.589811821571963,15.318181818181818,15.663527715158619,0.14167082917082918,5.999440505813411,12.0,1.693933913154458,4.0504770886707066e-05,4.234774025729815,19.59493670886076,17.7836687635266,0.11548604349237261,5.999605181591375,1.347530096140921,4.180971498790598e-06,3.368818968895054,5.999838145072611,1.9999446547003707,32.0,0.060964513193812554,1.999951622983235,0.030779542747684463,3.3302372213195923,3.361016764134858,1.6830043710633031,0.09786518771784533,4.06071314608149,10.125,1.6925798337579827,0.1080708556378589,4.069343300938169,9.9625,0.6389036004072479,0.6293281377125683,-0.00957546269467957,2.3191241219626284,2.1642212399560123,2.1799670866715064,0.15490288200661537,0.13915703529112214,S_post_acc
3.586723,2.0,45901.0,2198.0,2.3858436086837105,0.00606815553791922,5.955506788402397,5.957083043075623,1.983671629179235,4.032936870997255,0.3065662608206067,1.9938034367321775,3.2353592123034027,0.031313309628445876,0.0008556865818320831,0.07911382449543043,0.33520797253763135,1.0,14.0,2.3207183665921285,0.031272276211235364,5.754887502163469,4.0,1.5,0.3333333333333333,5.723320427797389,14.0,2.4000000000000004,0.0,6.0,4.0,2.0,0.25,5.999999999982688,14.0,2.3703730404852275,0.011060152453227503,5.909342372533225,4.012738853503185,2.494692144373673,0.29936305732484075,5.901754825519325,1.0,2.3858436086837105,0.00606815553791922,5.955506788402397,4.032936870997255,3.2353592123034027,0.3065662608206067,5.957083043075623,14.0,2.395020766182284,0.0,5.987551915455709,4.051282051282051,4.967948717948718,0.2487179487179487,5.999999999982688,14.0,2.3894503817747306,0.00164289185723086,5.9711616166509796,4.076923076923077,6.4375,0.26775147928994086,5.985538672775408,14.0,2.389692414757248,1.751588058145706e-05,5.974204763072247,4.129032258064516,9.838709677419354,0.2479032258064516,5.999912585055752,14.0,2.38673360430586,1.5624211845263352e-05,5.966810574446883,4.1558441558441555,12.746753246753247,0.24712787212787213,5.999921965678721,14.0,2.3817377550648215,0.0001872307555654759,5.954063541528704,4.2105263157894735,18.986842105263158,0.2517712550607287,5.998371088120564,14.0,2.3799298996922675,8.007435228911675e-06,5.949812738077825,4.24,25.22,0.24576923076923085,5.999959973914167,13.0,2.3814464645746396,4.785006804446013e-06,5.953608983926392,4.253164556962025,37.765822784810126,0.24679487179487183,5.999976077898315,13.0,2.383785575360062,2.7611874798957195e-06,5.959459796618934,4.259740259740259,50.311688311688314,0.2475337162837163,5.9999861950026725,12.0,2.3868797347241344,1.5478120894172865e-06,5.967197015092204,4.2784810126582276,75.28481012658227,0.2482960077896787,5.999992261160754,2.349639431268215,8.212074726898777e-07,5.874097346359329,5.99999380360714,1.999997660799889,8.0,0.24613284804367608,1.9999990294783725,0.0,5.874097346359328,5.874097346359328,2.228098707431136,0.08946168866293062,5.436054235583444,4.1,2.1997712836794547,0.09614008240935444,5.355218085584605,4.125,0.15774490125257445,0.18607232500425575,0.02832742375168129,2.3810923739587646,2.2041239426376844,2.210341716793534,0.17696843132108095,0.17075065716523094,S_post_acc
3.586723,3.0,45918.0,2198.0,2.3568674682032844,0.008963687830195936,5.878723138762917,5.951904783631825,1.98098036526721,4.357273559011894,0.29710042930536984,1.996134033436135,3.0873867250468345,0.0952286319018419,0.003384422251659084,0.24070445994264747,1.025290745012231,1.0,14.0,2.3178657051547806,0.05731032102324703,5.708698781352082,4.1210191082802545,1.4687898089171973,0.3248407643312102,5.693208292942662,14.0,2.376314602679183,0.001425956708384078,5.938647571635381,4.2165605095541405,1.9374582954200787,0.24761146496815287,5.99321956875354,14.0,2.350012620308406,0.02016748296521752,5.844780326323187,4.267515923566879,2.4026387625113736,0.2923566878980891,5.891472376091313,1.0,2.3568674682032844,0.008963687830195936,5.878723138762917,4.357273559011894,3.0873867250468345,0.29710042930536984,5.951904783631825,14.0,2.351356444792284,0.0005279331453430827,5.8775992122626946,4.589743589743589,4.600274725274725,0.24358974358974358,5.997380261079982,14.0,2.345324484328487,0.0031286795306389005,5.85861819152526,4.673076923076923,5.909523809523809,0.2593688362919132,5.983307847613841,14.0,2.3362143861773945,0.00019558546900140392,5.840242587239984,4.961290322580645,8.725140809011776,0.24080645161290323,5.999035526823988,14.0,2.3269395880506023,0.00014668799008193452,5.817128938141382,5.214285714285714,10.929540300968872,0.23988511488511494,5.999281220763708,14.0,2.3116276230567196,0.00039056129054407983,5.7784832157059824,5.677631578947368,15.292308897243108,0.24240890688259106,5.9979522710282565,14.0,2.2999013910268893,6.763470666542778e-05,5.749652025507226,6.06,19.321164021164023,0.23608974358974366,5.9996708552466,13.0,2.2802743571446706,3.922443452059828e-05,5.700627056209894,6.6075949367088604,27.066129650939775,0.23247322297955217,5.999812172638997,13.0,2.2606228280531937,2.858914671924015e-05,5.651514186412904,7.116883116883117,33.625370589006955,0.22874000999000996,5.999863567370771,12.0,2.218962658937533,2.0240078635122806e-05,5.547376287225881,8.170886075949367,42.99011452682339,0.22064670561506006,5.999898430617761,1.9354662371985385,1.4931036123044805e-06,4.838663353340928,5.999993131711511,1.9999972128692995,12.0,0.14604185623293903,1.9999997013740014,0.0004753844548479211,4.835784004382999,4.838663353340927,1.9401320536107942,0.1554142695514354,4.617208729699832,6.75,1.937963658512136,0.153771215192752,4.614252323491212,6.8125,0.4167354145924902,0.4189038096911484,0.0021683950986581824,2.355385096538431,2.1979385902683592,2.2230770133142905,0.15744650627007253,0.13230808322414087,S_post_acc
3.586723,4.0,45935.0,2198.0,2.3179918605122776,0.010583171731530496,5.779104893683398,5.946567840319297,1.9786615561959222,4.767612076852699,0.2842212682102893,1.9965177186833332,2.9043060819936386,0.13247284204594229,0.004875527550053613,0.33540167566957996,1.4109665461147127,1.0,14.0,2.309863961842187,0.06627399370772627,5.675248914043879,4.203821656050955,1.4464968152866244,0.3205944798301486,5.680201777567247,14.0,2.3562306903636934,0.005830907811952381,5.8818303641913054,4.3630573248407645,1.887048832271762,0.2484076433121019,5.974144544760166,14.0,2.3242980948476113,0.02354016879131907,5.7754349839320485,4.522292993630574,2.307931452835912,0.28343949044585987,5.885170249895532,1.0,2.3179918605122776,0.010583171731530496,5.779104893683398,4.767612076852699,2.9043060819936386,0.2842212682102893,5.946567840319297,14.0,2.2985466214038164,0.0011924349121969135,5.744577901141246,5.185897435897436,4.2203907203907205,0.23397435897435892,5.994117167505048,14.0,2.2826348673023094,0.0038577109182344684,5.700800601878421,5.403846153846154,5.308531746031746,0.2448224852071006,5.981088623077687,14.0,2.259104662901106,0.0005270270207245726,5.646971116721677,5.95483870967742,7.50015360983103,0.2270967741935484,5.997373769291908,14.0,2.241111881801557,0.00037645244314176107,5.602215025839181,6.383116883116883,9.14421768707483,0.2244005994005994,5.99811441732032,14.0,2.215650821820919,0.0005645851869690606,5.538280176771845,7.105263157894737,12.347982171337435,0.2252024291497976,5.997206503092082,14.0,2.196501501386989,0.00018970737043121132,5.490969192411825,7.62,15.403063011063011,0.21961538461538463,5.999046885421001,13.0,2.1642094214931125,0.00013426521098994543,5.410322155916297,8.41139240506329,21.097083401830236,0.21494644595910417,5.999325249001908,13.0,2.135979041721389,9.990612447413399e-05,5.33979774511676,9.071428571428571,26.192119712898933,0.20960289710289715,5.9994985165683445,12.0,2.078087162029883,6.33962413762028e-05,5.195122810712643,10.430379746835444,34.059715600854844,0.1988396624472574,5.999680478011666,1.63490623878834,1.7170759463169816e-06,4.0872630213569305,5.999989324282334,1.9999958690687958,24.0,0.12875341219290265,1.9999987308577736,0.021079492512899735,4.062992907007398,4.084072399397779,1.8636458996791796,0.12940837357398877,4.465002188836964,8.35,1.8570566567539502,0.14647899728100908,4.422923145963361,8.275,0.454345960833098,0.4609352037583274,0.006589242925229444,2.345878307624366,2.2308366538767483,2.237641477813299,0.11504165374761843,0.10823682981106754,S_post_acc
3.586723,5.0,45952.0,2198.0,2.3883185154702065,0.005999436158911683,5.961797134437151,5.957165650361889,1.9837220714009924,4.005946935041171,0.30755155183334504,1.9937340988898284,3.2461344922232387,0.007581071486949696,0.0005349851341318286,0.01971136909198075,0.07688672840475903,1.0,14.0,2.3202499987618683,0.03049166316080143,5.754887502163469,4.0,1.5,0.3333333333333333,5.724101040847824,14.0,2.4000000000000004,0.0,6.0,4.0,2.0,0.25,5.999999999982688,14.0,2.371665787981061,0.010875124392429214,5.912851783364006,4.0,2.5,0.3,5.9019398535801235,1.0,2.3883185154702065,0.005999436158911683,5.961797134437151,4.005946935041171,3.2461344922232387,0.30755155183334504,5.957165650361889,14.0,2.399510541415485,1.75977715114433e-05,5.998749956881445,4.006410256410256,4.993589743589744,0.25,5.999912675352597,14.0,2.395009225150328,0.0016226382397478395,5.985089105516199,4.012820512820513,6.483333333333333,0.2692307692307692,5.98547609011348,14.0,2.3990721788837837,1.3136910436101391e-05,5.997660741843805,4.019354838709678,9.961290322580645,0.25,5.999934438787488,14.0,2.3992258781866846,7.812105922640326e-06,5.998052977307827,4.01948051948052,12.94935064935065,0.25,5.999960982830705,14.0,2.398567505373113,0.00018372316065146986,5.9961431786918045,4.032894736842105,19.37171052631579,0.2564102564102564,5.998365225773923,14.0,2.398895271597017,4.671003883511086e-06,5.997231172486717,4.046666666666667,25.757333333333335,0.25,5.999976651442717,13.0,2.398688212129605,3.3776518620333167e-06,5.996715463846218,4.075949367088608,38.40759493670886,0.25,5.9999831138054835,13.0,2.3985716054629056,2.5987646869661055e-06,5.996425115510234,4.103896103896104,50.91948051948052,0.25,5.99998700706032,12.0,2.398432843259617,1.8292324693844165e-06,5.996079364300338,4.1645569620253164,75.43291139240506,0.25,5.9999908541022196,2.3986460586589207,4.479303274962376e-07,5.9966144747518095,5.999997760330965,1.9999991041335459,5.0,0.2502274795268426,1.9999998506841306,0.0,5.995200814960725,5.995200814960725,2.219995616552536,0.10159567844476644,5.39759552371419,3.8625,2.2144955782385,0.09821583101134383,5.388915199079234,3.85,0.16832289891767038,0.1738229372317064,0.005500038314036004,2.3859581235472342,2.2331206646346597,2.231078510832458,0.15283745891257416,0.15487961271477657,S_post_acc
3.5875,0.0,45875.0,2198.0,2.335927692826336,0.007342698395682955,5.828805184472316,5.952348962078848,1.9816687545610552,4.572735590118938,0.2896755577450912,1.9938958019399875,3.006854669423288,0.12627921322084862,0.003075342838541931,0.3181577575872693,1.3750047893405883,0.9702653247941445,14.0,2.326758338585767,0.0664696640734745,5.717191350354204,4.095541401273885,1.4738853503184715,0.3290870488322717,5.683966888007023,14.0,2.375678896930559,0.002650822139976023,5.935221009116434,4.203821656050955,1.932787382468911,0.25,5.987077309809365,14.0,2.343845142847215,0.02381361395642727,5.823892436183396,4.350318471337579,2.3717015468607823,0.2910828025477707,5.887817897020442,1.0,2.335927692826336,0.007342698395682955,5.828805184472316,4.572735590118938,3.006854669423288,0.2896755577450912,5.952348962078848,14.0,2.3218801271247878,0.0008886178196481987,5.803367391082497,4.916666666666667,4.44547582047582,0.23846153846153847,5.995410178761531,14.0,2.2989193282095806,0.003662661777902213,5.741804327857099,5.25,5.520845358345359,0.24827416173570022,5.982607695632497,14.0,2.2609740079595486,0.0004543121536143751,5.651753551668449,5.948387096774193,7.817078620304427,0.22693548387096774,5.9976048606290355,14.0,2.230020692302607,0.00034222011217752184,5.574538400588251,6.532467532467533,9.498188283577894,0.22177822177822176,5.998159291621421,14.0,2.167774624301856,0.0004756784430998783,5.418723043089989,7.743421052631579,12.384651917931615,0.2126349527665317,5.997651535414788,14.0,2.1124246480698283,0.00015884580735464837,5.280823351463538,8.966666666666667,14.141640777523135,0.19942307692307693,5.999125942003515,13.0,2.0215895106310913,9.157999592467592e-05,5.053836406583841,11.10759493670886,16.666024063916645,0.18115060045439796,5.999473859614129,13.0,1.9566272320459719,6.307910400308156e-05,4.891473461458924,12.824675324675324,18.145305667576583,0.1672077922077922,5.999621829356309,12.0,1.8411397362585733,3.485137193459664e-05,4.602797063588531,15.835443037974683,21.712949373232952,0.1451233365790328,5.99977153134503,1.2629268330912802,3.8075414163785126e-06,3.157311371416076,5.99994423212228,1.9999801415269545,32.0,0.05232029117379436,1.9999864873881248,0.021524250867028992,3.135787120571936,3.1573113714160748,1.6714650677100509,0.10014474376979723,4.028445553620431,10.4375,1.671718098617481,0.0971133782484912,4.033625179170966,10.575,0.6644626251162853,0.6642095942088551,-0.0002530309074302295,2.368876792586227,2.210245628034183,2.209734254350145,0.15863116455204468,0.1591425382360828,S_post_acc
3.5875,1.0,45892.0,2198.0,2.2816267802138803,0.009959317629942704,5.6891279740897875,5.946602237006064,1.9788809731253738,5.164226898444648,0.2711309733267647,1.9955674007440332,2.7472475704634904,0.159067982155103,0.003606752755406187,0.4001616226901664,1.7219909304696022,1.0,14.0,2.2982390425772747,0.05290778006781401,5.666235936341465,4.248407643312102,1.4337579617834393,0.31953290870488316,5.697689580329368,14.0,2.342105510784337,0.004862893551762504,5.847969436633199,4.509554140127388,1.8448286320897784,0.24681528662420382,5.976834684674487,14.0,2.2941762025690045,0.01915091629416828,5.7067141319812595,4.8152866242038215,2.2101405317965828,0.2770700636942675,5.8913266021376725,1.0,2.2816267802138803,0.009959317629942704,5.6891279740897875,5.164226898444648,2.7472475704634904,0.2711309733267647,5.946602237006064,14.0,2.239235993605698,0.0016633720966101264,5.595594925869329,5.916666666666667,3.8519596500365734,0.22275641025641027,5.991487717123452,14.0,2.1893820165447697,0.0028959359189514966,5.469111137483498,6.6923076923076925,4.560403485403485,0.2246055226824457,5.983457782461709,14.0,2.1064829349055616,0.0008356089112158056,5.264953923897079,8.193548387096774,5.881208502650628,0.1970967741935484,5.995597716238312,14.0,2.04519039073349,0.0006400761553075376,5.112015862600763,9.285714285714286,6.7237189090512235,0.18419080919080918,5.996581631337289,14.0,1.9325743346181279,0.00039372060421067657,4.8308452556390025,11.55921052631579,7.9585042878269405,0.16337719298245615,5.997827302003128,14.0,1.844910582394685,0.0002771673901476331,4.611860704901489,13.593333333333334,8.585461657709335,0.14519230769230768,5.9984312586973845,13.0,1.7312575730698714,0.00015668806470498726,4.327908900577621,16.879746835443036,9.643026813994037,0.12755598831548198,5.999075523268323,13.0,1.665301960896902,0.00010357424463230308,4.163099540875306,19.038961038961038,11.184298132892357,0.11700799200799199,5.999383838043796,12.0,1.5878592092956034,6.559743797173153e-05,3.969549627082051,22.164556962025316,14.333966507563048,0.10428838039597534,5.999627373564873,1.4051983607546055,9.257311625709974e-06,3.512982015919075,5.999958491546991,1.999983078078455,28.0,0.07961783439490445,1.9999985068925947,0.012206612100692389,3.500775403439743,3.512982015919074,1.7331555436147794,0.14369431010595407,4.117347393878018,9.8625,1.7759664806530473,0.1283577117752696,4.2473796339697145,9.4125,0.5484712365991009,0.505660299560833,-0.04281093703826788,2.2554462386839225,2.1859367274169736,2.1669241663923215,0.06950951126694896,0.08852207229160128,S_post_acc
3.5875,2.0,45909.0,2198.0,2.3318313550793723,0.0076720319379536255,5.8180703397915,5.952011630489071,1.9814465328503725,4.616651418115279,0.28809205433176155,1.9942198640858482,2.980050769094685,0.12580710092529715,0.0031019299772450924,0.3168521732459151,1.366297025180041,0.9917657822506862,14.0,2.3209633021451337,0.07149979619270476,5.695158561073776,4.1528662420382165,1.4579617834394902,0.32696390658174096,5.6769342282585145,14.0,2.3619253702446725,0.0033638004941680677,5.899767724870429,4.3312101910828025,1.897725204731574,0.2484076433121019,5.983687094194791,14.0,2.332648355255927,0.025022359698961116,5.7940873485913755,4.477707006369426,2.3345718329794765,0.2878980891719745,5.886613279633146,1.0,2.3318313550793723,0.0076720319379536255,5.8180703397915,4.616651418115279,2.980050769094685,0.28809205433176155,5.952011630489071,14.0,2.311585112379298,0.0011258436038804637,5.777274015542424,5.0576923076923075,4.322353572353572,0.23782051282051278,5.994411281747836,14.0,2.284685727783066,0.003795898462060242,5.706020471764575,5.448717948717949,5.356108706108706,0.2460552268244576,5.982723388478614,14.0,2.2393801428242592,0.00044947616377233465,5.59777614281499,6.258064516129032,7.493500048338759,0.22274193548387095,5.997733046188911,14.0,2.203742508486744,0.0003419360068529916,5.50884336720658,6.922077922077922,9.101770019302487,0.2145354645354645,5.998243360005776,14.0,2.138934480444671,0.00046861601491206343,5.346633277089308,8.210526315789474,12.024460748162271,0.20310391363022942,5.997743030043851,14.0,2.0883082269351263,0.00015682484549959833,5.220535330069566,9.393333333333333,14.409943170463293,0.19025641025641027,5.999152050443421,13.0,2.0060180776255256,9.524158944990919e-05,5.014902331679639,11.512658227848101,17.60258035683536,0.17774261603375527,5.999455570702716,13.0,1.9425644144110614,6.741113571217516e-05,4.856309919324086,13.415584415584416,19.187511832339144,0.16939310689310688,5.999603209337517,12.0,1.8396762204737251,3.944785837060151e-05,4.599131379396757,17.0126582278481,21.170190515549688,0.1552458617332035,5.999747238334213,1.402709964250555,9.780120916680346e-06,3.506760240445012,5.9998898820822655,1.9999600339871162,32.0,0.07279344858962693,1.999976334207779,0.01394608247034072,3.4872504106840365,3.5011964934113378,1.730603775577866,0.12534041622205708,4.138498814611579,9.5125,1.719139583220739,0.11198408118974432,4.12987283626723,9.7875,0.6012275795015063,0.6126917718586333,0.011464192357127034,2.339899037707652,2.1930349623797896,2.1795206521195896,0.14686407532786264,0.1603783855880633,S_post_acc
3.5875,3.0,45926.0,2198.0,2.343211034110898,0.010133346047861183,5.842827566205452,5.94922631532869,1.9796976564269428,4.505032021957914,0.2931240762896755,1.9968479825751884,3.020037685705572,0.11049984187957428,0.00406014011891513,0.27953240846009375,1.1847700522642386,1.0,14.0,2.3178894568411472,0.06637672068606185,5.695158561073776,4.1528662420382165,1.4605095541401274,0.32271762208067933,5.682089224582597,14.0,2.3659486313119173,0.002737209317428188,5.91076576430365,4.305732484076433,1.9122838944494998,0.24522292993630573,5.98791982627507,14.0,2.335284853039567,0.023151177660158097,5.803485366108678,4.43312101910828,2.3475128905065215,0.28662420382165604,5.888488915825508,1.0,2.343211034110898,0.010133346047861183,5.842827566205452,4.505032021957914,3.020037685705572,0.2931240762896755,5.94922631532869,14.0,2.3348340206092675,0.0009075245127812278,5.835723764753996,4.782051282051282,4.471916971916972,0.24134615384615385,5.99552238215189,14.0,2.3215665453576424,0.003750786339096207,5.798290183885463,4.967948717948718,5.6646825396825395,0.2546844181459566,5.981854419560925,14.0,2.3068416613043405,0.00034399218733987993,5.76658816497984,5.4,8.192933947772657,0.23709677419354838,5.998274100519004,14.0,2.2955463345513825,0.0002651498202641689,5.738468111648059,5.733766233766234,10.118212739641312,0.23626373626373628,5.998662885175332,14.0,2.2800686404812436,0.0005148907303145913,5.699399265107637,6.3355263157894735,13.813110902255636,0.2390350877192982,5.997490450680082,14.0,2.2694916697776324,0.00013444946974124387,5.6735275002394685,6.833333333333333,16.867809523809523,0.23461538461538461,5.999315746072797,13.0,2.2552144639830556,8.148057331098605e-05,5.637913939097672,7.493670886075949,22.61130198915009,0.23291950665368386,5.999578489698074,13.0,2.243982308026108,5.730168868678531e-05,5.609869817532241,7.896103896103896,28.10636982065554,0.2312375124875125,5.99970100149811,12.0,2.221096680870345,3.7414656668843804e-05,5.552685580190858,8.455696202531646,38.67088607594937,0.22695553391755927,5.999805263658993,1.9979573102220174,4.106077204468761e-06,4.994887116439236,5.999977976619839,1.999991290180878,12.0,0.1910828025477707,1.999998133617194,0.0003299397228710503,4.99264807334577,4.994887116439235,2.0589345044503533,0.14137739083315104,4.935270174876156,6.1625,2.038083698150956,0.14664149110604946,4.875247008718316,6.2,0.2842765296605445,0.3051273359599418,0.020850806299397284,2.346375229213782,2.2208185254081836,2.2385983649303274,0.12555670380559794,0.10777686428345362,S_post_acc
3.5875,4.0,45943.0,2198.0,2.363856128349329,0.007735834907702377,5.89803656851177,5.952892505327185,1.9817188901398282,4.272644098810613,0.30005630234358505,1.9947056613233802,3.1295230768012106,0.08807993175029227,0.003804023331098617,0.2242205648862492,0.9472607295791263,1.0,14.0,2.3192452779426804,0.04403989916585499,5.732053346107921,4.050955414012739,1.4866242038216562,0.33014861995753714,5.7064787148000535,14.0,2.3839085578504378,0.0013436951572905755,5.957755851890158,4.140127388535032,1.9585077343039126,0.2484076433121019,5.99329270510275,14.0,2.3532479996866837,0.01556025962683467,5.859779609776457,4.210191082802548,2.429734101708624,0.2942675159235669,5.895490040386823,1.0,2.363856128349329,0.007735834907702377,5.89803656851177,4.272644098810613,3.1295230768012106,0.30005630234358505,5.952892505327185,14.0,2.366867736677456,0.0005304225679937636,5.916373707841649,4.384615384615385,4.748931623931624,0.24519230769230768,5.997232461044483,14.0,2.3574479759127818,0.0024843714105690965,5.8898933826661,4.512820512820513,6.098931623931624,0.26208086785009865,5.983533624926052,14.0,2.351817683280785,0.0002298403068893621,5.8791994477416285,4.748387096774193,9.121422663358146,0.24338709677419357,5.9987374087381236,14.0,2.344907902714423,0.0001712319674037405,5.862012908834951,4.9480519480519485,11.554730983302413,0.24263236763236762,5.999068832091099,14.0,2.3343389417901506,0.00035254537044101354,5.835318536419713,5.309210526315789,16.564144736842106,0.24679487179487178,5.997737082730256,14.0,2.3249542475066884,0.00010288268021103165,5.812231294746403,5.653333333333333,21.289925925925928,0.24006410256410257,5.999443301433648,13.0,2.3070123215382567,7.4078598030509e-05,5.767419685948594,6.30379746835443,30.077281812125246,0.2367737747484583,5.9996095102366045,13.0,2.2912484750876465,6.115672940190916e-05,5.728029452625013,6.805194805194805,38.443381180223284,0.23342282717282714,5.999679587418606,12.0,2.2635493873879198,5.168652408819494e-05,5.65879593868367,7.879746835443038,52.6425383077948,0.22900438169425516,5.999725119116986,1.9267047554219834,1.164653850782571e-05,4.816744418747197,5.99994176817631,1.9999767072126007,24.0,0.1769790718835305,1.9999961179278039,0.0008145222783476733,4.800786203430377,4.803282917741909,1.9523007100947705,0.12990307267594767,4.685897166223004,6.575,1.973963261922479,0.11107338996418278,4.768298069859924,6.7125,0.41155541825455866,0.38989286642685017,-0.021662551827708487,2.3797698752087637,2.2313410585670512,2.2251360321062794,0.1484288166417124,0.15463384310248443,S_post_acc
3.5875,5.0,45960.0,2198.0,2.3470496502645397,0.009236882958036364,5.853768801224295,5.950174224410543,1.9803124471508353,4.456999085086917,0.2941797452318953,1.9958899730876172,3.0422466562105175,0.1067431839706983,0.004495492341845431,0.2708631767359493,1.1395047787946209,1.0,14.0,2.3138732375050663,0.05738640997529931,5.6986034787997175,4.13375796178344,1.464968152866242,0.3248407643312102,5.689044970081889,14.0,2.372543540485419,0.0027330836910695257,5.927259225676943,4.235668789808917,1.9275705186533212,0.2484076433121019,5.987004173460155,14.0,2.34500790005737,0.020110688068831945,5.832353718040176,4.305732484076433,2.3877009402487106,0.2910828025477707,5.889763320883131,1.0,2.3470496502645397,0.009236882958036364,5.853768801224295,4.456999085086917,3.0422466562105175,0.2941797452318953,5.950174224410543,14.0,2.3407628411944086,0.0007600502302244442,5.850767027640684,4.705128205128205,4.523351648351648,0.2416666666666667,5.99623702032341,14.0,2.3331024917043486,0.0031301680107114604,5.828060977244805,4.82051282051282,5.7803571428571425,0.2564102564102564,5.982975199624909,14.0,2.3240850693295347,0.0003160675502252286,5.809738571998498,5.135483870967742,8.511939673229996,0.23983870967741938,5.998424638946401,14.0,2.3158891370473143,0.0002243562665673979,5.789386308218434,5.376623376623376,10.701374599426549,0.23876123876123878,5.998880516321739,14.0,2.2999734596344656,0.00041332067546872545,5.74931366807296,5.927631578947368,14.791035828206878,0.24122807017543857,5.9977607897578045,14.0,2.287804363739236,0.00010841817436283208,5.719348282086545,6.38,18.394693602693604,0.23583333333333334,5.999456525540195,13.0,2.267322002177162,8.346260514325446e-05,5.668179811535191,7.050632911392405,24.94106526385007,0.23243265173644923,5.999577621653098,13.0,2.2478584912042043,6.592009429716962e-05,5.619547347869066,7.603896103896104,30.910039167182028,0.2287712287712288,5.999663137800441,12.0,2.2133831066120386,5.491829333721191e-05,5.533375389090091,8.373417721518987,41.75793194147625,0.22147841609866922,5.9997218975392475,1.9023854202474124,1.3363586391257343e-05,4.755943505238944,5.999932884197693,1.9999731735371007,16.0,0.137852593266606,1.9999954460314333,0.0006309998047546686,4.744950423650879,4.748142624543478,1.9516078349846275,0.12479947787451877,4.691820370649792,6.9125,1.9267706194709056,0.13998317594093382,4.6069517847658625,6.9375,0.3954418152799122,0.42027903079363416,0.024837215513721977,2.349094407361067,2.236757297120282,2.20522159585247,0.1123371102407854,0.14387281150859682,S_post_acc
3.59,0.0,45900.0,2198.0,2.266990998533216,0.010065177192040338,5.65237973054498,5.944773406754382,1.9782360765207803,5.323421774931382,0.2674713209937364,1.9950199348203979,2.6828852998683743,0.16596055229549017,0.0040618476498745755,0.41784989320136734,1.813129507695437,1.0,14.0,2.295117873351196,0.04965550404144964,5.663311427315814,4.248407643312102,1.4331210191082802,0.3205944798301486,5.6989343691066825,14.0,2.3333728889693255,0.00707496496354894,5.822819774977991,4.56687898089172,1.8203215043979375,0.2484076433121019,5.966592059539609,14.0,2.2829699309300246,0.018004248070027446,5.68041845522002,4.917197452229299,2.1720756243049237,0.27579617834394904,5.891294009216118,1.0,2.266990998533216,0.010065177192040338,5.65237973054498,5.323421774931382,2.6828852998683743,0.2674713209937364,5.944773406754382,14.0,2.2209635191518373,0.002134988031220213,5.5492063158327625,6.134615384615385,3.7123570873570872,0.2205128205128205,5.989138030767336,14.0,2.1682384702370703,0.003032986444457466,5.41604669592599,6.967948717948718,4.3502742627742625,0.21942800788954636,5.982575786885071,14.0,2.0727962909497695,0.0010273646854502849,5.180449680346248,8.72258064516129,5.37446649913443,0.19258064516129036,5.994688661778037,14.0,2.0005051531002933,0.000799978840414042,5.000062914490112,10.14935064935065,5.860724399952819,0.1791958041958042,5.995838958693628,14.0,1.874818719013579,0.0005193353690193568,4.686267794480418,12.927631578947368,6.649392574015252,0.15561740890688258,5.997289186612722,14.0,1.7920724814661335,0.00040299948040476135,4.479576704444725,15.073333333333334,7.351631610219846,0.1398076923076923,5.997827538722621,13.0,1.7172878294464817,0.0002556544768843369,4.292836091900878,17.61392405063291,8.982762723604631,0.12471600129827977,5.998613950386452,13.0,1.682974966319147,0.00017817383739472437,4.207170155041775,18.993506493506494,11.116211025010518,0.11941183816183819,5.999038262962351,12.0,1.646723056431874,0.00011784740326321821,4.11663086997479,20.810126582278482,15.266458799723578,0.11534404414151248,5.999342918601173,1.533800100520829,1.336342023350312e-05,3.8344802061717225,5.999897049710013,1.9999612287632598,24.0,0.09781619654231119,1.9999835011283595,0.03546551757926023,3.799014688782875,3.8344802061717216,1.788920692844456,0.12306360399530106,4.2877063261181885,9.325,1.7935639089802753,0.13297332034424217,4.284449791934324,8.975,0.47807030568875986,0.47342708955294066,-0.004643216135819195,2.2423033328391853,2.1509104655225997,2.147724808734983,0.09139286731658529,0.09457852410420209,S_post_acc
3.59,1.0,45917.0,2198.0,2.3483941342546677,0.007074149559973299,5.86037411129671,5.953837752239864,1.9822545342266304,4.437328453796889,0.2935463438665634,1.9940391766803296,3.0602460033612826,0.11028812803813308,0.002866428103554075,0.2773114222514567,1.1942822759708687,0.9208600182982617,14.0,2.324178772962284,0.06676361166892547,5.710301514902322,4.13375796178344,1.4643312101910826,0.3259023354564755,5.687906077840583,14.0,2.370056317303239,0.0018921504092955978,5.922302567644154,4.267515923566879,1.9227782832878373,0.24761146496815287,5.990048762186596,14.0,2.3456403621654034,0.02382494551279043,5.828363487144322,4.343949044585988,2.3836821352744924,0.2910828025477707,5.888409486967628,1.0,2.3483941342546677,0.007074149559973299,5.86037411129671,4.437328453796889,3.0602460033612826,0.2935463438665634,5.953837752239864,14.0,2.336111943451598,0.0006567076211926742,5.839294797197206,4.769230769230769,4.50514763014763,0.241025641025641,5.996553390472641,14.0,2.3146768280188437,0.0035470431739751083,5.781371505286147,5.044871794871795,5.66535594035594,0.2519723865877712,5.983469051875437,14.0,2.278130924392698,0.0002918844234880195,5.694889484346513,5.664516129032258,8.060908625424755,0.22870967741935477,5.998414842443055,14.0,2.248810094236803,0.00022825645963811932,5.62168285090255,6.14935064935065,9.868809149003955,0.2222777222777223,5.998762708380166,14.0,2.1943188683509405,0.00040842340248328925,5.485184535773626,7.105263157894737,13.301708105490999,0.21339406207827258,5.998084312943231,14.0,2.1462778236494624,0.00010742914984909646,5.365533415398883,8.0,16.237151798092974,0.20147435897435895,5.999409603435708,13.0,2.057813448581464,6.69888784919591e-05,5.144433138135922,9.867088607594937,20.906231848320456,0.18415287244401168,5.999620056503575,13.0,1.9910880999326965,5.09492251303177e-05,4.977643825994046,11.37012987012987,24.631369352148575,0.17126623376623376,5.999706727870049,12.0,1.897970700725148,4.012881123871969e-05,4.744866558596012,13.89240506329114,29.286524193106473,0.15585443037974683,5.999774978757262,1.3526955271106003,1.0601575030300125e-05,3.3817229154139548,5.999912353196299,1.999967250540423,32.0,0.09963603275705187,1.9999849196201915,0.010182682675902834,3.3715402326872157,3.3817229154139534,1.6823974942334552,0.1340156918560033,4.004970197799634,9.6875,1.7125432941312415,0.10956731005678469,4.117007270242927,9.725,0.6659966400212125,0.6358508401234262,-0.03014579989778632,2.326942391802577,2.1894532182140267,2.197082856763083,0.13748917358855076,0.12985953503949374,S_post_acc
3.59,2.0,45934.0,2198.0,2.3369593317498505,0.007620498676244358,5.83096758136026,5.950947676072031,1.9811090591319287,4.553979871912168,0.29048490393412624,1.9937784543242414,3.0092274364346645,0.12294845979605948,0.004497264127355521,0.3109032014239234,1.3160509517319623,0.9428179322964318,14.0,2.3266551674179086,0.06771314029406589,5.715068208103673,4.101910828025478,1.4713375796178343,0.33014861995753714,5.682831644639098,14.0,2.371300887924186,0.003045342689689975,5.923684205775929,4.24203821656051,1.923991507430998,0.24920382165605096,5.985317767590943,14.0,2.3391590744017794,0.02417552217277656,5.811634402745283,4.3949044585987265,2.3588868668486502,0.29044585987261146,5.885698917821129,1.0,2.3369593317498505,0.007620498676244358,5.83096758136026,4.553979871912168,3.0092274364346645,0.29048490393412624,5.950947676072031,14.0,2.318701479003353,0.0010898394151919006,5.795118938385594,4.955128205128205,4.4102994583763815,0.23782051282051278,5.994285942704059,14.0,2.2974688044958507,0.0037861913239795697,5.737992724253658,5.262820512820513,5.536811568061568,0.24852071005917153,5.981983672700657,14.0,2.261317456068881,0.0005150472133636247,5.652521069352156,5.95483870967742,7.853572102298759,0.22774193548387095,5.997280519907249,14.0,2.2321524348553594,0.000394653781217296,5.579789106466572,6.5,9.58042076334666,0.22190309690309687,5.997877383225138,14.0,2.1777193771687084,0.0005141044954246901,5.443527286178633,7.598684210526316,12.902209358623832,0.2137314439946019,5.997406766322887,14.0,2.1324841720536525,0.00016804111041003248,5.330958368468515,8.566666666666666,15.77379894179894,0.20147435897435895,5.999012557273558,13.0,2.056489131882826,9.658222918591614e-05,5.141077956363286,10.379746835443038,19.994359863138524,0.18654657578708214,5.999377613659643,13.0,1.9924514975969467,6.915754900107338e-05,4.981025007668865,11.96103896103896,22.949303284602227,0.17579295704295703,5.999536463434455,12.0,1.8896350931658612,4.787145114501618e-05,4.724015925737935,14.544303797468354,27.48600001028237,0.15763956507627394,5.999660849712027,1.2980869111976663,5.674061264393515e-06,3.2452087669022687,5.999876070680259,1.9999567988729983,32.0,0.07597816196542312,1.9999662556453943,0.0014180269687311434,3.243790739995301,3.2452087669022696,1.6987924322047327,0.09914882492443586,4.098257843125178,10.325,1.6638621637870314,0.11227280976978796,3.9912461948128963,10.2125,0.6381668995451177,0.673097167962819,0.034930268417701305,2.342243281138467,2.2301329766650375,2.198990232602585,0.1121103044734303,0.14325304853588275,S_post_acc
3.59,3.0,45951.0,2198.0,2.2883099001305456,0.009699051728414869,5.706226172733743,5.947249764258923,1.9791835708435028,5.094693504117109,0.2733126891406855,1.9953961797510624,2.774551768501906,0.15544454815626363,0.00348124932212083,0.39104711048776086,1.6970183265546328,1.0,14.0,2.3081082144807925,0.05042158921899644,5.694638152373487,4.171974522292993,1.4547770700636942,0.32271762208067944,5.702211657383898,14.0,2.3570087918578637,0.003802551222357661,5.886818152811122,4.375796178343949,1.8848043676069153,0.24601910828025478,5.981918850038293,14.0,2.3114110494353324,0.017702136644221506,5.751974418621998,4.643312101910828,2.265392781316348,0.28343949044585987,5.895121046348042,1.0,2.2883099001305456,0.009699051728414869,5.706226172733743,5.094693504117109,2.774551768501906,0.2733126891406855,5.947249764258923,14.0,2.2411292335057644,0.0015187915388272628,5.600544896456169,5.839743589743589,3.8621855352624586,0.22211538461538455,5.99255430571462,14.0,2.1940078749976064,0.002751398730164156,5.4808925893987706,6.564102564102564,4.528099446849446,0.22337278106508876,5.983850890479416,14.0,2.093698527383493,0.0008484701242086348,5.23297361327242,8.206451612903226,5.641046408788345,0.1946774193548387,5.995707969502647,14.0,2.0157260559718133,0.0006581855421667575,5.038327861616283,9.532467532467532,6.271237420588069,0.17707292707292704,5.996699200009465,14.0,1.8765356453348456,0.0004128020826975492,4.690719910213066,12.25,7.059381408065618,0.1485323886639676,5.9979300380024645,14.0,1.7793857566248092,0.00031186956077575563,4.4479965872208584,14.533333333333333,7.721976810713652,0.12961538461538463,5.998401937335142,13.0,1.6895130908497407,0.00019356409462311925,4.2234923809824165,17.088607594936708,9.362765929801887,0.11631775397598185,5.999039783785735,13.0,1.6390651156842482,0.00013329865347090828,4.097462841230414,18.954545454545453,11.221750829676072,0.10817307692307693,5.999376857162948,12.0,1.5833315266166517,9.118472003333829e-05,3.9581920394615797,21.424050632911392,14.839710398225012,0.10152953586497888,5.999575614266973,1.4711321154669188,5.225886241078115e-06,3.6778224498379353,5.999973273346049,1.9999893491532692,28.0,0.08917197452229299,1.999998058961403,0.05071762445961053,3.620953667971948,3.671671292371153,1.7808278133267876,0.1155758073842279,4.278705822240627,9.4125,1.7578657887930444,0.14122943626792955,4.182820317580718,9.3625,0.507482086803758,0.5304441113375011,0.022962024533743186,2.309036672852143,2.1789744117247762,2.1802116299043544,0.13006226112736685,0.12882504294778951,S_post_acc
3.59,4.0,45968.0,2198.0,2.309964185129971,0.00754556168771685,5.763592120293352,5.950558116236946,1.981004184849743,4.853156450137237,0.28168766274896195,1.993561738138529,2.883960784818516,0.14528314159488168,0.0037289845060966315,0.3656718124567457,1.59279358649894,0.9478499542543458,14.0,2.313413980122427,0.0654604891398824,5.685344216596242,4.191082802547771,1.4477707006369427,0.3248407643312102,5.6850024674373785,14.0,2.354700531690148,0.00340036866877319,5.8816507762222106,4.401273885350318,1.878313618441007,0.24681528662420382,5.983195194608239,14.0,2.3202594592787484,0.02339500123146386,5.765556146349676,4.585987261146497,2.293574967141846,0.2859872611464968,5.887063395447973,1.0,2.309964185129971,0.00754556168771685,5.763592120293352,4.853156450137237,2.883960784818516,0.28168766274896195,5.950558116236946,14.0,2.286512265083646,0.001293159677985455,5.714340923192136,5.384615384615385,4.15914640914641,0.23237179487179488,5.993261844779447,14.0,2.2529826573559126,0.003629724786689972,5.627012056209747,5.903846153846154,5.085998723498723,0.23964497041420119,5.982392415793223,14.0,2.194916204274724,0.0005707926268417995,5.486434321746547,7.0,6.851765796927086,0.2158064516129032,5.996964735997073,14.0,2.1472214532635903,0.00045414947379954326,5.367372408948276,7.922077922077922,8.030174659395438,0.20579420579420576,5.997600209175754,14.0,2.0640197458392096,0.0004983423542040604,5.159301851066718,9.605263157894736,9.917637551432056,0.1907051282051282,5.997460305656625,14.0,1.9991032639429684,0.0002211493299900802,4.997426435862436,11.16,11.356417395240923,0.17653846153846153,5.9987754374188125,13.0,1.8999272135387382,0.0001480875499476858,4.749595902521923,14.025316455696203,13.289251632756336,0.15952612788055825,5.999158382975124,13.0,1.8278973216741994,0.0001098210425133866,4.569578572621727,16.22077922077922,14.643570284238917,0.14772727272727273,5.99934572526558,12.0,1.7270332296321782,5.9999182829791846e-05,4.3174930753062,19.746835443037973,17.80140108292451,0.13258682246024017,5.999574144400809,1.3407758370735934,2.687783819510514e-06,3.3519355610082537,5.9998235123313215,1.9999402748491673,32.0,0.0632393084622384,1.9999447544875473,0.022557122107317147,3.32182476810208,3.3443818904697045,1.6769234857959368,0.1280313820017415,4.0002616414872305,9.75,1.672203905041283,0.11037553427360476,4.0149464611928,10.2125,0.6330406993340341,0.6377602800886879,0.00471958075465384,2.3100887714646317,2.164204641377659,2.1727410708824295,0.14588413008697265,0.13734770058220236,S_post_acc
3.59,5.0,45985.0,2198.0,2.3402201672187473,0.010857309260636959,5.834264454155913,5.947231915100368,1.97879153527991,4.542543458371455,0.2929129425012316,1.997179059621401,3.002839201055121,0.11403297142602685,0.004688938093215343,0.28906941311586476,1.2324789356390216,1.0,14.0,2.317245576562062,0.07096529955566759,5.686665992071653,4.178343949044586,1.4528662420382166,0.32271762208067933,5.677533770759917,14.0,2.3632387617083,0.002888481591373392,5.903764181883689,4.32484076433121,1.899302396117683,0.2484076433121019,5.985947237937841,14.0,2.3408931587126927,0.024838438700373795,5.814975238731167,4.388535031847134,2.3588868668486507,0.29044585987261146,5.886215157195606,1.0,2.3402201672187473,0.010857309260636959,5.834264454155913,4.542543458371455,3.002839201055121,0.2929129425012316,5.947231915100368,14.0,2.3335649176153312,0.0009358210589130914,5.832508562449959,4.833333333333333,4.451525326525327,0.24294871794871797,5.995223906532499,14.0,2.3220758588017567,0.004016031990992985,5.799165599017904,5.012820512820513,5.650931938431938,0.2546844181459566,5.981509831510753,14.0,2.3040149675016885,0.00048448448939660075,5.759310692020125,5.483870967741935,8.20569287343481,0.23693548387096774,5.9975738385681705,14.0,2.2893568432298976,0.0003191636663756282,5.722913362575179,5.837662337662338,10.24096250070276,0.2342657342657343,5.998400543101531,14.0,2.2615220196437535,0.0005782312934385446,5.652937702169226,6.559210526315789,13.93225535429483,0.23245614035087717,5.997314575932542,14.0,2.23812990827211,0.00017033392120655578,5.595069269798464,7.26,16.818843674843677,0.22487179487179484,5.999165025668649,13.0,2.2066006807678296,0.00011437608486661134,5.516330137792275,8.373417721518987,21.288456901748038,0.21965271015903926,5.999441952953653,13.0,2.1887036095813865,8.353305310926373e-05,5.4716337243738025,9.077922077922079,25.481179138322,0.21675199800199801,5.999594180379341,12.0,2.1678476749483164,4.8135590652891356e-05,5.4195469839848105,10.189873417721518,33.324895481783045,0.21417559234014932,5.99976161318671,1.7172708320629113,8.884215594306966e-06,4.293163753833887,5.999960656166818,1.9999839239837414,26.0,0.1278434940855323,1.9999987308577736,0.003167963827476477,4.276821652165362,4.281284964148468,1.8460509953770718,0.17353969771160888,4.354817941875266,8.2,1.8861802371451397,0.16004082832386948,4.4753893503770446,7.95,0.4941691718416754,0.45403993007360754,-0.04012924176806787,2.3576463861658805,2.2601967940155334,2.228769081715381,0.09744959215034718,0.1288773044504992,S_post_acc
3.590834,0.0,45908.0,2198.0,2.3871530370059855,0.006076111747553713,5.958768424893633,5.956799942873461,1.9835746103753034,4.017840805123513,0.30730522908016045,1.9937123330239832,3.238502592253736,0.013298053233129594,0.0010210025634593786,0.034529565505476194,0.13578447584063202,1.0,14.0,2.318952168349,0.03169371332347663,5.7498398508872866,4.006369426751593,1.4980891719745222,0.3333333333333333,5.720916327472037,14.0,2.398387890255448,0.0002376594513973407,5.995613236461523,4.012738853503185,1.9949044585987261,0.25,5.998869928111163,14.0,2.370319536728012,0.011179143004652288,5.909030127313051,4.012738853503185,2.4936305732484074,0.3,5.901054274264478,1.0,2.3871530370059855,0.006076111747553713,5.958768424893633,4.017840805123513,3.238502592253736,0.30730522908016045,5.956799942873461,14.0,2.3975994414334,8.798885755719373e-05,5.9938666202971635,4.032051282051282,4.97008547008547,0.25,5.999563376832237,14.0,2.3938060832346384,0.0016539499590890966,5.982034283147963,4.032051282051282,6.461111111111111,0.2692307692307692,5.985362121547018,14.0,2.397546536927455,3.503176116291412e-05,5.993813794676892,4.051612903225807,9.905376344086022,0.25,5.999825170128818,14.0,2.397179589933126,2.8644388382951087e-05,5.992906008250239,4.071428571428571,12.831168831168831,0.25,5.9998569370920825,14.0,2.396257868708752,0.00019779096989151098,5.990347985317041,4.1118421052631575,19.10657894736842,0.2564102564102564,5.998304316026314,14.0,2.396380538678886,1.5347584188774023e-05,5.990928325320931,4.153333333333333,25.283555555555555,0.25,5.999923283351354,13.0,2.3960714145527877,1.0132955585830124e-05,5.99016333694859,4.227848101265823,37.403797468354426,0.25,5.999949341451075,13.0,2.395720115455459,7.796294060811806e-06,5.989288594197555,4.311688311688312,49.0961038961039,0.25,5.9999610212155865,12.0,2.3952947780484095,5.487697407714782e-06,5.988228713574912,4.493670886075949,71.12151898734177,0.25,5.999972562341284,2.3959369512049373,8.958621666721456e-07,5.989841034219093,5.999995520676301,1.9999982082713783,7.0,0.2502274795268426,1.9999997013740014,7.74370298115286e-07,5.9855963525711475,5.985607228249654,2.254370919086154,0.079320864466293,5.5169460010159455,3.9875,2.223343058532607,0.10343214072177861,5.403209435248849,3.8875,0.1327821179198314,0.16380997847337841,0.031027860553547004,2.3862205790869697,2.2387723856640047,2.2241277952800598,0.1474481934229656,0.1620927838069098,S_post_acc
3.590834,1.0,45925.0,2198.0,2.356984885770246,0.008411963961759219,5.879844268482976,5.951999279877729,1.9811957719719901,4.347209515096066,0.2972059961995918,1.9953587803426023,3.0932203851348405,0.09580425678683781,0.003962102047951285,0.24317362446688964,1.0202586494716088,1.0,14.0,2.3166246855153245,0.04851175325591034,5.718794083904445,4.10828025477707,1.4719745222929939,0.32590233545647557,5.70608282844786,14.0,2.378315530675161,0.0022577647882748102,5.942402179505489,4.1847133757961785,1.9427358204428267,0.2484076433121019,5.989264317203204,14.0,2.3494143766412177,0.018625097016658147,5.845598296078055,4.24203821656051,2.408932362754019,0.29235668789808916,5.889489405291809,1.0,2.356984885770246,0.008411963961759219,5.879844268482976,4.347209515096066,3.0932203851348405,0.2972059961995918,5.951999279877729,14.0,2.3546326438769896,0.0005983242313889014,5.88568412334539,4.538461538461538,4.640415140415141,0.24294871794871795,5.997030962559621,14.0,2.3419982705504254,0.002905729809532611,5.850637081661764,4.666666666666667,5.9257936507936515,0.2576429980276134,5.982868529061127,14.0,2.329432638725458,0.0003069059638178427,5.823121237867918,4.95483870967742,8.768663594470047,0.23870967741935484,5.998469294405786,14.0,2.3181952636914853,0.00019369703565747903,5.795197613675226,5.1688311688311686,11.083766233766234,0.23613886113886112,5.999025974191373,14.0,2.3007244121126846,0.0003785754390827301,5.751243167123087,5.493421052631579,15.942105263157893,0.23608299595141696,5.997804943863957,14.0,2.286660718995495,8.90164561422028e-05,5.716518272804524,5.766666666666667,20.447555555555553,0.22878205128205129,5.999548034547382,13.0,2.2633768980007254,5.481177627548121e-05,5.6583600273374,6.158227848101266,29.13598553345389,0.22464297306069453,5.999717764080297,13.0,2.2440272825718823,3.785991028516987e-05,5.610011416564277,6.487012987012987,37.27631416202845,0.2212162837162837,5.9998055538504635,12.0,2.2222970613930344,2.578220507824855e-05,5.555703980174968,6.89873417721519,53.803074141048825,0.21713729308666016,5.999869800472342,1.7927372766877456,2.687593919858955e-06,4.481839160328484,5.999988353766106,1.9999952220573955,18.0,0.13876251137397635,1.9999997013740014,0.001585118206695389,4.476576642762542,4.47901065493662,1.9020517526897733,0.11874097279626868,4.577017922530031,7.575,1.867271130892861,0.12671026947756175,4.47811242301581,7.75,0.45493313308047245,0.4897137548773849,0.034780621796912436,2.3525386388096607,2.1986587285747627,2.208218843702127,0.15387991023489825,0.1443197951075342,S_post_acc
3.590834,2.0,45942.0,2198.0,2.3565027170276815,0.008748550646692893,5.878133966599165,5.951592258340441,1.9809479025645824,4.3559011893870085,0.2971708072348511,1.995700756083847,3.087464601577136,0.09550487568437196,0.003822741976985162,0.24216654005733107,1.0228650527457193,1.0,14.0,2.31395934655081,0.053630579684005086,5.70445249685102,4.13375796178344,1.4656050955414015,0.3237791932059448,5.696851153844691,14.0,2.3757677599745235,0.0022577647882748783,5.936032752753897,4.210191082802548,1.935213830755232,0.2484076433121019,5.989264317203204,14.0,2.3494793151030904,0.019486804436474364,5.844468081103013,4.254777070063694,2.400894752805581,0.29235668789808916,5.890388376661162,1.0,2.3565027170276815,0.008748550646692893,5.878133966599165,4.3559011893870085,3.087464601577136,0.2971708072348511,5.951592258340441,14.0,2.3529027104670166,0.0006368658296444493,5.881301477423074,4.57051282051282,4.60515873015873,0.24358974358974358,5.996848292734041,14.0,2.3454112270686003,0.0030175332924708975,5.859001767732794,4.67948717948718,5.895039682539682,0.2593688362919132,5.983005023803057,14.0,2.3358327382355966,0.0003029306397891788,5.8391274496293075,4.980645161290322,8.682642089093703,0.24161290322580647,5.998490200141601,14.0,2.326892887132029,0.00024588223567123535,5.816863394476565,5.181818181818182,10.954329004329004,0.23976023976023975,5.998774792938773,14.0,2.311460505140562,0.0004347007885718904,5.777999211668546,5.565789473684211,15.587171052631579,0.24122807017543862,5.997607896214018,14.0,2.2987994815493593,0.00012501704638449832,5.7468111783038225,5.88,19.88711111111111,0.23397435897435898,5.999375691357644,13.0,2.278405729213245,8.990867507255342e-05,5.695879460020503,6.3164556962025316,28.101627486437607,0.23048523206751054,5.999550819209083,13.0,2.2586791491315195,7.530319403273563e-05,5.646584918037749,6.707792207792208,36.055905998763144,0.22661713286713286,5.999622471651866,12.0,2.2216299124738734,5.5821527768466265e-05,5.553991048893031,7.379746835443038,50.881012658227846,0.21865871470301848,5.9997195372995,1.7383836314818397,7.167124319806817e-06,4.345948328018119,5.9999623732356095,1.9999850687037632,20.0,0.11737943585077343,1.9999970137889824,0.0013088374240570614,4.333405897659317,4.338800517976209,1.883499907208919,0.11305847656483285,4.539162053175048,8.025,1.8569926938273316,0.1248921622987558,4.455143491120195,8.1875,0.47300280981876264,0.49951002320035,0.026507213381587347,2.350862549218908,2.2245437530402175,2.248124775504255,0.12631879617869013,0.10273777371465424,S_post_acc
3.590834,3.0,45959.0,2198.0,2.359518812604609,0.007685784246883067,5.887268355141197,5.953310145731072,1.9818747871613966,4.327538883806039,0.29847279893025547,1.994784403933322,3.104957000405308,0.09443731922797946,0.003156305471872594,0.23889400349147408,1.060710235051211,1.0,14.0,2.3141481355466325,0.043502986324483975,5.720115859379856,4.095541401273885,1.4738853503184712,0.32908704883227174,5.709027543746421,14.0,2.3800066526463297,0.0010694675312880899,5.948412430318892,4.1847133757961785,1.9461328480436757,0.24681528662420382,5.9949146765608265,14.0,2.349631118343385,0.015493525335904581,5.850837507854606,4.248407643312102,2.4089576382570015,0.29554140127388534,5.896730592262588,1.0,2.359518812604609,0.007685784246883067,5.887268355141197,4.327538883806039,3.104957000405308,0.29847279893025547,5.953310145731072,14.0,2.356228849317373,0.0004925307158944956,5.889833327219591,4.544871794871795,4.654601452678376,0.2442307692307692,5.997554939385622,14.0,2.3449329426804955,0.002426497175920882,5.858692610937357,4.6923076923076925,5.95876924001924,0.25986193293885596,5.984009798326995,14.0,2.3338402597096413,0.00024120861540013615,5.834238836351003,5.0,8.865037471489085,0.2396774193548387,5.998832079137819,14.0,2.324463502090511,0.00018160193670792212,5.810886352321215,5.214285714285714,11.237621715352807,0.2381368631368631,5.999121191404446,14.0,2.3076764196117674,0.0003180384163367312,5.768713991404913,5.690789473684211,15.981861823676839,0.2408906882591093,5.997996639449503,14.0,2.2933428706321086,8.300332962807152e-05,5.733232671585829,6.193333333333333,20.080941798941797,0.23429487179487182,5.999599423144274,13.0,2.266933018064496,5.086260405551128e-05,5.667256251255156,7.1455696202531644,26.85633545890041,0.23097208698474522,5.9997555003249206,13.0,2.2465616818157157,3.638635253724407e-05,5.616349625010482,8.019480519480519,33.01142273149465,0.22733516483516486,5.999824586069266,12.0,2.2185871309216774,2.7064587982474935e-05,5.5464272304222195,9.424050632911392,43.94572031344183,0.22125527426160338,5.999871062407276,1.872426808895272,4.628626992797535e-06,4.681060079297691,5.999979245837391,1.9999915390701328,28.0,0.17561419472247497,1.9999992534435513,0.004709784903795999,4.652245330182115,4.656955108595738,1.9538363511748522,0.12072841184755648,4.703498260165796,6.925,1.9428804910875492,0.11519280108190288,4.684412026096019,6.925,0.4056824614297567,0.4166383215170597,0.010955860087302982,2.3714302490021684,2.2336175840420553,2.225233315104628,0.1378126649601132,0.1461969338975406,S_post_acc
3.590834,4.0,45976.0,2198.0,2.3726526380233035,0.0073800208683766294,5.920561563755695,5.954424778665527,1.98234825259905,4.178408051235133,0.3022380181575058,1.9947423747050113,3.168880974164597,0.06967212813093436,0.0029743649862565896,0.17689025184095789,0.744120246021448,1.0,14.0,2.3212850868519923,0.04319329618031281,5.738422772859513,4.031847133757962,1.4917197452229298,0.33121019108280253,5.707323440090452,14.0,2.3918098451934298,0.0008318080798907378,5.978276900863739,4.070063694267516,1.9780406430087958,0.25,5.996044748432351,14.0,2.3637953285276567,0.015079979664132138,5.886868351822941,4.101910828025478,2.463072490142554,0.2974522292993631,5.8971456736946815,1.0,2.3726526380233035,0.0073800208683766294,5.920561563755695,4.178408051235133,3.168880974164597,0.3022380181575058,5.954424778665527,14.0,2.378208190971561,0.00035530148546136217,5.944987525200711,4.243589743589744,4.835622710622711,0.2471153846153846,5.998245486815484,14.0,2.3691322769871,0.002314798946102041,5.9193584940485975,4.339743589743589,6.2005952380952385,0.2638067061143984,5.984366557914059,14.0,2.3645262736370793,0.00012280658900994264,5.911131474209182,4.47741935483871,9.370506912442398,0.24419354838709673,5.999387622406279,14.0,2.3595982272112934,8.072509453385776e-05,5.898874480386432,4.571428571428571,12.03243661100804,0.24263236763236762,5.9995968227455245,14.0,2.3520965813295103,0.00027312143117969327,5.879831771177004,4.7894736842105265,17.5249530075188,0.2479757085020243,5.998172725780263,14.0,2.3464308383038786,3.670449999682764e-05,5.8660220390096995,5.013333333333334,22.712444444444444,0.24198717948717946,5.999821873793216,13.0,2.3348071785019844,2.5614346731774198e-05,5.836979524734862,5.436708860759493,32.13915009041592,0.24034404414151253,5.999878699159814,13.0,2.3245228931541106,1.976207691857145e-05,5.811277589769897,5.785714285714286,40.791218305504024,0.23863636363636365,5.999906828072825,12.0,2.3046392899606882,1.32269569310054e-05,5.761578384466323,6.417721518987341,56.97745629897529,0.23496835443037975,5.999938370235257,2.00981232474753,4.031394201575722e-06,5.024524764777523,5.999981634786359,1.9999925344640523,14.0,0.1824385805277525,1.9999992534435511,0.0004800520654770699,5.018532845569779,5.021693876925076,1.9882911028224988,0.1258256743720983,4.7819892454981,6.1875,1.980013644791733,0.12275717009603788,4.765898356835274,6.2875,0.38436153520080474,0.3926389932315706,0.00827745803076585,2.376418680286461,2.206781576890202,2.23297622111836,0.16963710339625987,0.14344245916810103,S_post_acc
3.590834,5.0,45993.0,2198.0,2.2788024746365916,0.009822710246654268,5.682272121221498,5.946555775492066,1.9789110217484702,5.200365965233303,0.2704623829966923,1.9953152218093742,2.7373036831522652,0.1629133840858083,0.003632553042902824,0.40992589032534255,1.7884758300592793,1.0,14.0,2.29195092721294,0.04897048411227814,5.656421591863932,4.286624203821656,1.4229299363057324,0.31847133757961776,5.703659680565986,14.0,2.3375481981969104,0.004698370449575391,5.836822939817912,4.554140127388535,1.8350015165301787,0.24363057324840764,5.976980957372907,14.0,2.2967805124340455,0.017530031454668395,5.71565623390311,4.789808917197452,2.2266201597411786,0.2802547770700637,5.892947707531869,1.0,2.2788024746365916,0.009822710246654268,5.682272121221498,5.200365965233303,2.7373036831522652,0.2704623829966923,5.946555775492066,14.0,2.2289004799245893,0.0018383153381764262,5.569493726804207,6.07051282051282,3.7617720598489828,0.2221153846153846,5.990614645978839,14.0,2.1841639368585297,0.0028975519669022657,5.456063514195971,6.756410256410256,4.515730103230103,0.22312623274161736,5.983208181751332,14.0,2.0962620740657005,0.0009101947681456682,5.239289893012031,8.387096774193548,5.8681817444625795,0.19516129032258064,5.995295690877101,14.0,2.0311961306969772,0.000673238258869083,5.076980469354139,9.688311688311689,6.728275938474564,0.18194305694305696,5.996464962294209,14.0,1.9142058559919302,0.0004539816958584011,4.784833667436038,12.342105263157896,7.885144814347296,0.16244939271255063,5.997626422275868,14.0,1.833003379114179,0.00031728002282178496,4.582032527751215,14.293333333333333,8.772944428808207,0.14711538461538462,5.998364379616985,13.0,1.7394311579282036,0.00020729267715063963,4.3482669558047835,17.11392405063291,9.651312884187044,0.13307367737747486,5.998962968822618,13.0,1.682548757581704,0.0001518305930579779,4.206144148064672,19.24025974025974,11.0189791619127,0.1259677822177822,5.9992530580880805,12.0,1.6215175869687148,8.973586618744463e-05,4.053659363622506,21.436708860759495,14.835768936082964,0.1189143135345667,5.999577057529702,1.5108568833501115,9.406734475803091e-06,3.7771280982735647,5.99994400798303,1.9999782004161848,28.0,0.1005459508644222,1.9999938782634998,0.025927033491344426,3.743391731339841,3.7693187648228976,1.7687360580325175,0.13587813016159378,4.218022949838903,9.1125,1.7809343318325488,0.13647658232781046,4.247620956089657,8.975,0.510066416604074,0.4978681428040428,-0.012198273800031245,2.2703251926751715,2.1673405936837518,2.179533859834081,0.10298459899141983,0.09079133284109132,S_post_acc
3.594946,0.0,45949.0,2198.0,2.3395478206022817,0.010753735687841276,5.832738947973943,5.948148371838148,1.9791315453834353,4.5498627630375115,0.29111830529945815,1.9973624582699385,3.005857721113897,0.1187826325975208,0.0036792526975740194,0.29996621432718157,1.2834838223544593,1.0,14.0,2.327222517687646,0.07148958041100284,5.710821923602612,4.114649681528663,1.4694267515923567,0.32696390658174096,5.679025278164619,14.0,2.3712696551351002,0.002733083691069537,5.924074512301147,4.248407643312102,1.9224749772520473,0.2484076433121019,5.987004173460155,14.0,2.342329115628033,0.025325022945402474,5.817835254651977,4.375796178343949,2.363891416439187,0.2898089171974522,5.886314601681993,1.0,2.3395478206022817,0.010753735687841276,5.832738947973943,4.5498627630375115,3.005857721113897,0.29111830529945815,5.948148371838148,14.0,2.3234524532527425,0.000809290603100401,5.807417197227205,4.910256410256411,4.424464424464424,0.2387820512820513,5.9958431995085295,14.0,2.3061284724929707,0.0039593677999957815,5.759382129532434,5.173076923076923,5.566738816738817,0.25,5.981897265903787,14.0,2.277546956507474,0.000388977443053702,5.6932839251041045,5.709677419354839,8.04692082111437,0.22919354838709682,5.9980021255192035,14.0,2.2565535634263014,0.0002789412195850162,5.640965496736375,6.116883116883117,9.981832237027042,0.22477522477522477,5.9985659400698985,14.0,2.220320681993663,0.0005273216124480617,5.550010722565485,6.901315789473684,13.795356738137208,0.22351551956815116,5.997524901315951,14.0,2.1924564515012275,0.00014200762881201237,5.480928117309852,7.566666666666666,17.144566264145215,0.2160897435897436,5.999249470110226,13.0,2.14869205106577,9.687683778347863e-05,5.3715848124077485,8.79746835443038,22.757640144665462,0.20938818565400846,5.999486528114408,13.0,2.1178781865661676,7.463728147376499e-05,5.294583510493208,9.844155844155845,27.447928262213978,0.20410839160839161,5.999599194207737,12.0,2.073227541194504,5.9656856528511325e-05,5.182979367701466,11.632911392405063,34.25067573998287,0.19977280103862388,5.99969295436764,1.8471361101951318,1.1348087411988672e-05,4.617823253356711,5.999925940739976,1.9999715308841879,28.0,0.1869881710646042,1.999990444127154,0.0001725201545720121,4.608694664707689,4.6088675105791435,2.0137849132034518,0.1410502938539851,4.822886842227651,6.825,1.9806973167901365,0.17526666730247295,4.688843291021631,6.725,0.32576290739882996,0.3588505038121452,0.03308759641331527,2.343947828778933,2.217644169175537,2.2263743891918435,0.126303659603396,0.11757343958708949,S_post_acc
3.594946,1.0,45966.0,2198.0,2.3113332846459347,0.008050651933066094,5.766257233715238,5.9484501050888845,1.9801331510519395,4.820219579139982,0.2815117179252587,1.9935119107053114,2.8816918531808744,0.13708085778366563,0.004608029442899208,0.3454318485663574,1.4604180263894648,0.9373284537968893,14.0,2.31371432293377,0.06791073317588811,5.682419707570592,4.191082802547771,1.4484076433121018,0.3237791932059448,5.68057454574511,14.0,2.3544076259572737,0.003994517297266598,5.880027288947284,4.388535031847134,1.8780103124052165,0.25,5.978566939685407,14.0,2.319231214262194,0.024341413467775855,5.761565915453821,4.585987261146497,2.280558083105854,0.28662420382165604,5.884952753279458,1.0,2.3113332846459347,0.008050651933066094,5.766257233715238,4.820219579139982,2.8816918531808744,0.2815117179252587,5.9484501050888845,14.0,2.2828341794474376,0.0015605603257992636,5.704744608129895,5.384615384615385,4.099775224775224,0.23365384615384613,5.991525296903739,14.0,2.2461023529910804,0.0038165380390947664,5.609531075419059,5.910256410256411,4.961002886002886,0.23841222879684418,5.98187494324882,14.0,2.1840408046456234,0.0007504530274417622,5.458976332072895,6.987096774193549,6.669046365820559,0.21274193548387096,5.9958741173257115,14.0,2.1378913300051545,0.0006061004795283915,5.3438191742935945,7.792207792207792,7.951405486074378,0.20342157842157843,5.9966356387468505,14.0,2.0531531163942263,0.0005796839114931475,5.132013265118325,9.43421052631579,10.135400596137856,0.18741565452091768,5.996947454359237,14.0,1.9829450902812178,0.0002823981695257179,4.956939128448756,11.0,11.67480943374738,0.17198717948717948,5.998281463745089,13.0,1.8685075816277368,0.00018282899962059854,4.670994710569911,14.0,13.363917610319625,0.1529535864978903,5.998786851497039,13.0,1.782164213559145,0.00012519281257477495,4.455222744679,16.655844155844157,14.035035587571892,0.13889235764235763,5.999058059383059,12.0,1.6514853172682114,7.636053335957627e-05,4.12859875237049,20.936708860759495,15.832558178362444,0.11518175916910094,5.999281670006663,1.3079843107410922,7.69056558613812e-06,3.269949241004351,5.99967516452635,1.9998891579869211,32.0,0.07279344858962693,1.9999019756140526,0.03341494337145419,3.236534297630281,3.269949241004351,1.6520282240373738,0.11226702473497838,3.961670022990968,10.1,1.6644507780742317,0.11284551152956099,3.991858677891237,10.1875,0.6593050606085609,0.646882506571703,-0.01242255403685788,2.3443047722436856,2.2020507575784043,2.171274358542727,0.14225401466528115,0.17303041370095792,S_post_acc
3.594946,2.0,45983.0,2198.0,2.3274649652345634,0.0076792094254710865,5.807143598948201,5.951238507575051,1.9811864327165265,4.660567246111619,0.2865437398831726,1.9939712258385205,2.9647843947249255,0.13192597729714245,0.0031832206860586,0.3321210227984819,1.424549638567351,0.9661482159194876,14.0,2.3174305117522964,0.06932385218895755,5.689590501097304,4.178343949044586,1.4515923566878979,0.3248407643312102,5.681189802157178,14.0,2.3564964083143862,0.0033492620374552485,5.886217127729782,4.375796178343949,1.8877161055505005,0.24761146496815287,5.981869480494057,14.0,2.3294758671730174,0.024830420962051524,5.786444036489466,4.503184713375796,2.326610049539986,0.2872611464968152,5.885634879405914,1.0,2.3274649652345634,0.0076792094254710865,5.807143598948201,4.660567246111619,2.9647843947249255,0.2865437398831726,5.951238507575051,14.0,2.302211803742481,0.0012014699667939617,5.75372730440601,5.1923076923076925,4.263542013542014,0.23525641025641028,5.993566709025196,14.0,2.2738913308182127,0.0037974788751690166,5.679032108732778,5.583333333333333,5.328050190550191,0.24383629191321501,5.982224747238735,14.0,2.2211511849824093,0.0005490804048174788,5.552054341848797,6.509677419354839,7.369975544169093,0.21870967741935482,5.997038585685074,14.0,2.176922918903162,0.0004211693110943124,5.441675543291264,7.3311688311688314,8.724890837877851,0.2104145854145854,5.997716395725286,14.0,2.0903929004718713,0.00044909736241239315,5.225308605136058,9.052631578947368,10.933014007982948,0.1955971659919028,5.997790657944408,14.0,2.014145214716907,0.0001801840002277603,5.035092760791927,10.586666666666666,12.646056452479982,0.1789102564102564,5.998971245417556,13.0,1.9009613126086806,0.00010912640174902452,4.752239591919076,13.151898734177216,15.030534272766731,0.15518500486854916,5.999353876594919,13.0,1.8212703132139265,7.591298233576228e-05,4.553061913561312,15.428571428571429,16.403113917357068,0.14179570429570432,5.9995199917953075,12.0,1.7019914807313767,4.313124928774872e-05,4.254914004954511,19.164556962025316,18.15637035503908,0.12621713729308667,5.999687548897421,1.290889332761536,3.882226646823028e-06,3.2272175085638697,5.999883237954426,1.999959785242593,32.0,0.0646041856232939,1.9999662556453943,0.0007206888228715932,3.2264968197060524,3.2272175085638706,1.6523868498201129,0.10938471449656069,3.9668900528054416,10.2625,1.6718246598496749,0.10907152052081873,4.015954368842958,10.4625,0.6750781154144505,0.6556403053848885,-0.01943781002956202,2.3137158717556208,2.1755025347826886,2.1796243315338404,0.13821333697293292,0.1340915402217807,S_post_acc
3.594946,3.0,46000.0,2198.0,2.3544554041143173,0.009250249281836268,5.872263136363039,5.95093639948894,1.9805620500690346,4.379231473010064,0.2965022169047787,1.996193276432859,3.0767530388184547,0.09864451575848826,0.003997717833740706,0.24984676144351356,1.0488125793327574,1.0,14.0,2.320036370652532,0.05702875148529817,5.714547799403384,4.1210191082802545,1.4668789808917198,0.32802547770700635,5.697556441742753,14.0,2.3764442087629916,0.001782445885480095,5.938436853079258,4.210191082802548,1.9351531695480741,0.24761146496815287,5.991524460946253,14.0,2.3526844639897986,0.020790598226708448,5.850525262634431,4.24203821656051,2.4118895966029723,0.29426751592356687,5.890262294381867,1.0,2.3544554041143173,0.009250249281836268,5.872263136363039,4.379231473010064,3.0767530388184547,0.2965022169047787,5.95093639948894,14.0,2.3513306721351745,0.0006259601685981292,5.877387740085039,4.57051282051282,4.614468864468865,0.24294871794871797,5.996919576233333,14.0,2.3406278755454175,0.0032553003220257117,5.846686738380506,4.673076923076923,5.91984126984127,0.2583826429980276,5.982929522079085,14.0,2.3282299718107233,0.00027328381708940236,5.820165003801174,4.967741935483871,8.73394777265745,0.2401612903225807,5.998640750510573,14.0,2.317167270887087,0.00021196157165321545,5.792600234860237,5.214285714285714,10.999752628324057,0.23851148851148848,5.998944032592495,14.0,2.297935526966259,0.00045776090443493925,5.7441521760589955,5.677631578947368,15.460714285714285,0.24072199730094468,5.997622181806138,14.0,2.284895456744063,0.00011608496465060014,5.71206451441318,5.966666666666667,19.795492063492063,0.2339102564102564,5.999422028110962,13.0,2.2654096217474633,7.944451027468913e-05,5.663404887603245,6.531645569620253,27.423417721518984,0.23024180460889324,5.999605256919979,13.0,2.2481959086429533,5.996392247664828e-05,5.620399825723668,7.0064935064935066,33.98008658008658,0.22836538461538464,5.999702876496586,12.0,2.2251875044745604,4.222741284881297e-05,5.56290542006713,7.7594936708860756,44.64430379746835,0.22525154170723782,5.999792283124057,1.9333107345107798,1.5230150870237935e-05,4.833253991050644,5.999934600949608,1.9999731235995792,16.0,0.15423111919927207,1.9999985068925947,0.0005085523017453566,4.822313424812847,4.825703173073309,1.957034679737577,0.14077167136693908,4.681429192293534,6.675,1.9495418689495,0.1528882109629678,4.644522355929299,6.725,0.39742072437674025,0.4049135351648172,0.0074928107880769534,2.340593662657268,2.221772149660836,2.205223008543778,0.11882151299643279,0.13537065411349047,S_post_acc
3.594946,4.0,46017.0,2198.0,2.3511712909038995,0.009836027442007617,5.863174186096739,5.950319101148513,1.9801610245688346,4.420402561756633,0.29488352452670846,1.9968217555875554,3.0611165900278436,0.10445948529259962,0.0035212305711007866,0.26401181797485745,1.1209250782236486,1.0,14.0,2.328031851029853,0.06327741127906324,5.725163510656038,4.089171974522293,1.4764331210191084,0.32802547770700635,5.691315292729562,14.0,2.3795839409043493,0.0022486395863916034,5.945586892881286,4.171974522292993,1.9453442523506217,0.24920382165605096,5.9892654752612575,14.0,2.3535084641989634,0.02259686184862992,5.849875867724461,4.248407643312102,2.4094631483166515,0.2929936305732484,5.889629025939318,1.0,2.3511712909038995,0.009836027442007617,5.863174186096739,4.420402561756633,3.0611165900278436,0.29488352452670846,5.950319101148513,14.0,2.343523726535496,0.0007504934404450283,5.857683576178071,4.666666666666667,4.582417582417583,0.24134615384615388,5.996320829686428,14.0,2.3302751285028043,0.0035748246907170386,5.820325584220935,4.814102564102564,5.835119047619048,0.25394477317554237,5.982613317233629,14.0,2.3070181495385,0.00035543989282188243,5.767012214007017,5.2709677419354835,8.47188940092166,0.23516129032258065,5.99822796082136,14.0,2.2859952573992603,0.00026246408239032233,5.714594447374564,5.701298701298701,10.405225726654297,0.23176823176823177,5.99869687114796,14.0,2.2494764012911768,0.000484294925339354,5.622964560839932,6.480263157894737,14.042810150375939,0.22874493927125505,5.997661743514217,14.0,2.2190499301765767,0.00012641142973309982,5.547435208296841,7.193333333333333,17.11148917748918,0.2198717948717949,5.999366519889644,13.0,2.1630479740384154,8.596624542221411e-05,5.407490985727904,8.518987341772151,21.255392076278152,0.21003732554365462,5.99956727769693,13.0,2.112234006397574,6.508914326938567e-05,5.280487382279031,9.785714285714286,24.278351230299283,0.20098651348651347,5.999672440139093,12.0,2.0314853353842297,3.907374848813633e-05,5.078654727837841,12.069620253164556,29.50442216011836,0.18569457968192143,5.999805020354126,1.513224226956703,1.1198270826184853e-06,3.783058887651133,5.999995296711123,1.9999980589613469,28.0,0.09781619654231119,1.99999992533918,0.0008088475579467545,3.776240490396553,3.777049338910291,1.7721878501379351,0.15612276378060122,4.196285479673937,9.225,1.7598070060293403,0.14987714784011213,4.174701793313183,9.4875,0.5789834407659644,0.5913642848745593,0.012380844108594857,2.3754045705235853,2.2376153805357872,2.2483447566384243,0.13778918998779885,0.12705981388516155,S_post_acc
3.594946,5.0,46034.0,2198.0,2.34338540676885,0.010457632091441224,5.842777068784964,5.949065121209622,1.9795358297060603,4.506861848124428,0.29217397424167785,1.9972760679009984,3.021330908087541,0.11261831034728528,0.0034049830940799035,0.2843587755076394,1.20618963919025,1.0,14.0,2.3207416671131953,0.07113040447280929,5.695158561073776,4.1528662420382165,1.457324840764331,0.32802547770700635,5.677401790889703,14.0,2.3691940906087234,0.0034003686687732863,5.917884673518649,4.261146496815287,1.913739763421292,0.25,5.984107015490187,14.0,2.344281262260044,0.025069189834639617,5.82309937089815,4.343949044585988,2.369881710646042,0.2917197452229299,5.885399080617327,1.0,2.34338540676885,0.010457632091441224,5.842777068784964,4.506861848124428,3.021330908087541,0.29217397424167785,5.949065121209622,14.0,2.334033325479984,0.0009064224775854506,5.833723679983582,4.794871794871795,4.456603581603582,0.24134615384615385,5.995462721621449,14.0,2.318807698592344,0.0038490396640988626,5.7912456869847135,5.006410256410256,5.664606227106228,0.2532051282051282,5.982256276496983,14.0,2.294788863648639,0.0003388059249611751,5.736463950234156,5.509677419354839,8.174366851786207,0.23306451612903226,5.998297850242577,14.0,2.275681207730683,0.00025625308969396646,5.688818639692165,5.922077922077922,10.044353554093815,0.22989510489510495,5.99869285992575,14.0,2.243835522475005,0.0005010409591795188,5.608837244748743,6.7368421052631575,13.485032894736841,0.22950404858299597,5.9976450367226075,14.0,2.217444177140442,0.00011367601929409333,5.543439928822163,7.513333333333334,16.162804232804234,0.22076923076923075,5.999424694390258,13.0,2.1732444500407637,6.54920857255079e-05,5.433012886973319,8.734177215189874,20.530577420841755,0.21364816617981175,5.999659827364077,13.0,2.131983403075005,4.596743654213535e-05,5.3298895565327,9.909090909090908,24.01385160124656,0.20663711288711292,5.999754590333909,12.0,2.0660318574511636,3.206045977082521e-05,5.165031552938253,11.955696202531646,29.794218980063707,0.19423482635507952,5.999834829481773,1.7942290950265796,1.045177580927259e-06,4.485571169800077,5.999989996178703,1.999996317000374,22.0,0.16287534121929026,1.999998058961403,0.001446351413124882,4.48141291836706,4.482742664408215,1.9356055261992746,0.1512933579259369,4.612073778609281,7.4,1.9283726798419294,0.14273748258425542,4.60682547572844,7.6,0.4077798805695756,0.4150127269269208,0.007232846357345224,2.3342033125215194,2.219833162416543,2.203620200423589,0.11437015010497717,0.1305831120979306,S_post_acc
3.6,0.0,46000.0,2198.0,2.3647398110398044,0.009729886851708006,5.89725469732195,5.951166342727247,1.98047881862518,4.275388838060384,0.2991765782250686,1.9969923189258596,3.121050625190607,0.08307065166085902,0.0029084931463270107,0.20991441874748396,0.8845052062972284,1.0,14.0,2.3288124640802876,0.06457843302978857,5.725163510656038,4.089171974522293,1.4770700636942675,0.32696390658174096,5.690014270978838,14.0,2.3823458050365414,0.0016636161597814246,5.953369088351681,4.1528662420382165,1.9537761601455867,0.2484076433121019,5.9920894968820155,14.0,2.357670664680963,0.022947970930381967,5.859754705306834,4.210191082802548,2.423718531998787,0.29363057324840763,5.889866538183899,1.0,2.3647398110398044,0.009729886851708006,5.89725469732195,4.275388838060384,3.121050625190607,0.2991765782250686,5.951166342727247,14.0,2.361625491404659,0.0004809367925039985,5.9033423233228906,4.4743589743589745,4.689310689310689,0.2448717948717949,5.997566504263553,14.0,2.3483321228592096,0.003528078651574323,5.865538189170663,4.615384615384615,5.972492784992785,0.25813609467455617,5.983156787312892,14.0,2.3326759782979147,0.0002364387953752253,5.831335287551724,4.935483870967742,8.822231531908951,0.23903225806451617,5.998819902109445,14.0,2.3184061994040466,0.00017011980866764542,5.7957603187971145,5.2272727272727275,11.05657783774667,0.2368881118881119,5.999143356945352,14.0,2.290523832662469,0.0004283841081602273,5.725667005493932,5.809210526315789,15.370745044429256,0.23633603238866394,5.997933183405444,14.0,2.2652678496776875,8.051671390954122e-05,5.6630488491233555,6.366666666666666,19.067266955266952,0.2275641025641026,5.999593957946014,13.0,2.2197227349118203,5.423301471828132e-05,5.549225487757472,7.39873417721519,25.50881555153707,0.21802986043492367,5.999725120783094,13.0,2.177940202509841,4.104128142917069e-05,5.444788944352459,8.448051948051948,30.433209647495364,0.21072677322677325,5.999790048408048,12.0,2.1117023048391896,2.957393141763785e-05,5.279211401200848,10.284810126582279,36.93476080881145,0.19906280428432327,5.999842944876362,1.6510234832097193,1.1944823947729333e-06,4.127556916300706,5.999995222056074,1.9999980091912264,28.0,0.14422202001819837,1.9999999999942293,0.0004388109690184096,4.113969060232267,4.114407888178098,1.8874163017856245,0.15261324559549622,4.489620886070816,7.825,1.867221352692231,0.159660797457283,4.428562185544653,7.9875,0.4773235092541799,0.49751845834757336,0.020194949093393477,2.350824833970422,2.2320357723598376,2.2331203753890816,0.11878906161058486,0.1177044585813408,S_post_acc
3.6,1.0,46017.0,2198.0,2.3513570624784257,0.009772246576547447,5.863734286331244,5.949927956483307,1.9800519033022534,4.416285452881977,0.29474276866774585,1.9965700142647362,3.070240372619147,0.109024201293334,0.005539600201243154,0.2761672774913007,1.1767767003580898,1.0,14.0,2.326862058071286,0.061327756348119676,5.725163510656038,4.089171974522293,1.4764331210191084,0.32802547770700635,5.693268703050792,14.0,2.3778477001971186,0.0021389350625761797,5.941410847898931,4.191082802547771,1.9412192902638765,0.24920382165605096,5.989829353138966,14.0,2.3516849433630687,0.02252175811634107,5.845429721233157,4.261146496815287,2.408856536245071,0.2923566878980891,5.8879439197407075,1.0,2.3513570624784257,0.009772246576547447,5.863734286331244,4.416285452881977,3.070240372619147,0.29474276866774585,5.949927956483307,14.0,2.345697364887478,0.0010184369352719098,5.862715756815787,4.647435897435898,4.6082621082621085,0.24134615384615385,5.9951551055452725,14.0,2.331140035620601,0.0035454242956409524,5.822531952608042,4.794871794871795,5.880092592592593,0.2541913214990138,5.98230149827058,14.0,2.3074784113136304,0.0003979863147667496,5.768099048811926,5.27741935483871,8.529390681003584,0.2346774193548387,5.997988560901084,14.0,2.2858609132834813,0.0003194709141972546,5.714173076837406,5.746753246753247,10.435106163677592,0.23176823176823177,5.998387989081189,14.0,2.2500875469771473,0.0004970596317201338,5.624473277995287,6.565789473684211,14.09310776942356,0.2289136302294197,5.997516895855797,14.0,2.2211315559371045,0.0001488908912695308,5.552605553505856,7.286666666666667,17.269555555555556,0.21993589743589748,5.999226261712779,13.0,2.1681133113048165,9.111173256055818e-05,5.4201466106632,8.670886075949367,21.95981012658228,0.2102401817591691,5.999512472194835,13.0,2.118424712399064,6.327467695130154e-05,5.295966868982233,10.064935064935066,24.78204736440031,0.2026411088911089,5.99965861964972,12.0,2.0314478512740703,4.839974830005127e-05,5.078547028562725,12.531645569620252,28.912145871006633,0.18788542680947742,5.99974923806688,1.5271006094891078,5.897862487280747e-06,3.817742676929038,5.9999726013072605,1.9999889011482577,28.0,0.09963603275705187,1.9999987308577734,0.0007101924538839699,3.8110231955264693,3.811733389048169,1.77974132241884,0.15036158174293868,4.223810933432692,9.1875,1.7714232320433658,0.15369794760748898,4.198011158697182,9.25,0.5716157400595856,0.5799338304350599,0.008318090375474263,2.3851892223430204,2.247510656718463,2.2574335185880496,0.13767856562455824,0.12775570375497158,S_post_acc
3.6,2.0,46034.0,2198.0,2.3318756692438276,0.009376964258956948,5.8156237267211335,5.9504960101925946,1.9803730153112127,4.629460201280878,0.2883383770849462,1.9962184986647806,2.9788939915426647,0.12831952185217388,0.003553483762333625,0.3237437044481513,1.397269386955997,1.0,14.0,2.3145203462202417,0.05774337460062444,5.699685803649668,4.165605095541402,1.456687898089172,0.32271762208067933,5.696839940932282,14.0,2.363327624752264,0.0024954242396722018,5.904575925521152,4.3312101910828025,1.9031240521686381,0.24601910828025478,5.988134245331679,14.0,2.3335273821014466,0.020542606140005054,5.803004546043606,4.445859872611465,2.3484480841168742,0.28662420382165604,5.8922719029742785,1.0,2.3318756692438276,0.009376964258956948,5.8156237267211335,4.629460201280878,2.9788939915426647,0.2883383770849462,5.9504960101925946,14.0,2.316533665866611,0.0008092906031004124,5.790120228761877,4.987179487179487,4.3933658933658934,0.23685897435897438,5.995983096043998,14.0,2.299647401112108,0.003217685871146786,5.744291973973552,5.1923076923076925,5.578273809523809,0.24654832347140038,5.983218831124554,14.0,2.2660749355067162,0.0004061284971468909,5.6645781460210705,5.7935483870967746,7.979621095750129,0.22596774193548386,5.997985606985603,14.0,2.2367092537600444,0.0003049179559686792,5.591315757466158,6.318181818181818,9.745145799366579,0.22090409590409593,5.998498486591661,14.0,2.1853397343336596,0.0004362937495639634,5.462694895209801,7.348684210526316,12.936234763043974,0.21423751686909584,5.997775337493287,14.0,2.1395007049386825,0.0001457155447496028,5.348533189029583,8.413333333333334,15.187109187109188,0.20346153846153847,5.999296581322307,13.0,2.066183962557254,9.158266498473188e-05,5.165322532395656,9.91139240506329,18.890141925584963,0.18958941901979873,5.9995571759942,13.0,2.004583619739654,6.0100283655129845e-05,5.011368898923651,11.285714285714286,21.972234403403235,0.17594905094905094,5.999707322498091,12.0,1.8977767564293915,3.92357452039193e-05,4.744383037455672,13.99367088607595,26.044303797468356,0.15790327815644273,5.999812458939384,1.6373150077138925,7.017618239402168e-06,4.093276992857372,5.999966106435851,1.9999863629392038,28.0,0.11828935395814377,1.999998058961403,0.002186535726433293,4.083895366969941,4.086081903468653,1.8605627473139457,0.14218148112423515,4.438134646598511,8.125,1.8293708556263986,0.1320686727367032,4.3753241299609416,8.625,0.47131292192988195,0.502504813617429,0.031191891687547102,2.3388267275578443,2.2131744122138945,2.1943709800360214,0.12565231534395027,0.14445574752182347,S_post_acc
3.6,3.0,46051.0,2198.0,2.3131481300477277,0.007484131876808958,5.771644127304106,5.950769892585964,1.9810952535697182,4.811985361390668,0.28203955239636846,1.9935551995833607,2.8931427066376747,0.1394790529683875,0.0033725281180242627,0.3508839153350631,1.51384673033072,0.9501372369624885,14.0,2.313580802900112,0.06715395526971159,5.683221074345712,4.197452229299363,1.4471337579617833,0.3227176220806794,5.683369618315971,14.0,2.3563272961172688,0.0034680917631538847,5.8856161026484415,4.375796178343949,1.8847437063997574,0.2484076433121019,5.981304444558295,14.0,2.324755627650794,0.02356584979301126,5.776540294437469,4.54140127388535,2.3011828935395817,0.28662420382165604,5.888070961684769,1.0,2.3131481300477277,0.007484131876808958,5.771644127304106,4.811985361390668,2.8931427066376747,0.28203955239636846,5.950769892585964,14.0,2.2825252976539945,0.001219184803674826,5.704484466929474,5.410256410256411,4.103188478188478,0.23333333333333334,5.993060283717841,14.0,2.2498550924182052,0.003563012585819868,5.619293212166784,5.839743589743589,5.013768638768639,0.23717948717948717,5.98287318106193,14.0,2.185106402448341,0.0005721153026764186,5.461907833166836,6.890322580645162,6.679931179931179,0.21274193548387094,5.9966660946588375,14.0,2.132589363961458,0.00039843651120809084,5.330875755136833,7.785714285714286,7.718620340698263,0.20104895104895107,5.997614405344845,14.0,2.0311371646852234,0.0004128272415393252,5.077223670850749,9.710526315789474,9.228658293460924,0.180668016194332,5.997761264267737,14.0,1.9451161174745921,0.00019621245579254303,4.862495975002791,11.566666666666666,10.121815545995114,0.16339743589743588,5.99876836515546,13.0,1.8032107729445304,0.00012011959005171153,4.507846752976248,14.936708860759493,11.378271823759007,0.13660337552742619,5.999186353218014,13.0,1.694988669745064,8.268855217868116e-05,4.2373476415343925,17.857142857142858,12.450008962783924,0.11909965034965035,5.999394304586871,12.0,1.5604747189516126,5.404037819044372e-05,3.901105736811745,22.037974683544302,14.707318807509905,0.09684355728659524,5.999547456818212,1.2237726179870394,1.7172198552017903e-06,3.0594289691378154,5.999785064099454,1.9999277822931996,32.0,0.045950864422202004,1.9999306443230158,0.004657710898526901,3.0547712582358493,3.059428969137816,1.6560146097637307,0.11427567587617463,3.9686230105950657,10.4625,1.6307688261241495,0.10991442185055375,3.912050432534543,10.65,0.657133520283997,0.6823793039235782,0.025245783639581187,2.327551613529257,2.17899064443234,2.1884888106931646,0.14856096909691555,0.13906280283609176,S_post_acc
3.6,4.0,46068.0,2198.0,2.312941526812453,0.009161994375640274,5.7686108254676745,5.949415982625637,1.9800846627499986,4.822506861848124,0.281476528960518,1.9953881427599733,2.8840236438360862,0.13787347325009405,0.002592323075732475,0.3465647578802842,1.4823037666832233,1.0,14.0,2.3079603764807897,0.045394663534516294,5.7018089459002,4.159235668789809,1.456687898089172,0.32590233545647557,5.709340745305015,14.0,2.364940971423352,0.0034826302198667156,5.90712848322858,4.2993630573248405,1.9031240521686381,0.24920382165605096,5.983122058259029,14.0,2.3268254937473163,0.016391613878018806,5.79247631355126,4.477707006369426,2.3238550197148924,0.2878980891719745,5.89585891671794,1.0,2.312941526812453,0.009161994375640274,5.7686108254676745,4.822506861848124,2.8840236438360862,0.281476528960518,5.949415982625637,14.0,2.2837648286090553,0.001225633271253872,5.707573621615756,5.358974358974359,4.142704517704518,0.23108974358974357,5.993823168138524,14.0,2.248671250053699,0.0025692304301271596,5.617824279489057,5.82051282051282,5.040416065416065,0.2349605522682446,5.984198765026263,14.0,2.1766649103620024,0.000589734221260797,5.4407776745731145,6.980645161290322,6.718009588977331,0.2085483870967742,5.9968583781210105,14.0,2.1168691325293354,0.00046545205284475997,5.291474653244071,7.98051948051948,7.717563857498922,0.19630369630369626,5.997495281830489,14.0,1.9992121469249415,0.0003523386223637763,4.997501859378808,10.171052631578947,8.856300552517657,0.17518556005398112,5.997971754322282,14.0,1.900738353042329,0.00021244020281075156,4.751527222301608,12.24,9.412750643691819,0.1567307692307692,5.998765534885663,13.0,1.7704594029546814,0.00014337022328893577,4.425933452051771,15.221518987341772,10.941738000996533,0.13201882505679974,5.999187919906791,13.0,1.718133492068167,0.00010211388947418081,4.295180559336206,16.98701298701299,12.80498449633587,0.11978646353646355,5.999435327304848,12.0,1.6656408069929927,6.707453727136482e-05,4.164001405676574,19.575949367088608,16.33836351397832,0.11704803635183382,5.999661076087157,1.5704667593601809,7.988145484638665e-06,3.926154916182225,5.9999669276589165,1.999986313171144,24.0,0.10100090991810737,1.9999996267189522,0.026647124538683457,3.8995077917030265,3.926154916182224,1.81077956135332,0.11850890376841323,4.34918554773068,9.0,1.8000579437351287,0.14809473816993876,4.278002752082914,8.575,0.5021619654591332,0.5128835830773244,0.010721617618191237,2.3218282289605985,2.200599560501895,2.196137754253569,0.12122866845870381,0.12569047470702882,S_post_acc
3.6,5.0,46085.0,2198.0,2.2680606033363353,0.00833223041886469,5.657653162712541,5.946854119171124,1.9795072962507525,5.308325709057639,0.2671898092758111,1.9933590111909638,2.703110242405759,0.17109628673831206,0.0043312143914612114,0.4308021141952933,1.8897068507430632,0.9643183897529735,14.0,2.294326507473908,0.06620288256715631,5.636511944834034,4.337579617834395,1.4095541401273886,0.31528662420382164,5.684313736938855,14.0,2.322111190928286,0.006872586058285709,5.794969098233288,4.67515923566879,1.794419168941462,0.24920382165605096,5.96632711288071,14.0,2.2815221115740827,0.02366745785201516,5.668304092157183,4.974522292993631,2.1541552926903247,0.27579617834394904,5.886208507834759,1.0,2.2680606033363353,0.00833223041886469,5.657653162712541,5.308325709057639,2.703110242405759,0.2671898092758111,5.946854119171124,14.0,2.2163488868911303,0.0021339817269346775,5.5376712446374246,6.282051282051282,3.6811397292166523,0.2243589743589743,5.988578853912489,14.0,2.1656298584495626,0.0036886754988853846,5.408541632875579,7.064102564102564,4.351883764383763,0.22066074950690334,5.981833296964791,14.0,2.071430932999038,0.0010095027559984717,5.177063078363597,8.793548387096774,5.487128814902709,0.1925806451612903,5.994426908411823,14.0,2.0013262864332786,0.0007748744574929076,5.002153404396956,10.175324675324676,6.164463346597156,0.1766983016983017,5.995561726087782,14.0,1.882871511479964,0.0005382116497232303,4.7063714612253245,12.789473684210526,7.129820744128184,0.1540148448043185,5.996857918511729,14.0,1.794307401880462,0.0003296363579418345,4.485274050164242,15.053333333333333,7.72430044204693,0.13820512820512823,5.997820658992449,13.0,1.6686760313973235,0.00021350540894916908,4.171369820379885,18.924050632911392,8.926992635598415,0.11940116845180139,5.998451031025568,13.0,1.5832429874704328,0.00015612586446129377,3.9578732798793905,22.11038961038961,9.975848649743934,0.10576923076923078,5.99872755108241,12.0,1.46407249322069,0.00011015295821518631,3.6600160036144023,26.879746835443036,11.751159432339284,0.08850616682895163,5.998951991070079,1.2442827353245507,1.0006033930309854e-05,3.110691829260481,5.999470369343938,1.999820121103336,32.0,0.05004549590536852,1.99983679781831,0.0024723198452592174,3.1082195094243072,3.11069182926048,1.6282017783688463,0.10994579117712719,3.9055857591564256,10.7,1.6690485123895449,0.10995830919243144,4.007683817185216,10.5,0.639858824967489,0.5990120909467904,-0.040846734020698605,2.3116637288790396,2.150768873961734,2.1578121622933306,0.16089485491730665,0.15385156658571025,S_post_acc
3.65,0.0,46500.0,2198.0,2.2730605111229214,0.011017450016963049,5.6661251027818595,5.944343166719842,1.9777752389009595,5.272644098810613,0.26849180097121544,1.9963888796558706,2.7161044670994348,0.16888401508862605,0.004139738259580852,0.42521374104889964,1.8586244799599372,1.0,14.0,2.2975216945601664,0.06869733804354697,5.640758229335096,4.32484076433121,1.4114649681528662,0.3184713375796178,5.681883770625927,14.0,2.322865722602605,0.006407679985845337,5.797552786527744,4.67515923566879,1.7929026387625113,0.2484076433121019,5.968577396627629,14.0,2.2833145551837544,0.024107093167498754,5.672125748208138,4.974522292993631,2.160474168435952,0.27579617834394904,5.887540295370214,1.0,2.2730605111229214,0.011017450016963049,5.6661251027818595,5.272644098810613,2.7161044670994348,0.26849180097121544,5.944343166719842,14.0,2.2178230407271484,0.002198251899490021,5.541260223968635,6.230769230769231,3.69529082029082,0.2224358974358974,5.988445094614387,14.0,2.1677719149711243,0.0035957917570359774,5.4140360997922565,7.0256410256410255,4.391863991128696,0.21992110453648914,5.982426625399214,14.0,2.077986068580413,0.0009093883100904363,5.193601088985897,8.658064516129032,5.666372400527998,0.1929032258064516,5.99491289898536,14.0,2.0123646144560516,0.0006667334192456651,5.02991143601126,10.012987012987013,6.39579037501618,0.17982017982017984,5.9961286396619755,14.0,1.9046992205211775,0.0005329326352021137,4.76094865235014,12.519736842105264,7.38652181078162,0.16109986504723345,5.9968541302386145,14.0,1.8256258871025381,0.0003017342367011899,4.563612116401294,14.766666666666667,8.010247643228215,0.14814102564102563,5.997995563123284,13.0,1.710376876474919,0.00017419701329497524,4.275680895667355,18.575949367088608,9.432594350083798,0.13132911392405064,5.998578283981256,13.0,1.6362682653944391,0.0001346447300693763,4.090468696390993,21.636363636363637,10.640039735045027,0.12031718281718283,5.998768576117853,12.0,1.5500644140067403,9.913813675387056e-05,3.8750123278117194,25.651898734177216,13.106603072701564,0.11199691658552416,5.9989518057636495,1.299573287879525,4.143841615444899e-05,3.2488710620745804,5.999300952386898,1.9997531713235812,32.0,0.06778889899909009,1.999822239020881,0.0010041812840950472,3.2478668807781865,3.2488710620745795,1.703574811429851,0.15671167548728554,4.0238695153437,10.15,1.6914698727950683,0.16721527153480736,3.9778517746854596,10.2875,0.5694856996930704,0.5815906383278531,0.01210493863478268,2.2452713340177093,2.1556237474928217,2.1722559648081576,0.0896475865248875,0.07301536920955187,S_post_acc
3.65,1.0,46517.0,2198.0,2.254125086666288,0.011085555757544574,5.618684383029404,5.943178223590973,1.9773642226111425,5.470722781335773,0.2615947638820466,1.9960725389699272,2.628760467701456,0.1729282571162422,0.004185745099100424,0.43520383163449106,1.8994180090501582,1.0,14.0,2.3010886875211023,0.06366584010913717,5.6572229586390534,4.292993630573249,1.4203821656050957,0.31953290870488316,5.690923108509201,14.0,2.3372399544237226,0.005808118102522294,5.834387708905522,4.535031847133758,1.830330603579011,0.24920382165605096,5.970495625429602,14.0,2.291701865848517,0.02259115659149779,5.6953679297340445,4.853503184713376,2.182868264078455,0.2770700636942675,5.889043062291363,1.0,2.254125086666288,0.011085555757544574,5.618684383029404,5.470722781335773,2.628760467701456,0.2615947638820466,5.943178223590973,14.0,2.1921795106594195,0.002219186214086748,5.477119997327418,6.487179487179487,3.5168040648809873,0.21730769230769226,5.988290001752077,14.0,2.140664156960186,0.00375019387786341,5.34603510158367,7.333333333333333,4.12214775964776,0.21400394477317555,5.981444335022386,14.0,2.036235084996746,0.001178039134838431,5.0888206537896075,9.296774193548387,5.111803250512929,0.18483870967741933,5.993505664443709,14.0,1.9638774471528146,0.0008395082003567056,4.908434355581501,10.753246753246753,5.816606021849076,0.17032967032967034,5.9951637681586805,14.0,1.84542426775985,0.0006199280300374848,4.6126307773545685,13.605263157894736,6.916324458001917,0.14827935222672065,5.996438873055952,14.0,1.7572134206835677,0.00040299930753249667,4.392429052747619,16.32,7.51475486207057,0.13365384615384615,5.997488232846662,13.0,1.6406397300809696,0.00027721596604587213,4.101183501253356,20.582278481012658,8.284280208123189,0.11668289516390784,5.998123719023414,13.0,1.5640580785133693,0.00020403672740677313,3.909839141192313,23.558441558441558,9.128754266267812,0.10561313686313688,5.9984807608164035,12.0,1.4641483126550094,0.00012585819101648511,3.660181994350999,27.20886075949367,11.705827199243501,0.08854673807205454,5.99881528182532,1.2192299834931206,7.257469755739265e-05,3.047966096686465,5.99909598502458,1.9996744701090075,32.0,0.042766151046405826,1.9997954354692555,0.00019031198564685512,3.047775784694128,3.047966096686465,1.6700181102661666,0.15740185532822268,3.9389424926730827,10.5875,1.6600453846551553,0.148687432593426,3.9270823127477485,10.775,0.5841069764001214,0.5940797020111328,0.009972725611011368,2.253494240183654,2.1551918687884726,2.1707337419367354,0.09830237139518155,0.0827604982469183,S_post_acc
3.65,2.0,46534.0,2198.0,2.3418917124337892,0.010471504454240919,5.839022024403113,5.9492243576647,1.9795842844034863,4.520128087831656,0.2908719825462735,1.9973202016251113,3.0180482943406095,0.11547251595779409,0.0036481047059614604,0.2915197132661229,1.2297052146652976,1.0,14.0,2.3147106779295537,0.058594838632890715,5.698884436874549,4.159235668789809,1.4585987261146496,0.32271762208067933,5.693935691438013,14.0,2.3682034600992297,0.0013071269826854305,5.918547959774046,4.2993630573248405,1.916105550500455,0.2444267515923567,5.993784604689302,14.0,2.3381370162467228,0.020998344573788335,5.813845023756124,4.3949044585987265,2.3607825295723384,0.28853503184713375,5.891226241882973,1.0,2.3418917124337892,0.010471504454240919,5.839022024403113,4.520128087831656,3.0180482943406095,0.2908719825462735,5.9492243576647,14.0,2.3231265358900166,0.0008186405064539914,5.806588378965359,4.910256410256411,4.393925518925519,0.23814102564102563,5.995899315726439,14.0,2.299740179480721,0.003241821568819982,5.744487716348572,5.230769230769231,5.488822751322751,0.248767258382643,5.983194955677945,14.0,2.2595946058159746,0.0004138474884887826,5.648365743307201,5.916129032258064,7.665847414234511,0.225,5.997924915719318,14.0,2.2248294656610788,0.00035026209333428274,5.561548271012694,6.454545454545454,9.20480688143026,0.2184065934065934,5.99822399407318,14.0,2.1548972591448696,0.0004367552274358208,5.38658801502102,7.598684210526316,11.814581197311462,0.20529689608636978,5.997718577676534,14.0,2.0921345042796933,0.00017872915768258224,5.2300681669627105,8.686666666666667,13.422748436748439,0.18948717948717952,5.999055300907145,13.0,1.9774478411800762,0.00011338699582962564,4.943449522456445,10.841772151898734,15.568770327463552,0.1661392405063291,5.9993732105960795,13.0,1.878801052831929,8.053146107652602e-05,4.696881834888207,12.7987012987013,17.3423058189493,0.1462287712287712,5.999534193823515,12.0,1.7323600066400264,5.561767490019838e-05,4.330816590087716,16.38607594936709,19.825110803815196,0.11759574813372285,5.999644654641754,1.332289046484353,3.210358821448267e-06,3.3307178006726503,5.999892868639241,1.9999632194268067,28.0,0.053230209281164696,1.9999685699902456,0.027426108606403942,3.3032916914677672,3.3307178006726508,1.6897956888834422,0.1645398022730153,3.977679518799083,10.2125,1.6995869496487082,0.1744366514110251,3.9873123970052333,9.9,0.652096023550347,0.6423047627850811,-0.00979126076526593,2.3451395511873026,2.2290282691695853,2.22327171975327,0.11611128201771642,0.1218678314340316,S_post_acc
3.65,3.0,46551.0,2198.0,2.2492792865182523,0.011087367329496348,5.606567165301387,5.942738675054582,1.9772171025750287,5.54071363220494,0.26120768526989935,1.9958919781286262,2.6121963656959077,0.17935815243758646,0.0046164567914627,0.4520226415427749,2.006950011108329,1.0,14.0,2.28639557428274,0.062358413234274886,5.62245131585544,4.388535031847134,1.3936305732484078,0.31634819532908703,5.690153339885195,14.0,2.3125506463390018,0.007824511492346168,5.769639848608985,4.75796178343949,1.7677888989990902,0.24681528662420382,5.961798123456536,14.0,2.274070021101088,0.02230424974620045,5.65171867813342,5.050955414012739,2.1351481144474778,0.27324840764331215,5.88873897957709,1.0,2.2492792865182523,0.011087367329496348,5.606567165301387,5.54071363220494,2.6121963656959077,0.26120768526989935,5.942738675054582,14.0,2.183228326544938,0.0024435477109141456,5.454405494795973,6.730769230769231,3.4857508944047404,0.21666666666666665,5.987023021772673,14.0,2.1372559215782894,0.003540381902026096,5.337829231092685,7.467948717948718,4.1802199262725575,0.21326429980276138,5.981653596674812,14.0,2.033293238390563,0.0011187616962482093,5.081554953432034,9.522580645161291,5.081950642879262,0.18677419354838712,5.993600769515031,14.0,1.9582526963359528,0.0008040351720411333,4.894425688081819,11.155844155844155,5.599763156897055,0.1717032967032967,5.995345752997903,14.0,1.8407954732516525,0.0005994932753704843,4.601089443216075,14.013157894736842,6.438862197768351,0.14760458839406207,5.996328083125013,14.0,1.7552002497468129,0.00037008907961779395,4.387445490747606,16.36,7.082144590855317,0.13076923076923078,5.997465257188457,13.0,1.6300764608856462,0.0002497108923467865,4.074816585875595,20.018987341772153,8.313997368930485,0.11047549496916585,5.998090509444635,13.0,1.541939184032545,0.00019605045694080293,3.8545538843959504,22.59090909090909,9.690631516273502,0.09646603396603397,5.998333420966374,12.0,1.4429373183977794,0.00014363233115204574,3.607127847497721,25.829113924050635,12.536721518456341,0.08061506004543981,5.998591133324555,1.2735120335504986,5.60757778176324e-05,3.18369597020952,5.9991447430156875,1.9996962224126233,32.0,0.05686988171064604,1.9997896864425644,0.0005413742759044105,3.1831545958939866,3.183695970209521,1.6938391133670947,0.1464888783999039,4.014864465817881,10.3,1.670742004929575,0.16208168237352036,3.9337324887636584,10.3125,0.5554401731511576,0.5785372815886773,0.023097108437519775,2.23998020174985,2.135005676551521,2.161876094069373,0.10497452519832848,0.07810410768047632,S_post_acc
3.65,4.0,46568.0,2198.0,2.3522533983898106,0.01066114488207525,5.864641778651414,5.9497682276829815,1.9797023609336355,4.415827996340347,0.29442606798507986,1.9978601161272431,3.0666007711410277,0.10608090894168747,0.0028089147388126613,0.26765429729555645,1.1351919344158388,1.0,14.0,2.327348140263058,0.06408756601817195,5.722239001630387,4.089171974522293,1.475796178343949,0.3290870488322717,5.688369733942135,14.0,2.3796728039483135,0.0018555822346903962,5.946398636518749,4.178343949044586,1.9451016075219898,0.24920382165605096,5.991452482655097,14.0,2.3499667120045826,0.022751123056081964,5.840790095427333,4.280254777070064,2.3952077646345162,0.2923566878980892,5.88887922964955,1.0,2.3522533983898106,0.01066114488207525,5.864641778651414,4.415827996340347,3.0666007711410277,0.29442606798507986,5.9497682276829815,14.0,2.3431587755602115,0.0006451136978022168,5.8569292683538245,4.673076923076923,4.551485551485551,0.2416666666666667,5.996844748421511,14.0,2.3237429655118524,0.003418199002330359,5.804230115276136,4.92948717948718,5.736375661375662,0.2534516765285996,5.9832663403684405,14.0,2.295491572349836,0.0003283679355781884,5.738236378971223,5.458064516129032,8.251248035119003,0.23258064516129032,5.998395950678877,14.0,2.272403928292991,0.00025783942315576796,5.680623061597744,5.863636363636363,10.213653698393959,0.2278971028971029,5.998712271203208,14.0,2.224713836948438,0.0004256876389929425,5.561146060912605,6.796052631578948,13.774236016176806,0.22216599190283398,5.997898355470926,14.0,2.1830138093984592,0.00011812156385133222,5.45735734115037,7.706666666666667,16.40738431938432,0.21160256410256414,5.999404236854938,13.0,2.1099275561457143,7.215234993368864e-05,5.274710661839386,9.487341772151899,20.92156483997512,0.1988802336903603,5.9996340293128085,13.0,2.0448860997652476,5.230123701744454e-05,5.112136797557593,11.058441558441558,24.02771841518977,0.18625124875124874,5.999734614544594,12.0,1.9365602136807394,3.452170463021608e-05,4.841348751644904,14.183544303797468,26.439277105748992,0.16634209672184355,5.999824771485724,1.3529819656721243,4.404716967165712e-06,3.38244830710486,5.9999543854030115,1.9999833268953482,32.0,0.07552320291173795,1.9999906680860278,0.01190027397946455,3.3705480325553445,3.38244830710486,1.7358560811504993,0.16822328424327154,4.087305276511342,9.7375,1.7308973472075082,0.16740432279966666,4.076136883819269,9.85,0.6163973172393113,0.6213560511823024,0.004958733942991067,2.3750642041301493,2.2595687535981366,2.251001252596904,0.1154954505320131,0.12406295153324548,S_post_acc
3.65,5.0,46585.0,2198.0,1.9542856930574242,0.013048733751014976,4.866141132017038,5.897405173662009,1.9614521466369983,8.887465690759377,0.18287704975719615,1.9834353401198919,1.5844982302438844,0.17449443628840902,0.008485370909836894,0.43956646523239024,2.212242051573813,0.934583714547118,14.0,2.185095803432267,0.058249373707946986,5.375365448018747,5.13375796178344,1.196815286624204,0.27176220806794055,5.694902747964178,14.0,2.132485746077568,0.024323178486040133,5.29472959746486,6.171974522292993,1.3768274188656353,0.22770700636942676,5.852724740500216,14.0,2.0602165445028655,0.021857091404417456,5.1177557241505385,7.24203821656051,1.5007582650894753,0.21464968152866243,5.87123681372668,1.0,1.9542856930574242,0.013048733751014976,4.866141132017038,8.887465690759377,1.5844982302438844,0.18287704975719615,5.897405173662009,14.0,1.804045016135267,0.007173519165734567,4.499352261589566,12.211538461538462,1.7134897844739476,0.15096153846153845,5.944124905776052,14.0,1.7199595992204126,0.005001172701826064,4.2923972389982925,14.39102564102564,1.8852943746713096,0.1343688362919132,5.953836827472513,14.0,1.5753425993565169,0.0030774632145644898,3.933740303569445,19.01290322580645,2.17411470219333,0.1117741935483871,5.964483397699572,14.0,1.4982638165674766,0.0024010464450501113,3.7420579717511164,22.006493506493506,2.4231090848380252,0.09965034965034965,5.96845504070258,14.0,1.4016161597857264,0.001575853685341954,3.5016766189363024,26.32236842105263,3.0061247549974546,0.08552631578947369,5.973304862189819,14.0,1.3495153844553058,0.0012341727620877722,3.3719372019951326,28.74,3.6521218955139405,0.07711538461538461,5.975738377939238,13.0,1.2960853105538077,0.0008894684548676473,3.2388790737022184,30.974683544303797,5.058516425278192,0.06970139565076273,5.977774785563129,13.0,1.2674006679917216,0.0007189696060524889,3.167423215570225,31.837662337662337,6.54905082469837,0.06602772227772227,5.979188039413909,12.0,1.2384861275629366,0.0005766040725423922,3.095350412798528,32.4746835443038,9.618861071272683,0.062053716325868244,5.9805988507750865,1.207607794509737,0.00028712929080043637,3.018588792338141,5.983169082817549,1.994293984508916,35.0,0.056414922656960874,1.9950757875305922,0.0013403459285090266,3.0157351252974065,3.0170754712258,1.6239212294703207,0.0986586928892786,3.911815034341884,10.825,1.6317205594109356,0.10709504191955888,3.9186588356480017,10.5875,0.3303644635871035,0.32256513364648853,-0.007799329940614941,1.943049965482613,1.9169693091909719,1.9194699364632544,0.026080656291641593,0.02358002901935848,S_post_acc
3.7,0.0,47000.0,2198.0,1.9586067939348273,0.017551433924895558,4.870189833949723,5.8899629007875145,1.9574704889542063,8.889295516925893,0.18322893940460272,1.9868691517622556,1.627419519333975,0.20397301414531657,0.009031102181922386,0.5150610373435849,2.4962194209591595,1.0,14.0,2.1697939617410653,0.05787707209545262,5.337669296209483,5.2165605095541405,1.1847133757961783,0.25053078556263264,5.68851223437524,14.0,2.1223769369392165,0.022675581222672842,5.271928970514032,6.32484076433121,1.3529875644525324,0.21656050955414013,5.8674409196812025,14.0,2.0493864588905173,0.023115090962188247,5.08879351078301,7.337579617834395,1.4860731978566373,0.20955414012738852,5.864306524259544,1.0,1.9586067939348273,0.017551433924895558,4.870189833949723,8.889295516925893,1.627419519333975,0.18322893940460272,5.8899629007875145,14.0,1.817461244571541,0.007679883034750059,4.532133286876727,12.038461538461538,1.8274696095010454,0.1512820512820513,5.938878257184075,14.0,1.732991230828984,0.006462171312312201,4.322784820103991,14.288461538461538,2.0014281720744567,0.13979289940828402,5.946907704072841,14.0,1.5990815385834283,0.00409214113920032,3.9915656347497697,18.664516129032258,2.263366432815279,0.1188709677419355,5.9594312798844955,14.0,1.527950972457219,0.0033422043412099523,3.814864124631232,21.38961038961039,2.524378967926608,0.1088911088911089,5.963330262378798,14.0,1.4299825040805818,0.002636341468639634,3.571001747998495,25.44736842105263,3.125579618976984,0.09168353576248311,5.967175864070652,14.0,1.3719448851633884,0.0023095266713882385,3.4263979229013874,27.973333333333333,3.769570474188548,0.0825,5.9683354115094085,13.0,1.3027948090664385,0.0020397767130653954,3.2539273575964986,30.962025316455698,5.115398510364762,0.07258195391106782,5.969916137200209,13.0,1.2650080037348401,0.0019229359309026746,3.1596356054407457,32.688311688311686,6.505136948317347,0.06752622377622378,5.97044217009625,12.0,1.2193373769784097,0.0018054293329949113,3.045635298446532,35.107594936708864,9.248389300678507,0.06154657578708211,5.9708079571712815,0.9785251591089851,0.0013393991272954153,2.4443037990815193,5.975884784535064,1.9915151284692563,65.0,0.050955414012738856,1.9939035733876043,0.012402432016154279,2.4142743592506237,2.426676791261487,1.6187968689897214,0.14456731446954416,3.8301412007699875,11.3,1.6192754854299423,0.13832123680630334,3.8407068583654,11.375,0.33980992494510587,0.339331308504885,-0.00047861644022084704,1.9382611503525267,1.9477214385812336,1.9368662757926747,-0.009460288228706945,0.001394874559851927,S_ch
3.7,1.0,47017.0,2198.0,2.0016441254964277,0.016635832046549916,4.979156565671245,5.901268779316827,1.9615443157567587,8.34263494967978,0.1932929833204307,1.9894033818352999,1.7196147034321783,0.1928609604266603,0.009419027762306928,0.48680090898943496,2.3281135555791677,1.0,14.0,2.21206095026256,0.06003456181409909,5.440100532935251,4.898089171974522,1.2560509554140127,0.29087048832271756,5.683252624435115,14.0,2.173200040546804,0.02079006915645664,5.401814997632325,5.8471337579617835,1.4595086442220198,0.23248407643312102,5.877338978893233,14.0,2.094750543295989,0.023884107616320885,5.201050196815491,6.8471337579617835,1.6043625518147808,0.22802547770700635,5.864565290122734,1.0,2.0016441254964277,0.016635832046549916,4.979156565671245,8.34263494967978,1.7196147034321783,0.1932929833204307,5.901268779316827,14.0,1.8608113473445265,0.00667967718285485,4.642008852587034,11.23076923076923,1.973563617303198,0.15737179487179487,5.950778856875125,14.0,1.7706501744390062,0.0058431002515626895,4.417860785720172,13.448717948717949,2.098656190587305,0.14447731755424065,5.954886978222425,14.0,1.6322671727090945,0.0035695389371280983,4.075313623367044,17.651612903225807,2.4159305803242597,0.1206451612903226,5.966687016106613,14.0,1.5583806908358495,0.002900983163095197,3.8916002523449817,20.37012987012987,2.6845667483106,0.11051448551448549,5.97030449204953,14.0,1.4503638213092078,0.002191721007366859,3.622621971761969,24.907894736842106,3.2242129699485447,0.09547908232118758,5.974269824584328,14.0,1.3807997075133267,0.0019092784234063902,3.4491353511482066,27.993333333333332,3.7901796755973023,0.08608974358974358,5.975873694288632,13.0,1.3100115580326042,0.0015952735096279268,3.2726359848170685,31.234177215189874,5.081721780968979,0.07489451476793248,5.9774438999815365,13.0,1.27101832860124,0.0014530565402087676,3.1753662366927866,33.032467532467535,6.443300154690002,0.06968031968031968,5.978285900828282,12.0,1.2253157874602745,0.0013046878165414637,3.061332436925874,35.41772151898734,9.172705205577405,0.0637374229146381,5.979244879087744,0.833756946462602,0.0008186991720124936,2.083164317398486,5.984311054040158,1.9944974516227152,65.0,0.036396724294813464,1.9960151244760675,0.016126220907779137,2.0670380964895694,2.083164317398488,1.5840822529496432,0.1470045515680553,3.7396988050220257,11.8375,1.596393456897855,0.15628394428517767,3.756557725816871,11.5875,0.41756187254678445,0.4052506685985726,-0.012311203948211835,1.9917086847121368,1.990137713022551,1.9860006423245034,0.00157097168958502,0.005708042387633073,S_ch
3.7,2.0,47034.0,2198.0,1.9451426991723784,0.016810275826623425,4.837641334191011,5.8912731659717466,1.9581542967150414,9.021500457456542,0.17949890914209302,1.9861558540591464,1.5564608475290087,0.17516557011376827,0.008350400453988728,0.4415671919835004,2.2227293664454693,1.0,14.0,2.165178615497215,0.0563807855405317,5.328375360432239,5.235668789808917,1.1732484076433123,0.2600849256900212,5.687907032159182,14.0,2.111118206302264,0.02388293836503985,5.2419711082081,6.375796178343949,1.3268425841674247,0.22054140127388536,5.853545525340531,14.0,2.0331535743892224,0.022516233576293877,5.0491095856086154,7.490445859872612,1.4348397533110908,0.2070063694267516,5.862563280505425,1.0,1.9451426991723784,0.016810275826623425,4.837641334191011,9.021500457456542,1.5564608475290087,0.17949890914209302,5.8912731659717466,14.0,1.7917724418163228,0.00731618453331113,4.468456827740841,12.39102564102564,1.7100013381121981,0.14711538461538462,5.937941467806226,14.0,1.7004157483202285,0.005662577968333135,4.2425455038480715,14.846153846153847,1.8679058658147365,0.13313609467455623,5.948139101111552,14.0,1.56894967444056,0.0037414352714081256,3.9167620331942867,19.18064516129032,2.174851398174643,0.11258064516129032,5.958382169844585,14.0,1.4941133356521215,0.0030623293571537366,3.730689845094573,22.149350649350648,2.4236217264929754,0.1028971028971029,5.961850829426411,14.0,1.4020866394009646,0.002430437865803273,3.5015709417037058,26.276315789473685,3.0209433438836353,0.08873144399460188,5.965512141129857,14.0,1.351336654583752,0.002049808810259789,3.37526692324399,28.66,3.6601550218028764,0.0819230769230769,5.9672193801328905,13.0,1.2974157388644216,0.0017421290497911602,3.240926153586367,31.10126582278481,5.024091848643917,0.07598993833171047,5.968992735762127,13.0,1.2726592026110626,0.001585680764834795,3.1792694853804044,31.805194805194805,6.54130009775171,0.07195929070929072,5.969931823534052,12.0,1.2489778477759559,0.0014959220437495866,3.1202007363742656,31.99367088607595,9.751990608411596,0.06562398571892243,5.970592333152519,1.2072331507853837,0.0012976771361783435,3.016136361259192,5.971464069438186,1.9900554641006691,32.0,0.05368516833484986,1.9922229259888904,0.0006848417591565814,3.0154515194997424,3.016136361259192,1.6470269988818615,0.14485117264967212,3.900290738230145,10.525,1.6433066317913174,0.14634676272758548,3.8887464353869157,10.55,0.2981157002905168,0.30183606738106095,0.00372036709054413,2.00299873165672,2.0066725733101607,1.996461103596502,-0.0036738416534411577,0.006537628060216738,S_ch
3.7,3.0,47051.0,2198.0,1.9259364140871298,0.017908438705741592,4.787978377159212,5.884647197214222,1.955579586169493,9.240622140896615,0.17636709128017453,1.9854120879681398,1.5048615649370451,0.16466478805601825,0.009205750541803438,0.41606138048781827,2.1053489967072276,1.0,14.0,2.187541446099296,0.06571821730336457,5.370276289293194,5.057324840764331,1.2159235668789807,0.2781316348195329,5.6662555826727505,14.0,2.124257709559733,0.025471780043364,5.2724366038342865,6.248407643312102,1.3555353351531694,0.22452229299363058,5.85104297212689,14.0,2.0379515028892965,0.025816963655626093,5.0561533117398,7.414012738853503,1.4413102820746133,0.21210191082802546,5.852745906893688,1.0,1.9259364140871298,0.017908438705741592,4.787978377159212,9.240622140896615,1.5048615649370451,0.17636709128017453,5.884647197214222,14.0,1.7754967558860117,0.008744308806285375,4.425625426505602,12.583333333333334,1.6820316017148598,0.14519230769230768,5.933552619727168,14.0,1.690550554038075,0.0072854719756869635,4.215448177131656,14.987179487179487,1.8335722274602,0.1326429980276134,5.939880615780373,14.0,1.5501714607849362,0.004906461030082477,3.868068960417216,19.70967741935484,2.0989108596207187,0.1108064516129032,5.951567368122193,14.0,1.4805882983089134,0.004167755680068293,3.6952191122521807,22.51948051948052,2.36580259455758,0.10152347652347654,5.955506345821202,14.0,1.3968879833120098,0.003351596142357261,3.4871925640664876,26.36842105263158,2.9948423852975505,0.09168353576248313,5.959280813514942,14.0,1.3512063682323847,0.0029620058739829188,3.373572911769987,28.64666666666667,3.658400823408681,0.0848076923076923,5.961110309265494,13.0,1.306315265258974,0.0025579737362453675,3.2619512025430675,30.689873417721518,5.099148899174243,0.07773450178513469,5.9628841498581435,13.0,1.2828691956613207,0.002349402254664084,3.2036488857713055,31.415584415584416,6.63042997988175,0.0728021978021978,5.964107680698648,12.0,1.2599996779075515,0.0021496489325884627,3.1467747213699964,31.968354430379748,9.760085749285421,0.06897111327491075,5.965677058266888,1.215487445394221,0.0018357952943119926,3.0359649205440844,5.966890335310051,1.9883515133385796,32.0,0.0646041856232939,1.9914184694721118,0.001389169440646295,3.03457575110097,3.0359649205440835,1.649033667663605,0.13513678718892863,3.9198789883756198,10.875,1.6365760919719914,0.15089252586118537,3.8651014411382008,10.7375,0.27690274642352475,0.2893603221151384,0.012457575691613654,1.9476200537548687,1.9401101195120265,1.9522564376848364,0.007509934242842452,-0.004636383929967791,S_ch
3.7,4.0,47068.0,2198.0,1.9213161506025478,0.01836960808168891,4.775735964383837,5.880128784341055,1.9539197254197889,9.300091491308326,0.17643746920965586,1.9844854317376603,1.509150434550709,0.1760805255157875,0.009940008988281217,0.4448443049105796,2.2096374599346906,1.0,14.0,2.1731950763593826,0.06108935089171546,5.3413536645608835,5.1528662420382165,1.1955414012738852,0.26433121019108274,5.672792503916578,14.0,2.111681554586052,0.024983084933453848,5.2417292590649485,6.350318471337579,1.3310282074613282,0.21815286624203822,5.847413378913607,14.0,2.0230706228957387,0.024282582995226603,5.021252682746508,7.56687898089172,1.4079718936406835,0.2050955414012739,5.854219842120246,1.0,1.9213161506025478,0.01836960808168891,4.775735964383837,9.300091491308326,1.509150434550709,0.17643746920965586,5.880128784341055,14.0,1.7820506277957793,0.00838124246711077,4.442554705788782,12.570512820512821,1.7315098956858896,0.14807692307692305,5.9317216915103,14.0,1.693814315166333,0.007059639225569901,4.223946329077477,14.955128205128204,1.8459572008745853,0.13486193293885604,5.938252624174916,14.0,1.5568178294135382,0.0045165081763032,3.8852698112693904,19.529032258064515,2.131585268734106,0.11290322580645161,5.951537628903929,14.0,1.4820250612523256,0.0035368794869464803,3.6997573339003926,22.551948051948052,2.366925213656341,0.1028971028971029,5.956907569876244,14.0,1.3913879089651655,0.0026650364652347023,3.4744722177150615,26.67763157894737,2.9676799960730076,0.09016531713900135,5.961637308280731,14.0,1.3397743096480754,0.002327319762559069,3.3459447944763503,29.08,3.6073418918293023,0.08243589743589744,5.9635204188144435,13.0,1.286639197789203,0.0020774295203995255,3.2134818501924087,31.120253164556964,5.026119797900151,0.07388023369036026,5.96509331741627,13.0,1.2643800538860388,0.0019310170322514623,3.1580536091667195,31.727272727272727,6.5593985414977,0.0704295704295704,5.9659968527975975,12.0,1.2425327164422355,0.0018327987274369972,3.1035825930144325,31.962025316455698,9.761943650469581,0.0678959753326842,5.966810121441625,1.214118100832565,0.001565677012705713,3.032946736562354,5.967431216458461,1.9886218464819185,32.0,0.06414922656960874,1.9912379000866574,0.0009674785742886673,3.0319792579872873,3.032946736562354,1.6186510310185043,0.16049309150699523,3.805887940285767,10.65,1.6406906271020396,0.15710090372816676,3.866075212162849,10.6375,0.3026651195840435,0.2806255235005082,-0.02203959608353534,1.962553034654784,1.970396376189501,1.9445743322636981,-0.00784334153471741,0.01797870239108532,S_ch
3.7,5.0,47085.0,2198.0,1.914089906397218,0.018418044779968456,4.7575976988230915,5.884005875692648,1.9551959436375597,9.410795974382435,0.1736927299598846,1.9858309979295092,1.4730834188176365,0.16246337069888392,0.009903066200507377,0.4100125681824465,2.0878581169395893,1.0,14.0,2.1553823621288393,0.059869690931526456,5.298651368924809,5.32484076433121,1.149044585987261,0.2558386411889597,5.684444180970689,14.0,2.0805827028060757,0.026370700600846057,5.161900706113921,6.662420382165605,1.2524719441916894,0.22054140127388536,5.844821774232103,14.0,1.9947944545326894,0.02433090113463284,4.950489784629775,7.898089171974522,1.326862804569811,0.197452229299363,5.856580016293419,1.0,1.914089906397218,0.018418044779968456,4.7575976988230915,9.410795974382435,1.4730834188176365,0.1736927299598846,5.884005875692648,14.0,1.7585544529856816,0.008719184903100507,4.383307355109553,12.98076923076923,1.6336041459136241,0.13942307692307693,5.93350557646653,14.0,1.6669350112740655,0.006903110464904091,4.156982862487808,15.551282051282051,1.7533960950756615,0.1252465483234714,5.942715593646378,14.0,1.5388310329452728,0.0045116389230131695,3.8403101239786617,20.058064516129033,2.064739218017719,0.10887096774193546,5.954258401233955,14.0,1.4781174026951798,0.0037568965006616667,3.689658161986956,22.623376623376622,2.3538205139363058,0.09990009990009992,5.957593534211897,14.0,1.3972621525305184,0.003035523074916981,3.48860209671392,26.42105263157895,2.989243646750598,0.0895748987854251,5.961246015624315,14.0,1.351469434468494,0.002706809785638716,3.3746133714927775,28.66,3.6566038993862464,0.08256410256410257,5.962888385543845,13.0,1.299794494238548,0.00233925966044097,3.2459773461057084,30.860759493670887,5.064441201495734,0.07347452125933138,5.964813639555328,13.0,1.272709737192134,0.0021888609900592897,3.178491051495247,31.474025974025974,6.615367965367965,0.06777597402597403,5.965597428964354,12.0,1.2473343272500836,0.0020247227724415682,3.1152987339665463,31.924050632911392,9.773887300939158,0.06146543330087634,5.966405107311422,1.2105502217815602,0.0018159210071768683,3.023651672943135,5.967075533958472,1.9884198709837648,32.0,0.055505004549590536,1.9914542206840227,0.0015420219545507154,3.022109650989468,3.023651672943134,1.644646676716023,0.14440855667850877,3.895003856772294,10.6375,1.6429485018250247,0.1485700602008564,3.884516164261278,10.7,0.26944322968119505,0.2711414045721934,0.0016981748909983274,1.8933776710325985,1.9304630623961454,1.9015332709502606,-0.037085391363546806,-0.008155599917661564,S_ch
3.75,0.0,47500.0,2198.0,1.7974560133283086,0.03383440402596495,4.442888427281824,5.799740570175891,1.9219687220499753,10.734675205855444,0.15557041311844605,1.9820946697252422,1.2481319534384494,0.12553332836943096,0.029364102917913817,0.32242810495042784,1.6464927958280606,1.0,14.0,2.0708324208404703,0.08774240917372597,5.045467438340587,5.681528662420382,1.0719745222929937,0.2059447983014862,5.558264804635144,14.0,1.9868587603447012,0.05577627840808199,4.88348248324963,7.203821656050955,1.1398240824992414,0.18630573248407642,5.706299242197774,14.0,1.8987615506900921,0.04203768117437448,4.683847354963668,8.764331210191083,1.1762208067940552,0.16942675159235665,5.7715828296650145,1.0,1.7974560133283086,0.03383440402596495,4.442888427281824,10.734675205855444,1.2481319534384494,0.15557041311844605,5.799740570175891,14.0,1.6357431915730138,0.017340201020773254,4.063347677401374,15.192307692307692,1.3429593040214616,0.1253205128205128,5.885142091841894,14.0,1.5506285068960812,0.015121349260303757,3.853889243349747,18.16025641025641,1.4678625462060313,0.11464497041420117,5.902815170691363,14.0,1.41573810382709,0.010893812462890352,3.523004540873388,24.135483870967743,1.710751865116635,0.09725806451612902,5.93178614845466,14.0,1.3372878349641217,0.009319673199569806,3.3292400776109496,28.525974025974026,1.8989370307813747,0.0877872127872128,5.946682676798762,14.0,1.2145142498995496,0.007613914119988036,3.024864753568892,37.0,2.2454463995637433,0.07523616734143049,5.961948126196595,14.0,1.1267403781691412,0.006683649849254128,2.8068254706489713,44.62,2.5414761945287294,0.06717948717948717,5.971274762419836,13.0,1.0063645209295338,0.005348584045170309,2.5078884262560788,57.81012658227848,3.06562662793401,0.058584875040571235,5.979408842258408,13.0,0.9220251103197727,0.004653596518190922,2.2980823810221453,69.8896103896104,3.4785745179015466,0.05344655344655344,5.9841614008306925,12.0,0.8120938677968783,0.0038641061543647466,2.0244385102606484,90.12658227848101,4.016263978467847,0.04748864005193119,5.98953107563889,0.40687189422023656,0.000538902794014362,1.0163713813595698,6.014298653818214,2.004586583674733,246.0,0.030482256596906277,2.0056296264822393,0.10749465047500395,0.7351715416934077,0.842666194356477,1.525756490863469,0.1722591110329748,3.556002560609211,12.3,1.547973213345389,0.14748053867620817,3.648712225349159,12.45,0.2716995224648395,0.24948279998291967,-0.02221672248191986,1.7897917231700629,1.8337712596226483,1.8107077046760165,-0.04397953645258511,-0.020915981505953325,S_ch
3.75,1.0,47517.0,2198.0,1.793982648432034,0.03334549409017505,4.434938379944821,5.7974482051691885,1.9213675703596707,10.759377859103385,0.15613343655429654,1.9796995599716218,1.2429754016442032,0.12383878903998852,0.027490499305852588,0.3169118593673283,1.6282378895095688,1.0,14.0,2.0608403337946664,0.09325688018546202,5.012215514208472,5.6369426751592355,1.0802547770700637,0.21443736730360938,5.518125270526796,14.0,1.978225994732034,0.058357517035248434,4.858028711277213,7.171974522292993,1.143403093721565,0.19028662420382167,5.679348499072559,14.0,1.8916222746588327,0.046169816373034016,4.659800962087531,8.643312101910828,1.1941664139116368,0.17452229299363056,5.732309449931602,1.0,1.793982648432034,0.03334549409017505,4.434938379944821,10.759377859103385,1.2429754016442032,0.15613343655429654,5.7974482051691885,14.0,1.644795558097324,0.01789818855575754,4.085141612409672,14.929487179487179,1.374541608511006,0.12980769230769232,5.874167577473967,14.0,1.5518421505938749,0.014662173463736673,3.857612116289082,18.134615384615383,1.4632784731956894,0.11735700197238658,5.899434738394382,14.0,1.418860377203307,0.010303111009973531,3.5316962764933066,24.116129032258065,1.7029433781943217,0.10048387096774193,5.928246218745909,14.0,1.3437674433109412,0.008227287170004248,3.3470776775223463,28.337662337662337,1.9045623657379227,0.09315684315684317,5.940443228258827,14.0,1.2285803165766676,0.0061154032931496054,3.0622776865019445,36.31578947368421,2.2896316143053204,0.08038124156545208,5.957088732029871,14.0,1.1483331044146174,0.0051881404291059495,2.8630505503928845,43.21333333333333,2.6239394081468452,0.07352564102564103,5.965681095775434,13.0,1.0260057959022237,0.004315922598355374,2.5585406058580262,56.24050632911393,3.092250522330179,0.06333171048360921,5.9788046062399145,13.0,0.9334057732932661,0.0037504524677694374,2.327888754531511,68.32467532467533,3.331351272396208,0.05606893106893106,5.987588623760244,12.0,0.7920928367590843,0.0028510328667477555,1.9759555425975888,91.74683544303798,3.5116161576050984,0.04604836092177864,5.99914946762538,0.4193913305692274,0.0006275357345275623,1.047537022821277,6.01014883160474,2.0031737652900707,253.0,0.02502274795268426,2.004254434500028,0.10506527218091094,0.7080171039680643,0.8130823765208257,1.5512276508626035,0.1495113013517331,3.6538021751289094,12.4375,1.5639848994560293,0.15378926919653915,3.6792783448452644,12.3875,0.24275499756943053,0.22999774897600478,-0.012757248593425752,1.8352342463734468,1.8611686565914876,1.855699625621989,-0.025934410218041017,-0.020465379248542644,S_ch
3.75,2.0,47534.0,2198.0,1.8038514726345152,0.03630328645584537,4.455173751902521,5.790165023405722,1.9179539123166256,10.615736505032022,0.15915968752199308,1.9826210792349588,1.2616601909831553,0.12623752348173875,0.02995565709305695,0.3252817317843285,1.6659798520514584,1.0,14.0,2.056886115314526,0.10530973087221078,4.984250691977999,5.617834394904459,1.084076433121019,0.2176220806794055,5.47980449298688,14.0,1.9844730157836319,0.06221780554953201,4.867855831134781,7.1210191082802545,1.1562026084319077,0.1910828025477707,5.672676405647004,14.0,1.9062896090521235,0.04501964928973571,4.6981945486957075,8.598726114649681,1.204605196643413,0.17707006369426753,5.75070146170907,1.0,1.8038514726345152,0.03630328645584537,4.455173751902521,10.615736505032022,1.2616601909831553,0.15915968752199308,5.790165023405722,14.0,1.6504430662926302,0.022735958432244824,4.092003728083209,14.865384615384615,1.3780494024599765,0.13397435897435897,5.866022630481112,14.0,1.5575305860814361,0.017401219879270974,3.867724635384683,18.108974358974358,1.4776400125303073,0.12031558185404342,5.895246554820624,14.0,1.4136649797283305,0.012324586426783525,3.515675569680651,24.43225806451613,1.6898182865360005,0.10193548387096772,5.927813025871389,14.0,1.3286946422945893,0.01062859837611615,3.305793708172299,29.084415584415584,1.8595851721226953,0.09153346653346654,5.939780574285429,14.0,1.208786151000412,0.008727461628872139,3.008874185057722,37.31578947368421,2.207146414954833,0.07936909581646423,5.953601492878281,14.0,1.1332606308849014,0.007604214078208648,2.82174525609494,43.78,2.5433647594019395,0.07224358974358973,5.9611992539877,13.0,1.035899672945903,0.006515787015120343,2.579975501842077,54.59493670886076,3.09020659049694,0.06385913664394675,5.97084666422883,13.0,0.9716985595324359,0.005705800874826184,2.42068769751885,63.753246753246756,3.5230792707242937,0.05859765234765234,5.977982425978838,12.0,0.8843033331451814,0.004739977465327256,2.203648366664962,80.36708860759494,4.1310602885889836,0.054061181434599155,5.9860059965319,0.7205988010155568,0.0012648705365858603,1.799599696734013,6.01671612527727,2.005150418246895,232.0,0.04686078252957234,2.0073149751623287,0.08876630910142218,1.4670933543776599,1.5558596637468982,1.548488273723267,0.17475634380661653,3.6090861685982434,11.925,1.5732063265217369,0.16538064053111165,3.6849448555076747,11.6375,0.25536319891124815,0.2306451461127783,-0.024718052798469836,1.8070085724823879,1.8626215099658932,1.836447476501159,-0.05561293748350531,-0.029438904018771157,S_ch
3.75,3.0,47551.0,2198.0,1.8067312071177293,0.033630750901979235,4.466381891441354,5.807663165888587,1.9246774716622028,10.667429094236047,0.15722429446125696,1.9853542680207088,1.257499696349193,0.12989376093450836,0.026960612665427094,0.3303732379252893,1.7031831980676824,1.0,14.0,2.083260551587789,0.08898690521449629,5.0746710211477275,5.598726114649682,1.0910828025477708,0.21549893842887471,5.557415961787967,14.0,1.9950332907030133,0.056021508155731606,4.903550964523936,7.127388535031847,1.154382772217167,0.19187898089171976,5.706262435607157,14.0,1.9027120334605203,0.04088806141444506,4.695447991529632,8.700636942675159,1.176802143362653,0.17197452229299362,5.771606304616811,1.0,1.8067312071177293,0.033630750901979235,4.466381891441354,10.667429094236047,1.257499696349193,0.15722429446125696,5.807663165888587,14.0,1.6541986327570952,0.019401890641095754,4.106393745931094,14.929487179487179,1.3820428455758293,0.12756410256410255,5.889503484801505,14.0,1.5567746639971316,0.016476246804283015,3.867222289786405,18.121794871794872,1.4709631722915812,0.11563116370808679,5.9043245317616595,14.0,1.420281259477542,0.012362475947064256,3.5321594347732588,24.193548387096776,1.7014931441042804,0.09709677419354838,5.933487403178485,14.0,1.3410338656700462,0.010532149998914879,3.3367864391767434,28.551948051948052,1.884051312556957,0.08753746253746253,5.94795673850905,14.0,1.2168784166971387,0.008298889036094027,3.029747708188706,37.125,2.219167211184119,0.07582658569500675,5.965132586042124,14.0,1.1252105187162758,0.007031524089557456,2.802479010656352,44.98,2.4945916930356313,0.06737179487179487,5.974242925854906,13.0,0.9960054088015816,0.0059224695498297855,2.481129817679209,59.04430379746835,2.9274357672195737,0.057732878935410584,5.9828488290845945,13.0,0.9057573641021605,0.0051845494265714475,2.2566165861155443,71.62987012987013,3.179425686821354,0.0521978021978022,5.990617043785794,12.0,0.7764031794355428,0.004230876426387563,1.934661633949276,94.88607594936708,3.4519793293585423,0.0448920804933463,6.001401397597334,0.2958811718801962,0.0011567142711523815,0.737967858293762,6.021179474989648,2.006674253572832,260.0,0.023202911737943584,2.009049568128594,0.09370363877914308,0.4692642455978202,0.5629678855548566,1.531129142942192,0.1470528953996323,3.607243514256031,12.65,1.538738860148501,0.16565768933134356,3.5983606163742374,12.5625,0.27560206417553723,0.26799234696922825,-0.007609717206308986,1.7837535907587478,1.832860946670369,1.8318791041702194,-0.04910735591162107,-0.04812551341147159,S_ch
3.75,4.0,47568.0,2198.0,1.8026284869862648,0.03496269340579246,4.454127177356972,5.8103436345302555,1.9251269803748208,10.779048490393413,0.15286086283341543,1.9883802740684924,1.249005098033003,0.1328868823954,0.028896875523198938,0.3421476852864843,1.755957109650808,1.0,14.0,2.081250467752316,0.10054026869179464,5.0523157663430975,5.598726114649682,1.0929936305732486,0.21231422505307856,5.532443413329769,14.0,1.9881753960263209,0.060135320910683306,4.880235508699777,7.1847133757961785,1.1441310282074613,0.18550955414012738,5.695458775206413,14.0,1.9072869258765137,0.04154210033514494,4.705904164188567,8.662420382165605,1.1907289455060157,0.17006369426751589,5.772907701617731,1.0,1.8026284869862648,0.03496269340579246,4.454127177356972,10.779048490393413,1.249005098033003,0.15286086283341543,5.8103436345302555,14.0,1.6547992283849235,0.02027778512146332,4.106581393280114,14.955128205128204,1.373835408635361,0.1266025641025641,5.890638976853367,14.0,1.5602433627006043,0.01599848980906054,3.8766106720379194,18.147435897435898,1.4779978292037452,0.11341222879684419,5.910938101733278,14.0,1.4151389115110804,0.012230254832464588,3.519501896529004,24.580645161290324,1.6850018540181957,0.09693548387096773,5.940830442851357,14.0,1.3303154049199433,0.010540750689255014,3.3099773862659756,29.435064935064936,1.8453334993155284,0.0879120879120879,5.956647401361376,14.0,1.209453155923816,0.008505238461540528,3.010875032117229,38.21052631578947,2.180481523748122,0.07582658569500675,5.976223722394442,14.0,1.1198405403630347,0.007263379647395662,2.788706281436493,46.36666666666667,2.4585492660992934,0.06814102564102564,5.986285228929611,13.0,0.9900552249369198,0.006151804108207334,2.4659103561799887,61.25316455696203,2.8767391060497136,0.05724602401817591,5.998381486838722,13.0,0.90320855758465,0.005142625826234022,2.250307455222274,74.24025974025975,3.173174219907776,0.05094905094905095,6.007121360705671,12.0,0.7990225543182488,0.0038731134397156615,1.991746715636048,95.68987341772151,3.6795730290369737,0.04572379097695554,6.017926545299426,0.3717914808539018,0.0006182858929806301,0.9285512732952835,6.0394805492886166,2.0129540877985455,261.0,0.020018198362147407,2.0139450121446183,0.12219378236734191,0.6082369057059314,0.7304306898280792,1.5411512996395913,0.17046304447985955,3.597183682379189,12.4125,1.5425516796049148,0.16834699443433188,3.6038587073607884,12.4375,0.26147718734667347,0.26007680738135,-0.001400379965323495,1.8134348882372677,1.8625701276301057,1.8370601479563868,-0.04913523939283801,-0.02362525971911917,S_ch
3.75,5.0,47585.0,2198.0,1.7930334576945888,0.027387525908754623,4.44150235537334,5.805363774913513,1.9259920830015862,10.727355901189387,0.15472587796467027,1.9735860783826726,1.249533995028048,0.1273463902071314,0.020217620557227287,0.3234653545903281,1.6791471876300559,1.0,14.0,2.073033653668454,0.08062194973428155,5.061651209569712,5.6050955414012735,1.0898089171974523,0.21443736730360938,5.559759020846527,14.0,1.9795572803604788,0.04593302756304775,4.879993659556625,7.1528662420382165,1.1461935092508342,0.19028662420382167,5.705816324687524,14.0,1.8980222056163993,0.03183930377329635,4.697296558381054,8.64968152866242,1.1924982307147913,0.17006369426751589,5.775910150665775,1.0,1.7930334576945888,0.027387525908754623,4.44150235537334,10.727355901189387,1.249533995028048,0.15472587796467027,5.805363774913513,14.0,1.6329596790228764,0.014427006267901499,4.060758688155338,14.974358974358974,1.3714456415397116,0.12724358974358974,5.865320682077566,14.0,1.5451859830087962,0.011003704396126213,3.8464594009277997,18.03846153846154,1.475275035571509,0.11637080867850098,5.887270413265747,14.0,1.4156846238180076,0.007575195713902232,3.527848765974165,23.64516129032258,1.7356734267621747,0.10129032258064516,5.909003406017917,14.0,1.3416939311118188,0.0061437646120040615,3.3450191808615415,27.5,1.9513638550390848,0.0919080919080919,5.917744327222658,14.0,1.240873447777101,0.004794273450012067,3.094992209267734,34.05921052631579,2.4114328554150926,0.07995951417004048,5.929454886993106,14.0,1.1715116585369432,0.004290604244899044,2.922343239975009,39.553333333333335,2.840388511748067,0.07217948717948718,5.93683058010506,13.0,1.076262105669041,0.0034559037191585506,2.6854714085938647,49.08227848101266,3.591357485333776,0.06296656929568321,5.945705503713401,13.0,1.0038351086682296,0.002866748272271747,2.5052876492621663,58.175324675324674,4.173771134683235,0.05741133866133866,5.950690539904103,12.0,0.8985870001809102,0.00209724446197772,2.243321633759309,74.74050632911393,4.9415668311122705,0.050490912041544954,5.957509834524651,0.5300415981277533,0.0002013410468038046,1.3248019837491776,5.967605248493269,1.9891346358154884,221.0,0.024112829845313922,1.9896215637304207,0.07299887084847989,1.0403011823874984,1.1133000545790344,1.5355544049290244,0.16936241037800598,3.584842396755552,12.325,1.5111588084504877,0.18846705128854452,3.4951964441934025,12.15,0.2574790527655644,0.2818746492441011,0.02439559647853673,1.7610384512388302,1.8213130519749459,1.8138199735485006,-0.06027460073611568,-0.05278152230967054,S_ch
3.8,0.0,48000.0,2198.0,1.7765584203546176,0.0835391578388188,4.316087314128316,5.820337406500618,1.9122660828872668,12.096980786825252,0.12210570765008093,2.053899315015244,1.0846070659542757,0.11666673282940519,0.0433560478468832,0.3033163977703164,1.0795105955426558,0.9995425434583715,14.0,1.985248909515843,0.19869903068702563,4.6650737277590695,5.796178343949045,1.0452229299363056,0.19426751592356692,5.176508975008767,14.0,1.940189458047305,0.1405645631862107,4.639626800338947,7.611464968152866,1.0637549287230814,0.16003184713375795,5.508957879191498,14.0,1.864326629236438,0.10668933384756098,4.500782572319753,9.394904458598726,1.0764583965220909,0.14140127388535031,5.66406400275653,1.0,1.7765584203546176,0.0835391578388188,4.316087314128316,12.096980786825252,1.0846070659542757,0.12210570765008093,5.820337406500618,14.0,1.6002505459740248,0.05396195533204933,3.9196834319369875,18.08974358974359,1.1162550310115205,0.09871794871794871,5.977392038323626,14.0,1.482956510566162,0.040729838632590325,3.6462965184665186,23.185897435897434,1.1332128292767343,0.08505917159763313,6.047236773403189,14.0,1.285701891637266,0.02663169523938705,3.174307186234085,34.56774193548387,1.1666625225829361,0.0646774193548387,6.128232387625143,14.0,1.1667298444426941,0.019968833060029757,2.8868713615166905,43.701298701298704,1.19855793851849,0.055444555444555454,6.162130272231488,14.0,0.987024410125098,0.013044859070659028,2.447993736706757,62.38815789473684,1.2574880123949428,0.04377530364372469,6.203668937308768,14.0,0.8662400006872428,0.009833117648803078,2.1508503252449023,79.54,1.3135724490086143,0.0375,6.222002480490225,13.0,0.712402872855339,0.006972387672237955,1.7705486006299902,109.41772151898734,1.4305645228402513,0.03201071080817915,6.239896489298112,13.0,0.6180718555122715,0.005318925482458551,1.537201250556991,135.02597402597402,1.5439241050916244,0.02993881118881119,6.250364416637779,12.0,0.5057580713706986,0.003699273182574762,1.2588462686528845,176.4240506329114,1.7702789589417673,0.026249594287568966,6.259629220082993,0.20597687983527027,9.932549250990519e-05,0.5147932113494108,6.278190425937785,2.0926970334817585,441.0,0.01910828025477707,2.0928621206070033,0.2018169110112654,0.16179400824559842,0.36361091941444457,1.560791170393794,0.20672303985503876,3.5918933662019255,12.5625,1.6369895568807387,0.2026027656605426,3.788569743711032,12.6875,0.21576724996082364,0.13956886347387898,-0.07619838648694466,1.8011169604523185,1.8537182967176389,1.8361315197174075,-0.05260133626532044,-0.035014559265088605,S_ch
3.8,1.0,48017.0,2198.0,1.7895477532000152,0.09622119144986614,4.329537595825239,5.838777062503398,1.9141852903511776,12.26715462031107,0.11309733267647265,2.077003117574497,1.068051281340394,0.12261683056443018,0.048020019254541906,0.32197932534188983,1.0091035085686912,0.9995425434583715,14.0,1.9983312446836177,0.20613366394697596,4.686627615788579,5.885350318471337,1.0254777070063694,0.18152866242038215,5.209653297234661,14.0,1.9613686687208707,0.14599877709730716,4.684423506156216,7.732484076433121,1.0430087958750376,0.14968152866242038,5.5621279936245145,14.0,1.892808594090202,0.12316020061463354,4.5472811843035545,9.509554140127388,1.0597512890506522,0.13439490445859872,5.700541708498581,1.0,1.7895477532000152,0.09622119144986614,4.329537595825239,12.26715462031107,1.068051281340394,0.11309733267647265,5.838777062503398,14.0,1.6070430977619183,0.06424052989800073,3.9212469495577955,18.487179487179485,1.0908634890684188,0.08814102564102565,6.001345781781163,14.0,1.4973951352508743,0.04910770806370459,3.669826276031629,23.75,1.102178364901477,0.07741617357001972,6.094304844646369,14.0,1.2975636159878883,0.03303383455712407,3.194358288134034,35.41290322580645,1.1361105305111967,0.06080645161290322,6.172980297148112,14.0,1.178410066202102,0.026058159212381547,2.9069379266866817,44.81818181818182,1.1663336685694967,0.05407092907092907,6.207288867987033,14.0,1.0024902891442842,0.01773831974393987,2.4796182432448006,63.55921052631579,1.2326714958567002,0.045124831309041824,6.249250264552361,14.0,0.8862694069733255,0.013753231195555576,2.1950436706399805,80.35333333333334,1.300384376135799,0.03948717948717948,6.267019400233584,13.0,0.7359021051316765,0.009975013609175555,1.824792742415428,110.10126582278481,1.423756063509796,0.03286270691333982,6.289747541922777,13.0,0.6401601427607368,0.007841541623212928,1.5886380444670225,135.92207792207793,1.535710003391848,0.02981393606393606,6.300825741072744,12.0,0.522730972251402,0.005656169898118655,1.2983431757813269,179.40506329113924,1.7434611989331372,0.026290165530671858,6.313517024249175,0.19396847370307657,0.000858019358357609,0.48363415522015496,6.335061711729452,2.111401230790365,460.0,0.015013648771610554,2.1128421873076833,0.20543919730502802,0.13344402622343665,0.33888322353822886,1.6289680539688853,0.20793168360544775,3.760522609514041,12.525,1.607666986903417,0.19841156820084388,3.721550114957276,12.675,0.1605796992311299,0.18188076629659822,0.021301067065468304,1.8034809203851079,1.8677345633439397,1.8503945665840718,-0.06425364295883197,-0.046913646198964216,S_ch
3.8,2.0,48034.0,2198.0,1.7881578836089826,0.09003475338946625,4.335342578938257,5.833966244814573,1.9146438304750357,12.150503202195791,0.12027588148356674,2.0681770413051996,1.0806167477942408,0.1236149134132765,0.04710802776231182,0.32239708603274486,1.091739851866094,1.0,14.0,2.03011706655452,0.19829556976858095,4.777849311733428,5.808917197452229,1.043312101910828,0.1900212314225053,5.269621518383084,14.0,1.9568954984597042,0.1441945682039106,4.675946893843395,7.611464968152866,1.0647861692447675,0.160828025477707,5.534054478783209,14.0,1.8930728844932998,0.11772763287875511,4.556090761915116,9.477707006369426,1.0646294611262763,0.1382165605095541,5.709258468994777,1.0,1.7881578836089826,0.09003475338946625,4.335342578938257,12.150503202195791,1.0806167477942408,0.12027588148356674,5.833966244814573,14.0,1.6094892911686955,0.06072558757679266,3.932634846556549,18.28205128205128,1.1041186933959022,0.09487179487179487,5.995778399704926,14.0,1.4899479050393547,0.04482482629594645,3.6576325231544673,23.416666666666668,1.120006301890977,0.07988165680473372,6.06753243799294,14.0,1.2901931798249524,0.029171586372665363,3.1817255700033824,34.95483870967742,1.1527603373926691,0.061774193548387105,6.147125354296608,14.0,1.1702031933404806,0.022721273071137874,2.891426073744495,44.41558441558441,1.179030701758589,0.05294705294705296,6.185093823093554,14.0,0.9881330579378216,0.01486807980270255,2.4480305251405,63.08552631578947,1.2444617699520253,0.04343792172739541,6.217730092882138,14.0,0.8693305064723073,0.011583163677758423,2.155951520664131,80.3,1.3019308416262956,0.038269230769230764,6.239136332586856,13.0,0.7174414719925943,0.007824061052937243,1.7818675884020796,110.68354430379746,1.4141105169330244,0.03322784810126582,6.264143085337459,13.0,0.6245514283935693,0.005944485067555884,1.5524618433825894,136.6818181818182,1.5253667229826082,0.030688061938061936,6.278609036357397,12.0,0.5093100304413865,0.003898444992759217,1.2674274086143276,179.32911392405063,1.741971903699761,0.02702044790652385,6.292258814886521,0.1789881102792924,0.0002905643590001006,0.4470344291597308,6.3136180405477305,2.10444249206291,469.0,0.017288444040036398,2.1049415647524463,0.1996796046493895,0.11199923929496869,0.31167884393043366,1.61957016092857,0.2041306093247873,3.7427294883342435,12.6,1.5742621144003912,0.19070398997338023,3.649599301040907,12.65,0.16858772268041267,0.21389576920859144,0.04530804652817877,1.8156057594015091,1.840118295148977,1.8629738724502853,-0.024512535747468176,-0.047368113048776195,S_ch
3.8,3.0,48051.0,2198.0,1.791796713007168,0.0902636731063012,4.344096272858468,5.84358985110153,1.9177753926650767,12.16971637694419,0.11869237807023716,2.0703147535068585,1.0770238986387202,0.12510601794187123,0.04536563801924613,0.323747992246092,1.0363995722033854,0.9986276303751144,14.0,2.0321864491513226,0.18475940275900593,4.8033270187397985,5.8789808917197455,1.026751592356688,0.18259023354564755,5.319856713914482,14.0,1.9588345366092168,0.1423946038662175,4.683494435723715,7.75796178343949,1.0370033363663935,0.14888535031847133,5.569133428527882,14.0,1.894470077799623,0.10674808802645916,4.576053062459369,9.579617834394904,1.0497927408755434,0.132484076433121,5.7498853005444985,1.0,1.791796713007168,0.0902636731063012,4.344096272858468,12.16971637694419,1.0770238986387202,0.11869237807023716,5.84358985110153,14.0,1.6187554355269873,0.057269911582387735,3.960983721443886,18.262820512820515,1.1033843249400523,0.09455128205128205,6.017022728786952,14.0,1.504587039652435,0.04478405570177045,3.694291515578431,23.326923076923077,1.124315158170825,0.08160749506903353,6.089037575129604,14.0,1.3108614202037099,0.02827620797424766,3.234739238547903,34.60645161290323,1.1664157432127114,0.06403225806451614,6.1723256655792555,14.0,1.1915673820564856,0.02223132164273957,2.9455714726771043,43.84415584415584,1.1964813613186247,0.05631868131868132,6.205701516286605,14.0,1.0120975623852646,0.015510380931847171,2.5069783345653907,62.55921052631579,1.256283252725516,0.04765519568151146,6.245154797820861,14.0,0.8925047592173282,0.012421253624869113,2.212630017606017,79.76,1.312604080667367,0.043333333333333335,6.264382787403012,13.0,0.7346914860904067,0.009126582245968884,1.8230388418570627,110.24683544303798,1.4228696823323714,0.037528399870172015,6.282218348548843,13.0,0.6393691557603886,0.007633326642686513,1.5869728994369414,135.85714285714286,1.5379122813052504,0.03434065934065934,6.291702795342934,12.0,0.5198931353458208,0.005958445992932364,1.2907951693751534,178.4746835443038,1.7539012494121877,0.03115871470301849,6.299896056832833,0.17776539646263415,0.00029405566749041157,0.44397240765534973,6.3272586586202095,2.1089882009842396,458.0,0.017743403093721567,2.1094737048205054,0.18502234351905414,0.13440661426013278,0.31942895758203527,1.6349664892287685,0.18947328457565896,3.803206296208433,12.5625,1.6242087996341144,0.18478233588599297,3.783348495256297,12.65,0.1568302237783994,0.16758791337305357,0.010757689594654174,1.7711047927768953,1.7956905946306618,1.776908690978221,-0.02458580185376614,-0.005803898201325788,S_ch
3.8,4.0,48068.0,2198.0,1.7889065224749174,0.08623942166558766,4.3429071736889115,5.851305664282088,1.921688747538834,12.195791399817017,0.11784784291646141,2.066696441202582,1.0744940913513648,0.12984763212105674,0.04452031962613983,0.33599346466074625,1.01005948591464,0.9995425434583715,14.0,2.0250101098752022,0.19178899125264698,4.774841787809035,5.872611464968153,1.0273885350318472,0.18471337579617833,5.293323225638248,14.0,1.9675890953450914,0.135795620036738,4.71527930830762,7.687898089171974,1.0482863208977857,0.15764331210191082,5.58672632832368,14.0,1.8979021645962701,0.10841173963653811,4.582137802035867,9.547770700636942,1.053836821352745,0.13566878980891717,5.749273460516422,1.0,1.7889065224749174,0.08623942166558766,4.3429071736889115,12.195791399817017,1.0744940913513648,0.11784784291646141,5.851305664282088,14.0,1.6106347172565805,0.055022660435341,3.94405280248844,18.403846153846153,1.0949464087860135,0.09166666666666665,6.022988712107773,14.0,1.4941824581872942,0.042022651722425176,3.6724221678845983,23.628205128205128,1.106703616961054,0.07790927021696252,6.096727279091987,14.0,1.2926763489431623,0.025587701281955807,3.1933093204349725,35.20645161290322,1.1427626401062045,0.05983870967741935,6.172051630548781,14.0,1.1701078835707543,0.01884877523419073,2.8969965460755995,44.603896103896105,1.1719100151079016,0.05232267732267731,6.201251454273253,14.0,0.9877426406614026,0.012311443154268143,2.4508894369221044,63.58552631578947,1.2326336853357915,0.043859649122807015,6.23355610848792,14.0,0.8665330089248592,0.009586492367660687,2.1519527837606565,80.95333333333333,1.289802332124811,0.038717948717948716,6.248748216632104,13.0,0.7118603482107093,0.006839209331377315,1.769392056529707,111.4113924050633,1.4041142598908516,0.03290327815644271,6.2658338653729295,13.0,0.6138553712954367,0.00536194306621218,1.5265955136392733,137.77272727272728,1.5127769852874522,0.029564185814185823,6.275190315104586,12.0,0.4929015513869497,0.003959024310054077,1.226315342002293,181.29113924050634,1.7235997261085265,0.026229308666017526,6.284997897878666,0.17324736592983506,0.0003691307126043597,0.43256471875568103,6.3048332893774734,2.1014880528882895,453.0,0.017288444040036398,2.1021026464693153,0.19473733979876992,0.09970741782572468,0.2944447576611289,1.592959782312339,0.20618480064297456,3.6731222548163855,12.525,1.6422537873545089,0.17934426881865168,3.8366180651582953,12.5375,0.19594674016257851,0.14665273512040855,-0.049294005042169964,1.799233177912825,1.8283699742083985,1.837556086167601,-0.029136796295573322,-0.03832290825477581,S_ch
3.8,5.0,48085.0,2198.0,1.792680853612836,0.08628172255387723,4.352279550201274,5.842850281044018,1.9188561861633802,12.08508691674291,0.1234428883102259,2.0661034918039243,1.0858495588481865,0.12430246261419835,0.04573586961516526,0.32747592321943747,1.07839419976417,0.9986276303751144,14.0,1.9784882535006327,0.1964580841805453,4.651533507480765,5.8471337579617835,1.0312101910828024,0.1910828025477707,5.184711942925641,14.0,1.9336528618112143,0.13982779985248037,4.6243904547493155,7.6687898089171975,1.0505307855626327,0.16003184713375795,5.511510973420562,14.0,1.877695501728801,0.11329510910009731,4.524296090671857,9.394904458598726,1.073703366696997,0.14394904458598726,5.676639715271862,1.0,1.792680853612836,0.08628172255387723,4.352279550201274,12.08508691674291,1.0858495588481865,0.1234428883102259,5.842850281044018,14.0,1.6077546849357078,0.05532660275543195,3.9363968082061214,18.153846153846153,1.1119689960485388,0.09775641025641024,5.994805251246821,14.0,1.4978170101181627,0.04410325156022391,3.678387647955069,23.044871794871796,1.139809738098707,0.08629191321499012,6.061240706055304,14.0,1.3016793125340262,0.02824685540557323,3.211827998226706,34.31612903225806,1.1763240872809866,0.06612903225806452,6.1447434300787585,14.0,1.182627853456321,0.020919872120299988,2.9251898254603526,43.493506493506494,1.2057495298821472,0.0561938061938062,6.183641991787757,14.0,1.0018437594779968,0.013050107286243012,2.4850342377656274,62.10526315789474,1.2661204883807686,0.04546221322537112,6.223929640871529,14.0,0.8807785504939344,0.009698245555230335,2.1873990079019903,79.22,1.3226329831435595,0.03987179487179487,6.242092010323395,13.0,0.7282140637005436,0.006872257345597024,1.8102267732329638,109.21518987341773,1.4376809986883465,0.035296981499513144,6.261599329695524,13.0,0.634111407749038,0.005545329184264235,1.576960525596198,134.25324675324674,1.5565159701668012,0.03249875124875124,6.269690965329658,12.0,0.5153288209976638,0.004155674209761774,1.2820885411795164,176.39240506329114,1.7728721302757782,0.027872444011684514,6.278972653146566,0.18576274188701716,0.0007017989556503679,0.4633541562840673,6.298759068423165,2.0993524231558385,456.0,0.01592356687898089,2.1005482639653588,0.20054171714946611,0.12032751868036584,0.32086923584748206,1.6383681049174992,0.19232246889290558,3.8074365589543904,12.5,1.5949714613010157,0.19183804099568988,3.699671591759004,12.6,0.15431274869533684,0.19770939231182028,0.04339664361648343,1.8010173570114487,1.8406982329830746,1.8207317997895411,-0.03968087597162577,-0.01971444277809223,S_ch
3.828427,0.0,48284.0,2198.0,1.8376329512227882,0.09998102401550826,4.444110842033708,5.96822253195058,1.9560805026450236,12.633119853613907,0.09764937715532408,2.1194067819791282,1.0327631299268993,0.1201762440962509,0.045535216037351466,0.32092289797346096,0.7073532624991133,0.9995425434583715,14.0,2.07938947694165,0.21071333442959816,4.882403690709727,5.949044585987261,1.010828025477707,0.1740976645435244,5.367789100491367,14.0,1.999711058461342,0.1662171111001102,4.74995197950319,7.904458598726115,1.0142553836821353,0.13614649681528662,5.625108612315467,14.0,1.9347727955521177,0.13080587405244906,4.640723177801621,9.840764331210192,1.0182236376503893,0.11464968152866242,5.818958368043312,1.0,1.8376329512227882,0.09998102401550826,4.444110842033708,12.633119853613907,1.0327631299268993,0.09764937715532408,5.96822253195058,14.0,1.6559919464089103,0.0633952283557387,4.044887023488668,19.19871794871795,1.0448431284344595,0.07596153846153847,6.152151066286633,14.0,1.5338367320037558,0.0479460447676763,3.762672762857874,24.73076923076923,1.05427893362676,0.0663214990138067,6.225303267212536,14.0,1.3297200929730078,0.029522678702054137,3.2800162143794385,37.019354838709674,1.083941544190462,0.053870967741935484,6.304987743572515,14.0,1.2040469080025247,0.02331302923185773,2.9751477261585246,46.967532467532465,1.1100606769402583,0.046578421578421576,6.33063358024093,14.0,1.0155005101882035,0.015434096708723895,2.515600130407423,67.59210526315789,1.1558664197043835,0.0382085020242915,6.370230477084976,14.0,0.8904969329705974,0.012245034991960467,2.207874779938553,86.56666666666666,1.2030557594140665,0.03397435897435897,6.390347496265705,13.0,0.7276483739368766,0.0091476347365716,1.805399482737334,120.28481012658227,1.2984476188782905,0.029008438818565394,6.407524140486746,13.0,0.6279928699699318,0.007355129815897709,1.5589494802009825,149.19480519480518,1.3956098615763126,0.026629620379620383,6.419124196387419,12.0,0.5033231915959165,0.004927289917520156,1.2509170441135113,197.54430379746836,1.5804047879891452,0.023024180460889315,6.43026544261477,0.17737846675951227,0.0005181830297846801,0.44266889235410367,6.452540650782808,2.1506741559176743,496.0,0.017743403093721567,2.1515494910367217,0.18750142828073113,0.11193697437129835,0.299438402656504,1.6437149323996656,0.2086040391769537,3.796381272233733,12.725,1.6780650805201174,0.20898723370492958,3.881681850742899,12.6125,0.19391801882312265,0.15956787070267087,-0.034350148120451784,1.8638756587079064,1.8951167256227583,1.8891333881136931,-0.031241066914852147,-0.025257729405786664,S_win_p3
3.828427,1.0,48301.0,2198.0,1.8312532795112655,0.09556748586744612,4.434781969976995,5.957634233202439,1.9540222491116646,12.546660567246112,0.10074600605250193,2.107285088869627,1.0416590423909728,0.12127197599805803,0.04618527260073983,0.32838959205121676,0.8337957118964983,0.9981701738334858,14.0,2.059424708363331,0.20753732240627162,4.83725578729892,5.859872611464968,1.0312101910828024,0.18471337579617833,5.318405111179749,14.0,1.9872142433992273,0.14803263694740681,4.745986653076958,7.796178343949045,1.0339702760084923,0.14251592356687898,5.622146462546793,14.0,1.9212693214680794,0.1207904642842001,4.621987607243899,9.668789808917197,1.042184814477808,0.121656050955414,5.788149702459074,1.0,1.8312532795112655,0.09556748586744612,4.434781969976995,12.546660567246112,1.0416590423909728,0.10074600605250193,5.957634233202439,14.0,1.6510153175155813,0.05774106424333464,4.040926697423951,18.942307692307693,1.0601228908117453,0.08141025641025641,6.136945156927356,14.0,1.5291489859628953,0.04372740576061486,3.7572813562663154,24.25,1.0767252566909316,0.0712524654832347,6.197953763134679,14.0,1.3285116922841569,0.02572148591990178,3.282697001830539,36.21935483870968,1.107992061159395,0.05693548387096774,6.280245409038623,14.0,1.2054216662115527,0.01918090520639058,2.9847828077192955,46.02597402597402,1.133238830600651,0.04895104895104895,6.312831768743649,14.0,1.0200761810592132,0.013126111760370754,2.5305012850074764,65.8092105263158,1.1886085809500022,0.04225708502024291,6.342708041159482,14.0,0.8966187080073674,0.010261911618712065,2.22615390259035,84.05333333333333,1.2407041075362766,0.0375,6.359840850701436,13.0,0.7342132192854623,0.007887319494498186,1.8237020689719086,117.04430379746836,1.3355952667935231,0.03241642323920804,6.3761387337563535,13.0,0.6341369404677518,0.006487888622461746,1.575610518235687,145.5974025974026,1.4311027724100265,0.02887737262737263,6.386168398839234,12.0,0.5119731705442047,0.00457302638135826,1.2730733867884743,192.65189873417722,1.6206006653622396,0.02568159688412852,6.396917796715909,0.1650713122666444,0.0002627627787958886,0.4122841364984171,6.419043511993367,2.1395935830715236,499.0,0.023657870791628753,2.1400419616469564,0.17493381904837543,0.09854110939485139,0.2734749284449496,1.6867278495415234,0.17367868261633995,3.9563015999292985,12.7375,1.6599963946342495,0.19598529747436264,3.85601304037408,12.7125,0.14452542996974205,0.17125688487701596,0.02673145490727391,1.8374553053684772,1.8985208564235296,1.882563930093447,-0.061065551055052625,-0.045108624724969404,S_win_p3
3.828427,2.0,48318.0,2198.0,1.8412388478037547,0.09434250213397713,4.46158336630842,5.974251992710636,1.9599698301922204,12.529277218664227,0.10261102118375678,2.1136721271438783,1.0439828292069828,0.11763541705786874,0.047528742504930936,0.319487707475377,0.8809839842036694,0.9967978042086002,14.0,2.0506316555040853,0.20690455386034276,4.816222307969698,5.872611464968153,1.0280254777070061,0.18471337579617833,5.302212800273254,14.0,1.9954571872950122,0.15844568436050346,4.750974441696775,7.777070063694268,1.0370033363663935,0.1449044585987261,5.610899665530725,14.0,1.9372127289310468,0.12220888833240436,4.659718489829011,9.694267515923567,1.0394297846527147,0.12292993630573247,5.817264404559671,1.0,1.8412388478037547,0.09434250213397713,4.46158336630842,12.529277218664227,1.0439828292069828,0.10261102118375678,5.974251992710636,14.0,1.6528870288045032,0.05955078106473444,4.042891400414156,18.942307692307693,1.0615448721098875,0.08269230769230769,6.1342496116410326,14.0,1.53844656279192,0.040610812226688636,3.785200188639766,24.333333333333332,1.0742018192418652,0.0717455621301775,6.22373167634401,14.0,1.3351114248547837,0.023755363297391013,3.3021455171908722,36.44516129032258,1.1022004600911697,0.05693548387096774,6.30397489661722,14.0,1.2126049863108326,0.017698454585701955,3.0049647838985285,46.285714285714285,1.1280049570018018,0.048826173826173824,6.33599261294851,14.0,1.0263014833276525,0.012033078951318712,2.5477040898921532,66.36842105263158,1.1795292178819206,0.03964237516869096,6.369277872953877,14.0,0.8988355382308195,0.00966541006098744,2.232590730485567,85.11333333333333,1.2250721457223097,0.03519230769230769,6.385081258758951,13.0,0.7367441506913174,0.007012581959413505,1.8313415037891727,118.54430379746836,1.317815475975872,0.029941577409931835,6.405708924212964,13.0,0.6357793472831424,0.006020785080583609,1.5804171905869806,147.41558441558442,1.4123565362209825,0.02750374625374625,6.415200849764498,12.0,0.5114637561976662,0.004835170700004732,1.2714066344441586,195.78481012658227,1.5942570600727313,0.024586173320350534,6.4281704513689535,0.18524454178118763,0.0003991709358039941,0.4625125980492631,6.4392426911965295,2.146281173420242,491.0,0.021383075523202913,2.146957054896269,0.20378048122173117,0.11458122006240323,0.3183617013063511,1.7017367758100135,0.18553247072555404,3.9760432334367026,12.725,1.6697926746018474,0.20433653815605482,3.867976879270536,12.6375,0.1395020719937412,0.17144617320190725,0.03194410120816604,1.849228453512888,1.8742606108429642,1.8942031968518147,-0.02503215733007618,-0.04497474333892682,S_win_p3
3.828427,3.0,48335.0,2198.0,1.8307957513671902,0.09335817266210412,4.436952119424819,5.961975183642618,1.9562056703268382,12.573193046660567,0.10042930536983602,2.108452423915621,1.039120736181578,0.1176523893817788,0.044442451048735294,0.31704334108805254,0.8118487572423856,0.9995425434583715,14.0,2.063272703124081,0.204521551089297,4.851399431176257,5.904458598726115,1.0197452229299362,0.18152866242038215,5.338364876225728,14.0,1.9946924198206204,0.15897654566489663,4.748266231054206,7.828025477707007,1.0265696087352136,0.14410828025477707,5.616377857461204,14.0,1.9184648759440621,0.13140510868319782,4.599054526835358,9.700636942675159,1.0357142857142858,0.12420382165605093,5.76444738704448,1.0,1.8307957513671902,0.09335817266210412,4.436952119424819,12.573193046660567,1.039120736181578,0.10042930536983602,5.961975183642618,14.0,1.6447391903972584,0.0588051360250572,4.02364027195556,19.08974358974359,1.0521221984070281,0.07820512820512822,6.132276727035432,14.0,1.5248160991080577,0.04384484373939367,3.7462729821610528,24.525641025641026,1.0643322072925652,0.07001972386587771,6.203068223443529,14.0,1.3187756101541603,0.027055591717024662,3.2563556378098637,36.89677419354839,1.0874810462501303,0.0567741935483871,6.282844504115295,14.0,1.191511059907118,0.020326075968457428,2.948288535815109,47.04545454545455,1.1085295717961048,0.04857642357642357,6.312913626320718,14.0,1.0042517963099815,0.01419007146293817,2.4893443835805473,67.5657894736842,1.1569148120744879,0.03879892037786775,6.349076775153186,14.0,0.8825983409315175,0.011162863927641554,2.1897515564373307,86.12666666666667,1.2096234767365743,0.0348076923076923,6.367550884330437,13.0,0.7213642573653504,0.007977844913052739,1.791443876043796,119.44303797468355,1.307784285672349,0.02953586497890295,6.38705827224232,13.0,0.6192683823464491,0.006020808002331895,1.5391397438626249,148.4805194805195,1.4019539785358361,0.026754495504495508,6.398801692250466,12.0,0.49494903399596013,0.004207747007659531,1.2310609644784107,196.18987341772151,1.5916102342958425,0.02349074975657254,6.4084812149066614,0.16770781670581275,0.0007555433961261571,0.4181362266703426,6.426676832148731,2.141973762917535,498.0,0.0186533212010919,2.143232673729354,0.19120660153843572,0.09619984524185554,0.2874064467767852,1.6867487384671047,0.19411969185425945,3.9256923083863726,12.7375,1.6605575898049072,0.20465588232459858,3.8444101510253703,12.65,0.14404701290008548,0.170238161562283,0.026191148662197516,1.8157396734693363,1.859610990308517,1.8622217250391973,-0.0438713168391807,-0.04648205156986071,S_win_p3
3.828427,4.0,48352.0,2198.0,1.8277733428026128,0.09343030283098788,4.42928790276005,5.946681316764913,1.9510836713113082,12.497712717291858,0.10331480047856992,2.104947862538858,1.0459528958385316,0.12155783167076781,0.04727057807268261,0.32961391649820376,0.8551251663534659,0.9977127172918573,14.0,2.0625860105937175,0.21013493687318116,4.841262621174521,5.89171974522293,1.021656050955414,0.18471337579617833,5.321535348112605,14.0,2.0047159838362267,0.14511561995898492,4.79411652965209,7.7834394904458595,1.0318471337579616,0.14968152866242038,5.655392749750755,14.0,1.9229260793144674,0.11929237798131338,4.6283766313141985,9.726114649681529,1.0314932767162066,0.12484076433121018,5.800406449556756,1.0,1.8277733428026128,0.09343030283098788,4.42928790276005,12.497712717291858,1.0459528958385316,0.10331480047856992,5.946681316764913,14.0,1.6492085442269586,0.0595612106269211,4.033679544627015,18.891025641025642,1.0639181223546548,0.08429487179487179,6.122991279235465,14.0,1.5287906507212803,0.044227715753021424,3.755635053173668,24.173076923076923,1.0806142421016562,0.07396449704142012,6.18950121944311,14.0,1.3272269814882216,0.02766664051149768,3.276567492953307,36.13548387096774,1.1117578801793826,0.058387096774193556,6.268030586700325,14.0,1.2036893378496891,0.02097570974350389,2.9777597800089666,45.95454545454545,1.1360760266017724,0.05032467532467533,6.300981513620937,14.0,1.018168108687593,0.01428078462942458,2.5239990947748456,65.85526315789474,1.1879016024416662,0.04082321187584345,6.337083528962545,14.0,0.8937558946141966,0.010623906925228023,2.218453876147649,84.10666666666667,1.239075099744047,0.035576923076923075,6.356936336555187,13.0,0.7344125693443024,0.007376348138251652,1.8249669011533787,116.28481012658227,1.3436190822695773,0.029738721194417388,6.374666446576229,13.0,0.6334806821568394,0.005776202813318316,1.575037401172121,144.2792207792208,1.4436551854210813,0.026692057942057944,6.384374259804861,12.0,0.5108625369040253,0.004395207186059383,1.2705635314809745,190.60759493670886,1.6379999573142425,0.023531320999675424,6.392728985933955,0.17183845610770113,0.0005831190368867922,0.42872146171392256,6.420185718599792,2.139867533187635,491.0,0.01637852593266606,2.140875403114575,0.19414551259523632,0.09934790177398689,0.29349341436969034,1.6691932964400245,0.19113899324285938,3.886274751235772,12.65,1.66239090967923,0.21585374039417798,3.8321966636068074,12.6875,0.15858004636258838,0.16538243312338285,0.006802386760794477,1.8475895337742871,1.8921393297311728,1.8809532109351403,-0.04454979595688621,-0.033363677160852846,S_win_p3
3.828427,5.0,48369.0,2198.0,1.8209982797588777,0.09904161775465649,4.40393327276521,5.932343105998482,1.944433829414609,12.582342177493139,0.100534872264058,2.107482634458587,1.0372492075374051,0.1183955314755638,0.045827085381916606,0.31951440466760733,0.7358542185429803,0.9995425434583715,14.0,2.0296826574504654,0.2102061176138634,4.758897467205368,5.89171974522293,1.0222929936305734,0.1836518046709129,5.2579940524922595,14.0,1.9652048165270495,0.15673761286337695,4.677905622022558,7.834394904458598,1.0248710949347892,0.14251592356687898,5.564462098400244,14.0,1.9000204625181618,0.1287948498669796,4.556858881494936,9.770700636942674,1.0271458902032151,0.1178343949044586,5.744544397275668,1.0,1.8209982797588777,0.09904161775465649,4.40393327276521,12.582342177493139,1.0372492075374051,0.100534872264058,5.932343105998482,14.0,1.6331620825224473,0.0654462895958706,3.9847357719123124,19.044871794871796,1.0535891482098911,0.08141025641025641,6.094056593894916,14.0,1.5184808313856781,0.04683210882880469,3.725953915220988,24.487179487179485,1.064722161896075,0.07001972386587771,6.185611438397182,14.0,1.3179248186783676,0.028552016796434557,3.2519840215012663,36.593548387096774,1.0960555592189305,0.054838709677419356,6.269351081149938,14.0,1.1934186911495774,0.022337023407950685,2.950041192762017,46.5,1.1208775858960243,0.04745254745254745,6.298698038205145,14.0,1.0116666589810803,0.014968630264689343,2.5067137020556665,66.4407894736842,1.1764874068887792,0.03964237516869095,6.339166951123507,14.0,0.8890186468725183,0.011449124906347141,2.205372929821775,84.72,1.2297096896793553,0.034551282051282044,6.359215795852366,13.0,0.7307555906863807,0.00821573593078644,1.814565372819772,117.27215189873418,1.3326421343787307,0.02998214865303473,6.379527010468108,13.0,0.6323866654059703,0.00665227798212649,1.570988246541736,145.33766233766235,1.4336759756667603,0.027253996003996007,6.3903482196730765,12.0,0.5087057413810426,0.005135211377684384,1.26406153638608,192.5,1.6229881981004328,0.023957319052255757,6.401399796727998,0.1815308342684123,0.001301645717555644,0.45187461709469723,6.420869585469134,2.139855979917193,479.0,0.018198362147406732,2.1421073995538933,0.2109641921426918,0.09594470710130132,0.30690889925281617,1.624968876851326,0.20747748423233753,3.751205965779808,12.5625,1.6811782557204968,0.2069884224391517,3.8924630056425142,12.6625,0.19602940290755178,0.1398200240383809,-0.05620937886917088,1.828941740142466,1.8864444554329995,1.8418489198430668,-0.05750271529053368,-0.01290717970060081,S_win_p3
3.85,0.0,48500.0,2198.0,1.864337658130205,0.09342709195166053,4.520703507398021,6.038360076647576,1.981644328231972,12.664226898444648,0.09641776338940108,2.1304616558830562,1.0300071853022446,0.11232695244201411,0.04701491782472971,0.31118571410077944,0.6842705840090977,0.9981701738334858,14.0,2.074894603426678,0.21812538177439889,4.860048435905097,5.936305732484076,1.0133757961783438,0.1762208067940552,5.33937126807823,14.0,2.0197918108113453,0.16010518824911432,4.809321744654693,7.8789808917197455,1.0175917500758265,0.1393312101910828,5.673405557930768,14.0,1.9545584437681347,0.12746793402745854,4.695194208379148,9.815286624203821,1.0214841775351329,0.11656050955414012,5.861288175688098,1.0,1.864337658130205,0.09342709195166053,4.520703507398021,12.664226898444648,1.0300071853022446,0.09641776338940108,6.038360076647576,14.0,1.6783664650158694,0.054676386576353375,4.113901582675142,19.153846153846153,1.0482599472537553,0.07756410256410257,6.209980592742862,14.0,1.553249532238932,0.03836794123523281,3.82557191874448,24.705128205128204,1.0554072256246168,0.0675542406311637,6.280670681211207,14.0,1.3472624613369064,0.023324714362781555,3.333169081798093,37.04516129032258,1.0827888288194727,0.05516129032258064,6.352009856040159,14.0,1.2239173845550517,0.017224144271614592,3.0339572449802072,47.077922077922075,1.1075392748821158,0.04795204795204795,6.382630793184565,14.0,1.0394153453905575,0.011506530097832219,2.5812785683296453,67.25,1.1625918866027425,0.039558029689608636,6.412986438628394,14.0,0.9160588196357139,0.008809683044874455,2.276932524521973,85.66666666666667,1.2163254667985313,0.036410256410256414,6.428132300518212,13.0,0.7531236024363185,0.006563151868659975,1.872964278287806,119.0886075949367,1.3119338093419963,0.03209185329438493,6.4426045921564405,13.0,0.6481154352218274,0.005293712035486109,1.6123480200013391,148.69480519480518,1.4006048795887935,0.029689060939060943,6.451552668615957,12.0,0.5131235890896356,0.0039057007031721627,1.2769504216693308,200.06962025316454,1.5606569873124487,0.027081304771178184,6.461844053792521,0.17732660439176803,0.0014428381174784732,0.44115225380320233,6.479872248064259,2.1594764699822604,505.0,0.022747952684258416,2.161750555021927,0.1910935664117932,0.10981258408344985,0.3009061504964414,1.7025703864376243,0.2001653505591398,3.956177940255351,12.6375,1.7256631789803258,0.20416159281651466,4.007915558226042,12.7375,0.16176727169258065,0.13867447914987907,-0.02309279254270158,1.8824352163703284,1.9351098632030217,1.8940135253284107,-0.052674646832692934,-0.011578308958082102,S_ch
3.85,1.0,48517.0,2198.0,1.856208502736214,0.09187227016999552,4.5027128515855415,6.012864806828659,1.973664178886221,12.562671546203111,0.09933844746287564,2.119649823907043,1.0477860225572941,0.12128755316348434,0.04621589048747994,0.3334083526656374,1.0049998516498309,0.9967978042086002,14.0,2.0613201189166257,0.21296528017947725,4.833852377022349,5.929936305732484,1.0171974522292992,0.1751592356687898,5.328144948779021,14.0,2.0235038679161996,0.15886095221367988,4.820468241469979,7.853503184713376,1.0286927509857446,0.13853503184713375,5.680318528169345,14.0,1.9498967489669736,0.11970051127019311,4.695191105512145,9.751592356687897,1.0414771003942978,0.1178343949044586,5.858488868269996,1.0,1.856208502736214,0.09187227016999552,4.5027128515855415,12.562671546203111,1.0477860225572941,0.09933844746287564,6.012864806828659,14.0,1.6679538988838674,0.05406426562758203,4.088788348768294,19.05128205128205,1.0574166171034471,0.07756410256410257,6.182332861793083,14.0,1.5517306268457693,0.03854298967913441,3.821512082595722,24.5,1.068590282503326,0.06977317554240631,6.262904757563954,14.0,1.3514136393734177,0.02224920598304707,3.345160289458973,36.6,1.0992064898069185,0.056451612903225805,6.341261728471839,14.0,1.2277052018517223,0.016947905396117124,3.04384114653513,46.4025974025974,1.1262792526972951,0.049825174825174824,6.366212409636167,14.0,1.0466033089488556,0.01149103775590716,2.5992717157382788,66.25,1.182095538209365,0.04276315789473684,6.4020929720274395,14.0,0.9225201321558162,0.008584460551163466,2.2934236395627954,84.49333333333334,1.2350813834480516,0.038782051282051276,6.417157724502545,13.0,0.7635584726908816,0.005755286344576694,1.9002632522103393,117.17088607594937,1.335174272563701,0.033917559234014925,6.437346665600992,13.0,0.6625329958492562,0.0043228317048357645,1.649848242065887,145.78571428571428,1.4299566669283512,0.031749500499500496,6.447847723757546,12.0,0.53735229056833,0.0030727236660502096,1.3387716409217494,193.96835443037975,1.6109354473805062,0.02906929568321973,6.458855199886795,0.18075715360639982,0.00032180409460114134,0.45141017787409776,6.4744418929219645,2.158040029609121,496.0,0.02456778889899909,2.158518493593991,0.19930848778699967,0.10908942665935406,0.3083979144615725,1.6622537820875611,0.20707469009389895,3.845022420078055,12.7125,1.7132878086875813,0.20629376294727156,3.973778877298045,12.8,0.19395472064865293,0.14292069404863272,-0.05103402660002021,1.8385002369747818,1.8765481668568829,1.8945464341029623,-0.03804792988210089,-0.05604619712818004,S_ch
3.85,2.0,48534.0,2198.0,1.8543229602016849,0.0919116179027256,4.497939973650123,6.021402663688761,1.9764970152620116,12.659194876486733,0.09652333028362306,2.1237751230308985,1.030451126082416,0.11906517069284624,0.04736541143533597,0.3226965914191197,0.6914390178190609,1.0,14.0,2.0658577675039473,0.1989773378190918,4.866178412031229,5.923566878980892,1.015923566878981,0.17834394904458598,5.362715567203601,14.0,2.0091638854447003,0.15571350268223666,4.789339459588396,7.8789808917197455,1.0178950561116165,0.13853503184713375,5.664996547672835,14.0,1.9551718261535782,0.12491855240942741,4.700551736769805,9.834394904458598,1.019108280254777,0.11401273885350317,5.872560166678717,1.0,1.8543229602016849,0.0919116179027256,4.497939973650123,12.659194876486733,1.030451126082416,0.09652333028362306,6.021402663688761,14.0,1.6640139055548429,0.052226144944825026,4.081695546469868,19.185897435897434,1.0464015903257389,0.07692307692307693,6.188794121460219,14.0,1.5398029991671731,0.039967988282305876,3.789555515494474,24.80128205128205,1.0510227574358009,0.0665680473372781,6.25674032029058,14.0,1.3343750387142794,0.02472618144166538,3.2988483246232,37.18064516129032,1.0784023816831165,0.05451612903225806,6.329882396709016,14.0,1.2117818028223828,0.01885456549754986,3.0011726588096317,47.246753246753244,1.1032573652921525,0.046953046953046945,6.362009989014892,14.0,1.024168884107481,0.013054140857526092,2.5408409989824134,67.66447368421052,1.155554797785406,0.03846153846153846,6.391195929683707,14.0,0.899348403770014,0.010463165521834957,2.232676261142282,86.42,1.2061227550268276,0.034230769230769224,6.407255679842074,13.0,0.7374640612303104,0.008238861416152874,1.8313018609515466,120.34810126582279,1.2992022655047972,0.02981986368062317,6.427229965987645,13.0,0.6333366222472877,0.006990113345366362,1.5728563856001696,150.2987012987013,1.3865424818577874,0.027316433566433564,6.4373903945592,12.0,0.5060821670957021,0.005204122787620002,1.2573992335578252,200.0253164556962,1.5612377370117916,0.025357026939305416,6.4514388248314525,0.1680336901219023,0.0017304478052162509,0.4174885535969314,6.46244762103022,2.1535723910750013,498.0,0.02183803457688808,2.156482311789118,0.19330067273875756,0.0834196880330822,0.27672036077211537,1.6886824962492948,0.1993156934789786,3.9227327004047696,12.6625,1.683283138470483,0.20239433835458112,3.9046163386443355,12.75,0.16564046395239007,0.1710398217312019,0.005399357778811842,1.8086043761712831,1.8529082783034194,1.8527630858160906,-0.04430390213213635,-0.044158709644807705,S_ch
3.85,3.0,48551.0,2198.0,1.8725841475330227,0.08648651559356242,4.551730595442212,6.068966951066884,1.9941601451577742,12.666971637694418,0.09662889717784502,2.1319682298271543,1.0292141451107601,0.10764566764721416,0.04419182391019587,0.3001084174414026,0.6371954189574176,0.9981701738334858,14.0,2.082074368463902,0.19798803861297126,4.908203863240299,5.942675159235669,1.0121019108280256,0.1751592356687898,5.400366986610774,14.0,2.0193839681583134,0.15327472064324124,4.818547839430921,7.859872611464968,1.0206248104337277,0.1409235668789809,5.68511932364833,14.0,1.9542110225591662,0.1146550212041163,4.713545024591741,9.821656050955413,1.020599534930745,0.11592356687898087,5.889389695190859,1.0,1.8725841475330227,0.08648651559356242,4.551730595442212,12.666971637694418,1.0292141451107601,0.09662889717784502,6.068966951066884,14.0,1.68088913057661,0.04838878552303331,4.129639648156976,19.21153846153846,1.0436981247739763,0.0766025641025641,6.233476287244298,14.0,1.559336903770337,0.036222901468593256,3.8440079072229514,24.615384615384617,1.059091198656416,0.06730769230769229,6.292476693529026,14.0,1.3518376436119506,0.022254255437655072,3.3462127258733934,36.883870967741935,1.0867971975731885,0.054193548387096765,6.358597629554086,14.0,1.2268035794460306,0.01644462550523949,3.042342010357217,46.84415584415584,1.112394590443014,0.04707792207792208,6.384640544913666,14.0,1.036308659873351,0.011559881594146944,2.5734318272921577,67.36184210526316,1.1601828784724468,0.039051956815114704,6.4127780448051235,14.0,0.9053299659798367,0.009096873610181183,2.2496796045343204,86.65333333333334,1.2024307224382171,0.0355128205128205,6.426952066678723,13.0,0.737932797041151,0.006485621311071419,1.83510356063627,120.98101265822785,1.2914943788017614,0.030469003570269385,6.443747572892411,13.0,0.6296163508391378,0.005235905647222739,1.5661870186270102,151.05194805194805,1.378881767773524,0.027066683316683316,6.45121915130965,12.0,0.49645093052443345,0.004142753832680758,1.2349131955620622,201.9746835443038,1.546035918449047,0.023754462836741312,6.45827613057344,0.16336984828269874,0.0010892498656591698,0.40679074590825803,6.479940782485368,2.159617177539903,501.0,0.021383075523202913,2.1614324544363286,0.19029994179873683,0.06993112523083234,0.2602310670263641,1.6558538398620015,0.19063140079674773,3.8536874984598826,12.575,1.6844174458659633,0.20096815774231952,3.9095913780514295,12.6875,0.2167303076710212,0.1881667016670594,-0.028563606003961794,1.905651813186004,1.920534088701118,1.9536073366915565,-0.014882275515113865,-0.04795552350555218,S_ch
3.85,4.0,48568.0,2198.0,1.8752554163781958,0.09216955617414956,4.549884206684266,6.055984782987594,1.9879384089378147,12.61985361390668,0.09831796748539658,2.1348032231128107,1.0350049640305816,0.11688397957239534,0.04836442823752152,0.32924144409812833,0.759537814258384,0.9981701738334858,14.0,2.1045705815097575,0.21334144923423495,4.941414279923041,5.910828025477707,1.0197452229299362,0.17834394904458598,5.409367606871945,14.0,2.035461739539325,0.16156614962251725,4.846305124414538,7.86624203821656,1.0209281164695176,0.13694267515923567,5.699259421228271,14.0,1.954800944245463,0.12954481255005434,4.692685141788576,9.78343949044586,1.0260843190779496,0.11528662420382164,5.851845618109316,1.0,1.8752554163781958,0.09216955617414956,4.549884206684266,12.61985361390668,1.0350049640305816,0.09831796748539658,6.055984782987594,14.0,1.690489057561943,0.05470832140632108,4.144160161795376,19.128205128205128,1.0497983753520785,0.07788461538461537,6.23153507756957,14.0,1.5646001149255495,0.03995555099961131,3.8515669608144574,24.628205128205128,1.059188265967442,0.0663214990138067,6.29421057113456,14.0,1.3591049304415799,0.024289805349043507,3.3613276180803835,36.987096774193546,1.0846251315850515,0.052096774193548384,6.370968329706385,14.0,1.231388045117846,0.0183325295989562,3.0509713183961806,47.1948051948052,1.1047031259503646,0.04495504495504495,6.399392218037193,14.0,1.042748198575545,0.012326427069545273,2.5883808558345445,67.9342105263158,1.1510049193576108,0.03677462887989204,6.43529274182649,14.0,0.9184569077008242,0.00909116179363646,2.282505526561606,86.52,1.2045493087912733,0.03294871794871795,6.451023443382649,13.0,0.7551559774757846,0.006090070811463794,1.8787548374722658,119.91772151898734,1.30238581334744,0.02823758519961051,6.466796549605054,13.0,0.6487812345329067,0.004743794017500793,1.6148373953060153,149.5194805194805,1.3923764700992292,0.025817932067932068,6.473939814757026,12.0,0.5193674618916252,0.003330211673727209,1.2934233372184722,199.0126582278481,1.5689100934446938,0.02247646867900032,6.480906638434444,0.180749849703804,0.00027391217530414735,0.45146375599655375,6.50759553487682,2.1691072075671722,518.0,0.020018198362147407,2.16957514208945,0.19023209495014115,0.10302950348853557,0.29326159844075406,1.7066107390111562,0.21367766401170574,3.9460103515103313,12.675,1.67187146373263,0.21053115309078083,3.8638819296954034,12.7625,0.16864467736703959,0.20338395264556586,0.03473927527852627,1.8882915108261729,1.950074916035807,1.9252248736759456,-0.06178340520963442,-0.036933362849773055,S_ch
3.85,5.0,48585.0,2198.0,1.857086164713071,0.09463267465157534,4.500766399805314,6.010327095670674,1.9718981403396998,12.576852698993596,0.10134421845309312,2.124238742316433,1.038847648488545,0.11964183101223562,0.04460497930788376,0.32421699356788597,0.803010331891194,0.9977127172918573,14.0,2.08145630444258,0.21063331233005406,4.887690792611369,5.917197452229299,1.0171974522292992,0.17940552016985137,5.36726431940484,14.0,2.0235445670307115,0.16127062322250432,4.8169554827430225,7.821656050955414,1.0282681225356385,0.14331210191082802,5.6691453030050525,14.0,1.9596258602472174,0.12532312090392939,4.7110799692621494,9.73248407643312,1.0324284703265596,0.12038216560509553,5.860718738188649,1.0,1.857086164713071,0.09463267465157534,4.500766399805314,12.576852698993596,1.038847648488545,0.10134421845309312,6.010327095670674,14.0,1.6750922576683922,0.05329121992887295,4.107793814277672,19.044871794871796,1.0542873019653205,0.08237179487179487,6.19699968208983,14.0,1.5522600523822756,0.04046925040020763,3.8199462553553767,24.487179487179485,1.0663915163571913,0.0722386587771203,6.259497254316951,14.0,1.3480897161057313,0.02346591249782729,3.335025421517587,36.774193548387096,1.0923225663113474,0.056451612903225805,6.341314935862684,14.0,1.2275393795467986,0.016795484563927807,3.0436552220211044,46.8051948051948,1.1153540972986367,0.049075924075924066,6.38033545853926,14.0,1.035345442537285,0.011690597309342859,2.570827710379198,67.44736842105263,1.1595409308140205,0.04099190283400809,6.407001206996195,14.0,0.9079922529777612,0.009225328300256196,2.256142639994019,86.37333333333333,1.2064367426762388,0.037243589743589746,6.421661642447157,13.0,0.7430522349799106,0.006950183991300893,1.8472053114628249,120.5506329113924,1.295965757717957,0.03326841934436871,6.437423546160217,13.0,0.6386944274190445,0.005689797622697288,1.5882013721135653,150.64935064935065,1.3822312933736882,0.03131243756243757,6.447129294261639,12.0,0.5100540995607526,0.004188181096472835,1.2688529772571722,201.70253164556962,1.548104834399575,0.02874472573839662,6.456947119268836,0.17178195072757613,0.0004338301285535806,0.4288041316261099,6.4765477301144205,2.158704633328622,512.0,0.025932666060054597,2.1593998925289397,0.1881249803462392,0.09598171173716175,0.28410669208326844,1.7303400111127432,0.18884064938691797,4.042589053701479,12.725,1.6914225235206248,0.20689846978005882,3.918208604131474,12.6875,0.12674615360032782,0.16566364119244614,0.03891748759211833,1.831532406912395,1.8515450620531944,1.8429701762422175,-0.020012655140799324,-0.011437769329822663,S_ch
3.9,0.0,49000.0,2198.0,1.8997549479634448,0.10790540561805977,4.587529261481522,6.08162205686986,1.9912388837506,12.711802378774017,0.09423604757548033,2.1619291360235837,1.0251859861191972,0.1089817987220652,0.05647509803806854,0.3164964661427302,0.5936672121231386,1.0,14.0,2.120118585975115,0.24549969441330943,4.932046923317824,5.987261146496815,1.002547770700637,0.16878980891719744,5.3892731913911645,14.0,2.049108019602032,0.18497083746473222,4.845313792807981,7.936305732484076,1.0097057931452835,0.13136942675159236,5.6911481909014325,14.0,1.9888099989653931,0.1456795474657521,4.753505676214854,9.86624203821656,1.0158224648670509,0.110828025477707,5.8992377908953495,1.0,1.8997549479634448,0.10790540561805977,4.587529261481522,12.711802378774017,1.0251859861191972,0.09423604757548033,6.08162205686986,14.0,1.7176893506385107,0.06314043103406745,4.199512730045176,19.352564102564102,1.035607022836125,0.07371794871794872,6.281934377215419,14.0,1.5956807893181217,0.04635152769463632,3.9196746817533503,24.884615384615383,1.046921255073429,0.0650887573964497,6.3551566779721425,14.0,1.3910896410656743,0.027423635632537705,3.43658864921538,37.406451612903226,1.0714736428708262,0.05370967741935483,6.440992398323373,14.0,1.2642477815005029,0.020730037937198215,3.1295243968454596,47.714285714285715,1.0921995425676403,0.045579420579420576,6.47308167208444,14.0,1.0724900255227976,0.013750744084916815,2.660598947679619,68.79605263157895,1.1358613366439096,0.038124156545209176,6.506562100529113,14.0,0.9405617570810914,0.010562599856411321,2.3355604929181117,88.68,1.1744809781379753,0.03461538461538461,6.524882382940816,13.0,0.7682714713457923,0.007432783573090074,1.9095295030048454,124.50632911392405,1.2544527984258438,0.03067185978578383,6.541663246867004,13.0,0.6571741678872385,0.005822673471991112,1.6342014095101098,156.05194805194805,1.334303731583097,0.02875249750249751,6.549816136871313,12.0,0.5192849362010823,0.004092422972549808,1.292073706043881,209.77215189873417,1.4883067790347575,0.02691901979876663,6.556986069173184,0.17010235444873847,0.0015931087291605195,0.4228662230281054,6.576496941661329,2.1916346109773897,527.0,0.025932666060054597,2.194075262759268,0.16337810531331343,0.10650099449960848,0.2698790998074454,1.760097141732777,0.20189977904647724,4.097393185762226,12.675,1.7337131356901991,0.21307035214033174,4.014677311015001,12.5875,0.1396578062306677,0.16604181227324566,0.026384006042577957,1.9099984529220302,1.9282019720443324,1.925770759386519,-0.01820351912230171,-0.015772306464488756,S_ch
3.9,1.0,49017.0,2198.0,1.9020481953533475,0.09862734372420244,4.607179472797066,6.103695942727153,2.0016895330009836,12.712259835315646,0.09282848898585402,2.1594164571529775,1.0257481031726228,0.10600412663387801,0.05231536101067411,0.3030273235541428,0.6494460432119867,1.0,14.0,2.113755998926918,0.24261745454982037,4.920463815492564,5.961783439490445,1.0076433121019108,0.173036093418259,5.376426585877569,14.0,2.0592344052754403,0.17155744222793753,4.890749849846695,7.910828025477707,1.0136487716105549,0.1337579617834395,5.733643699984311,14.0,2.0087580872585638,0.12849968495566444,4.829145690712912,9.853503184713375,1.017515923566879,0.11019108280254775,5.96975939415001,1.0,1.9020481953533475,0.09862734372420244,4.607179472797066,12.712259835315646,1.0257481031726228,0.09282848898585402,6.103695942727153,14.0,1.7165489026376473,0.059051761058840316,4.202794615005857,19.26923076923077,1.0409698517283654,0.07435897435897436,6.281211911264179,14.0,1.5956876821487815,0.043611407274061875,3.9238020944608603,24.775641025641026,1.0525476576563533,0.0645956607495069,6.352618913739008,14.0,1.3884965079731846,0.02798261804523031,3.4292673428651157,37.21935483870968,1.0777268146248151,0.05225806451612902,6.427113031131737,14.0,1.260920299787488,0.022277967430598733,3.1188837983228215,47.51948051948052,1.0968536364235466,0.04445554445554445,6.457529212778418,14.0,1.0687088300026302,0.015858687282245657,2.6479840440832074,68.53947368421052,1.1407705793126623,0.03534075573549258,6.490772113054554,14.0,0.9404717436475987,0.012978898595801506,2.331711011225294,87.78666666666666,1.1872821215189726,0.03141025641025641,6.507531861184222,13.0,0.7701564032585756,0.009540983538132417,1.9110795328392407,122.9113924050633,1.2710225417420342,0.026371308016877634,6.528683096162695,13.0,0.6616413113902765,0.008033023563048667,1.6420537431311182,153.85714285714286,1.3534969791397926,0.02381993006993007,6.539319044356286,12.0,0.5290054591860651,0.006418346276741847,1.3128861285500502,205.873417721519,1.5169757895321245,0.02148247322297955,6.551267693062122,0.16915031489044735,0.0016042954476560567,0.42046934405463426,6.581036258660706,2.1931439877376833,522.0,0.017288444040036398,2.195916164779812,0.2006544607027028,0.07343683542158352,0.2740912961249329,1.7550386646277372,0.20815726127593798,4.075360769655434,12.65,1.7551507447723764,0.1864541593513904,4.108195622903855,12.7125,0.1470095307256103,0.14689745058097103,-0.00011208014463925942,1.9165553930624957,1.9565756592000296,1.9602824419806284,-0.040020266137534066,-0.04372704891813246,S_ch
3.9,2.0,49034.0,2198.0,1.8948681083695478,0.10317133474784995,4.582413268802094,6.083882767986878,1.9935704777463426,12.739249771271728,0.09251178830318812,2.1585891620280293,1.022891079135361,0.1126787161285053,0.05406795339364182,0.3198359360806867,0.5815760717088545,1.0,14.0,2.1070770539163126,0.24080428891871317,4.9064862014127115,5.955414012738854,1.0089171974522293,0.1740976645435244,5.366755218225622,14.0,2.044174683519119,0.17462546840934773,4.848498506183776,7.917197452229299,1.0124355474673947,0.1337579617834395,5.702036748335078,14.0,1.9877894548993817,0.13778536925620985,4.762795583364138,9.859872611464969,1.0162774239207362,0.11146496815286622,5.909913593237608,1.0,1.8948681083695478,0.10317133474784995,4.582413268802094,12.739249771271728,1.022891079135361,0.09251178830318812,6.083882767986878,14.0,1.7148596268534508,0.058668959499575235,4.199145627884263,19.326923076923077,1.038113258210305,0.07211538461538461,6.2836425576262105,14.0,1.5883464988878684,0.04476602278771037,3.9037172130381057,24.94871794871795,1.0448359865407921,0.06336291913214989,6.347145763861102,14.0,1.3829244023358525,0.027122867199462695,3.4166267050404366,37.52903225806452,1.068426660417556,0.052096774193548384,6.429843266494401,14.0,1.256200693648165,0.020228195578623126,3.1101594407524775,47.92857142857143,1.087643473516049,0.04582917082917083,6.46357487453415,14.0,1.0616813489688675,0.013114880248651513,2.6345310520491916,69.36842105263158,1.1265901500445188,0.03643724696356275,6.499742222538686,14.0,0.9310529298968737,0.01004266678524388,2.3125683245643183,89.20666666666666,1.167708995360506,0.031858974358974355,6.5185854577940825,13.0,0.7611936248655056,0.00781877300725787,1.8912559026528775,124.83544303797468,1.2514636248142208,0.026898734177215184,6.534087560787556,13.0,0.6530916119456806,0.006685891414081297,1.6227001927430798,156.03896103896105,1.3346390495245322,0.025412087912087912,6.542254617395744,12.0,0.5213555030105296,0.00554559194892637,1.2950703696029342,209.13924050632912,1.4932928492904831,0.023673320350535536,6.552651740938366,0.17197462927681434,0.0003333820883621996,0.4294365000594925,6.579454007785319,2.193040208565652,515.0,0.02183803457688808,2.193593401190163,0.20147707353943264,0.08494324690636113,0.2864203204455329,1.7425360051164076,0.2048882971229092,4.0490075671066545,12.7,1.7390712461101328,0.20069937883088765,4.0466290470290005,12.7,0.15233210325314017,0.15579686225941503,0.0034647590062748534,1.910427351470281,1.946772289491157,1.9435634920518032,-0.03634493802087683,-0.03313614058152243,S_ch
3.9,3.0,49051.0,2198.0,1.8919224477523835,0.10473632097697996,4.572701637915489,6.074653544197006,1.9899724077400092,12.73284537968893,0.09286367795059469,2.156935517950805,1.0239395985736333,0.1091266050185879,0.06101127819805702,0.3204790544115248,0.6213573452329932,1.0,14.0,2.1121976399049194,0.242448763447842,4.916820954590535,5.974522292993631,1.0050955414012739,0.1709129511677282,5.376626664393696,14.0,2.065690102091798,0.1733087562548377,4.904262120847238,7.942675159235669,1.0084925690021231,0.13136942675159236,5.74704703338808,14.0,1.9882753068510322,0.13674358880911752,4.7655728839139035,9.885350318471337,1.0132696390658176,0.10955414012738851,5.915579362582719,1.0,1.8919224477523835,0.10473632097697996,4.572701637915489,12.73284537968893,1.0239395985736333,0.09286367795059469,6.074653544197006,14.0,1.7134565132145558,0.06212123462610006,4.1904594310972385,19.358974358974358,1.0381103746041827,0.07179487179487179,6.276311543524681,14.0,1.588156928149237,0.04556057075714397,3.9020514642373767,24.903846153846153,1.0485074466596207,0.06385601577909271,6.342990089341053,14.0,1.3849018017897536,0.028311384644924227,3.419787427506997,37.348387096774196,1.0754948477848705,0.052096774193548384,6.42469753450285,14.0,1.2608033153052876,0.02127469740338469,3.120096242158141,47.62987012987013,1.0964635253628348,0.04408091908091907,6.461464633759563,14.0,1.0693115963576372,0.014712894316476197,2.651209649419379,68.76973684210526,1.1380910028462021,0.03601551956815114,6.497289713260814,14.0,0.9391688591579699,0.011349381753102374,2.330898075265271,88.30666666666667,1.181065156204251,0.03230769230769231,6.513955227636506,13.0,0.7697010266253421,0.007675967592100648,1.9127386151752044,123.5126582278481,1.2655214811209472,0.02771015903927296,6.532319111274556,13.0,0.660347033336254,0.006040247217018169,1.6418072125151078,154.87662337662337,1.3449970370493385,0.02513111888111888,6.542021596582283,12.0,0.527933880455096,0.004471667248383321,1.313127200265165,207.89240506329114,1.5021201384051248,0.023450178513469654,6.5531963972145455,0.17996111940890394,0.001509023939865628,0.44763926261246134,6.5696219783370395,2.189370984799058,520.0,0.021383075523202913,2.191777483524134,0.18999366274289653,0.10216847980225019,0.2921621425478751,1.7537117323423612,0.20874369345091895,4.071163790679525,12.6625,1.7933544112053774,0.20208990715086506,4.180251167287146,12.6875,0.13821071541002228,0.09856803654700608,-0.0396426788630162,1.8662032294262028,1.9074905579554273,1.8981705358638774,-0.04128732852922417,-0.03196730643767461,S_ch
3.9,4.0,49068.0,2198.0,1.8999488770548814,0.10073790338355816,4.598765337561867,6.088041951411954,1.9957680160094655,12.646843549862764,0.09560841720036596,2.156053057812764,1.0335309869047287,0.11140769045605142,0.054460681708393834,0.311109098808779,0.8069242940502399,0.9990850869167429,14.0,2.0950326243669317,0.245167129275535,4.869830867004027,5.955414012738854,1.008917197452229,0.17409766454352438,5.333443783336052,14.0,2.050158965602609,0.17626793564180893,4.860995510543809,7.86624203821656,1.0211101000909917,0.1377388535031847,5.698647297396628,14.0,1.988656261275542,0.1452353230734459,4.7537876685786875,9.757961783439491,1.0308613891416438,0.11719745222929935,5.8802598316765735,1.0,1.8999488770548814,0.10073790338355816,4.598765337561867,12.646843549862764,1.0335309869047287,0.09560841720036596,6.088041951411954,14.0,1.7160376433738087,0.060598164507945605,4.199196861672603,19.21794871794872,1.0471537692899922,0.07339743589743589,6.272295608854748,14.0,1.5942838167966842,0.04232793902303633,3.9222176334571555,24.756410256410255,1.0548375369227774,0.0645956607495069,6.351704105171866,14.0,1.3860132658217736,0.025885143278482417,3.4262054496367105,37.303225806451614,1.0755073563999211,0.051612903225806445,6.43033816417629,14.0,1.2622429903979997,0.019148915744800734,3.1268841023777982,47.47402597402598,1.0988486270082551,0.04295704295704295,6.4655099901862085,14.0,1.070575943902169,0.012136272118810533,2.6582354515772066,68.48026315789474,1.1422527220795005,0.03500337381916329,6.500659110099622,14.0,0.942025777382276,0.009305065334652377,2.341106845453712,87.8,1.1875641963734305,0.03192307692307692,6.516517679501009,13.0,0.7738120288762603,0.006254556803164612,1.9251482369859034,122.77215189873418,1.2732750830817774,0.02876501135994806,6.534144499623789,13.0,0.6651519949991772,0.005066954026022153,1.6552795564589093,153.75324675324674,1.3552306042404352,0.025942807192807192,6.5427697743146815,12.0,0.5311473800721082,0.0038199988576880215,1.3221384518937382,206.58227848101265,1.5120442990239056,0.023145894190197983,6.55331228911165,0.18176400725696792,0.00032539584170976354,0.4539219243798551,6.58008021735956,2.1932516071726167,518.0,0.018198362147406732,2.193795863909829,0.2005431710233344,0.09889681809241857,0.2994399891156032,1.7894923905152837,0.20592560965885304,4.1648425617999285,12.725,1.725880986446969,0.21209226042750298,3.9965640754761678,12.7375,0.11045648653959761,0.17406789060791228,0.06361140406831467,1.8778806360627622,1.9287698855326687,1.9169490906446538,-0.050889249469906056,-0.039068454581891614,S_ch
3.9,5.0,49085.0,2198.0,1.9019372913143724,0.10005600680469774,4.604759218078885,6.1055470205720574,2.001830337922453,12.744281793229643,0.09135055246674642,2.1597714415364377,1.0235400997294868,0.09822923923574417,0.0561174701597635,0.2925560322409551,0.6592482072225552,1.0,14.0,2.112113146956928,0.252805526819576,4.901074577162957,5.987261146496815,1.002547770700637,0.16878980891719744,5.364563530841581,14.0,2.0629622501272498,0.1735082757905889,4.8971432116322395,7.974522292993631,1.0036396724294812,0.12818471337579618,5.750621001188985,14.0,1.9936821546973316,0.14334215109217316,4.769192160105069,9.92356687898089,1.0090991810737033,0.10636942675159233,5.922056155758234,1.0,1.9019372913143724,0.10005600680469774,4.604759218078885,12.744281793229643,1.0235400997294868,0.09135055246674642,6.1055470205720574,14.0,1.7101472693576483,0.059968842889183714,4.185414909060345,19.416666666666668,1.0333404054379287,0.06923076923076922,6.27959615759967,14.0,1.592914452334082,0.04110433429026646,3.920629629399805,25.012820512820515,1.04184908087082,0.06237672583826429,6.368045147732414,14.0,1.3852791208552624,0.02485852403387462,3.4259100160873435,37.58709677419355,1.0663681961794413,0.05112903225806451,6.442607785292936,14.0,1.2588851999822124,0.019147117990261052,3.1184923229701393,47.9025974025974,1.0874948226397925,0.0447052947052947,6.471540905213015,14.0,1.0661627264287772,0.01246435032692166,2.6467102905815607,69.29605263157895,1.1271426953051413,0.03778677462887989,6.507126347468703,14.0,0.9350174710236985,0.009931370250323994,2.3226466221837607,89.08666666666667,1.1687973765300603,0.033910256410256405,6.521383683015077,13.0,0.7649408886133815,0.006801431061633649,1.902150074941003,124.72784810126582,1.2521511335525175,0.02888672508925673,6.5401201633019905,13.0,0.6552630158965669,0.0054654685565842,1.629959336906541,156.33116883116884,1.3318977134261714,0.026535964035964036,6.54883561595438,12.0,0.5191666929305131,0.0040030000016411755,1.2919122323238208,210.65822784810126,1.482537022393331,0.024322460240181754,6.55880410107396,0.16895007683024527,0.0006048586446727455,0.421467904108604,6.575014093711882,2.191469745022403,532.0,0.022292993630573247,2.1924655168488143,0.17926156777360666,0.08785871127421885,0.26712027904775937,1.7914941244496265,0.1845467411092459,4.201915199460197,12.75,1.7424889108684092,0.20712776118791543,4.0455306353891505,12.625,0.11044316686474587,0.1594483804459632,0.049005213581217344,1.902664487308795,1.9694538411566451,1.9436594808792083,-0.06678935384785016,-0.04099499357041362,S_ch
3.95,0.0,49500.0,2198.0,1.9021859251129125,0.11632189243260543,4.5809819741333735,6.076307636245386,1.9866619146042601,12.778133577310156,0.09106904074882118,2.1709807602038427,1.0191542598907648,0.11418624846604095,0.06874951920452516,0.34936512884962345,0.5076698040218319,1.0,14.0,2.1200842574018566,0.2637600313970691,4.904570596409037,5.961783439490445,1.0076433121019108,0.173036093418259,5.346347656668566,14.0,2.0578603811749088,0.20899252156752018,4.831162170585992,7.923566878980892,1.0112223233242341,0.1337579617834395,5.657803465876706,14.0,1.9977682400636854,0.16369380591595734,4.748879891285276,9.853503184713375,1.0168082094833688,0.11273885350318469,5.8771715090359,1.0,1.9021859251129125,0.11632189243260543,4.5809819741333735,12.778133577310156,1.0191542598907648,0.09106904074882118,6.076307636245386,14.0,1.7234310548500589,0.06770410498690936,4.2070214796447845,19.397435897435898,1.0332370802572042,0.07083333333333332,6.286568101057775,14.0,1.597412229396667,0.0538035823854824,3.9128251999134442,25.01923076923077,1.0412802294324033,0.0621301775147929,6.350078978431169,14.0,1.3949850362915337,0.03263321068925038,3.4385127746949586,37.54838709677419,1.0675516687051692,0.051612903225806445,6.443067751978797,14.0,1.2700556377412788,0.023289727818713264,3.1402045026251266,47.88961038961039,1.0882770357711662,0.04507992007992007,6.482878486153546,14.0,1.0758510376326385,0.015585224639163021,2.666249757122851,69.36842105263158,1.1271202231215975,0.036605937921727394,6.520489222935038,14.0,0.9435694452130383,0.012294796184029587,2.3404814187565517,89.37333333333333,1.1664523014425645,0.033717948717948726,6.537596295947273,13.0,0.7685038224234093,0.009047642525685885,1.9076880922699948,126.0886075949367,1.2396290228241007,0.030103862382343388,6.556641882670038,13.0,0.6554616452818735,0.007440725429935268,1.6274930250597806,158.97402597402598,1.3101175591047254,0.028409090909090908,6.567575459756661,12.0,0.5195924650755529,0.005655612050833154,1.2904977446126324,214.4493670886076,1.4556937964270682,0.027263875365141188,6.579880462976044,0.18985797403246657,0.00043235940144015217,0.47399639597900617,6.6051767399611965,2.2015814601865853,525.0,0.0272975432211101,2.2022863519532963,0.1756449007913586,0.11941180982686994,0.29505671059967753,1.7794051385158554,0.19461611969606007,4.156588666745548,12.6625,1.775625585836552,0.20104422171796857,4.137497632014428,12.5875,0.12278078659705716,0.12656033927636057,0.0037795526793034107,1.8971532868229382,1.9256665356049139,1.949559950217874,-0.02851324878197576,-0.05240666339493575,S_ch
3.95,1.0,49517.0,2198.0,1.887782385903272,0.11670857127512807,4.544393107845489,6.048688481677173,1.9773266368006819,12.784995425434584,0.08959110422971357,2.1629338988780176,1.0189994639903146,0.11964216162579437,0.06468638672149651,0.34781250038567285,0.5473665850114753,1.0,14.0,2.117789578914331,0.2721125046047167,4.886305190378752,5.987261146496815,1.0031847133757963,0.16772823779193205,5.334068592432755,14.0,2.048827799426968,0.20006819478041876,4.821967206396793,7.949044585987261,1.0083712465878072,0.12977707006369427,5.665545408523703,14.0,1.9759199676909196,0.15897919540351804,4.701331126122021,9.904458598726114,1.0112223233242341,0.10828025477707004,5.853680823301357,1.0,1.887782385903272,0.11670857127512807,4.544393107845489,12.784995425434584,1.0189994639903146,0.08959110422971357,6.048688481677173,14.0,1.709872743898148,0.0713451306373898,4.167664163789285,19.46153846153846,1.0298968890300157,0.06794871794871794,6.258160070099546,14.0,1.586187147208019,0.05401948410124534,3.884438641868179,25.044871794871796,1.040500441587398,0.060157790927021684,6.331033802574393,14.0,1.3849557007087345,0.03223602022985856,3.414035221427048,37.516129032258064,1.0683116772051156,0.050806451612903224,6.425360284371764,14.0,1.2618197357878214,0.02301277128541563,3.1200301825414303,47.746753246753244,1.091200108886464,0.0432067932067932,6.466026033393769,14.0,1.0706338101772999,0.014548456027959558,2.65476184140131,68.96052631578948,1.13334709604859,0.03508771929824561,6.507011376434399,14.0,0.9379168610480381,0.010963565932731895,2.3283468037209976,88.92,1.1714732132117802,0.030769230769230767,6.526438762626813,13.0,0.7638828918751667,0.007417609889421715,1.898580814853784,125.0253164556962,1.248874968958737,0.027547874066861405,6.545039565423522,13.0,0.6512097455270266,0.005827858773410552,1.6192825756574503,157.34415584415584,1.322731622383283,0.026098901098901103,6.5554201904611835,12.0,0.51210737884062,0.004172159907400157,1.2740102072404498,211.83544303797467,1.473390582505753,0.024160175267770204,6.564512638756099,0.1735528990253973,0.0006194501056784318,0.4329530724049756,6.583452771147722,2.1942777736806813,517.0,0.020018198362147407,2.1952966551626583,0.18451295837407672,0.08940024622108922,0.2739132045934838,1.7433354998858335,0.21503466116677822,4.035786757964416,12.7375,1.7470918542933092,0.1970615699189598,4.072137280854832,12.7375,0.1444468860174386,0.14069053160996292,-0.0037563544074756816,1.8819837657643603,1.9245526222161138,1.944333290894487,-0.0425688564517534,-0.06234952513012656,S_ch
3.95,2.0,49534.0,2198.0,1.8981026669736898,0.11909287116708696,4.566617360683593,6.059594748211369,1.9801672923480942,12.752058554437328,0.09163206418467168,2.1692378016785705,1.021776317613463,0.11769466005743684,0.06850126529033616,0.3508971095580081,0.5713564446764378,1.0,14.0,2.1163818036904725,0.2752959631156417,4.878010564552716,5.955414012738854,1.0095541401273886,0.173036093418259,5.31626826179491,14.0,2.0546360855574815,0.2102898340895823,4.821155462759329,7.923566878980892,1.011525629360024,0.13296178343949044,5.650405851644303,14.0,1.999049368599896,0.1603871292916092,4.757042727562325,9.878980891719745,1.01380042462845,0.110828025477707,5.889974525495087,1.0,1.8981026669736898,0.11909287116708696,4.566617360683593,12.752058554437328,1.021776317613463,0.09163206418467168,6.059594748211369,14.0,1.7212540840075887,0.07168071487157042,4.195614137711615,19.30128205128205,1.0391114948003493,0.07275641025641026,6.266541174382101,14.0,1.5952607425506695,0.05556666558440604,3.904801858000065,24.96153846153846,1.0441693572128354,0.060650887573964495,6.33935745751508,14.0,1.3930229807278645,0.03502899699434952,3.430013956328137,37.483870967741936,1.0695956367233705,0.05032258064516129,6.432684854235608,14.0,1.2691768397834913,0.026174843090861894,3.133679834822435,47.811688311688314,1.089667760531357,0.043706293706293704,6.474010166317951,14.0,1.080122358345343,0.017315368101049843,2.6743328437117824,68.78947368421052,1.1356485116074244,0.03719635627530365,6.513815999233674,14.0,0.9495444726965987,0.013156131485697458,2.35412698451295,88.51333333333334,1.176793067308733,0.03307692307692308,6.534313916718296,13.0,0.7773050712068399,0.009124684510614576,1.929575651251178,124.34810126582279,1.2559921206950875,0.028886725089256722,6.555713399267438,13.0,0.6668921348648111,0.00734758196082727,1.656208964220787,155.9935064935065,1.3348798820457146,0.026473526473526472,6.566491455948108,12.0,0.530657583586239,0.005475935581962497,1.3184300555926538,209.34810126582278,1.4915315316860531,0.023409607270366763,6.577127941927336,0.1810689384410502,0.0009847699488130246,0.451195191179406,6.602837908792628,2.2006177129479383,524.0,0.021383075523202913,2.202255174466281,0.17839863200103337,0.10730614172431352,0.285704773727657,1.803285694389423,0.21005733029772777,4.193128240526967,12.8,1.7745180135877696,0.18969307289226287,4.1517554246310295,12.7375,0.09481697258426669,0.12358465338592017,0.028767680801653484,1.9157291143433963,1.9395502047115387,1.9514949541289306,-0.02382109036814269,-0.03576583978553466,S_ch
3.95,3.0,49551.0,2198.0,1.8954537213062328,0.12319181008079154,4.553846588144395,6.059455606405252,1.97875459877482,12.865507776761207,0.0859314518966852,2.174139588585935,1.0115251323851508,0.12437454866311687,0.07174244509728438,0.36928018089912595,0.39580328547195154,0.9995425434583715,14.0,2.1224679306135537,0.2746503271680273,4.894194335781843,5.974522292993631,1.0050955414012739,0.1709129511677282,5.333852444301551,14.0,2.062571151115979,0.20478659276184233,4.849247988647184,7.942675159235669,1.008189262966333,0.1321656050955414,5.681585817645277,14.0,1.9905400254207273,0.15995165513162643,4.736422580854378,9.898089171974522,1.0116772823779192,0.10891719745222926,5.877196822132787,1.0,1.8954537213062328,0.12319181008079154,4.553846588144395,12.865507776761207,1.0115251323851508,0.0859314518966852,6.059455606405252,14.0,1.7169022445413946,0.07406947287578787,4.181151402039804,19.641025641025642,1.0193432298695457,0.0641025641025641,6.2792067563328775,14.0,1.6015044268987184,0.05172494377146421,3.9261736515895995,25.275641025641026,1.0301496571061786,0.056952662721893484,6.377208893488189,14.0,1.391848102001684,0.031439878214808814,3.4324604376819963,38.18064516129032,1.0493506114798434,0.04661290322580645,6.464145245690741,14.0,1.2624093418295794,0.024690741543152334,3.1189872422592195,48.798701298701296,1.0675462663933768,0.040459540459540456,6.493886199436244,14.0,1.0702267119671767,0.01665012426798697,2.6505915935159607,70.63157894736842,1.1061849239054755,0.032304318488529014,6.536437250833516,14.0,0.9364049035762838,0.012796369178774919,2.3218177051725477,91.19333333333333,1.1420515149653545,0.028846153846153844,6.5567070296263195,13.0,0.7626452738697788,0.008972646592338976,1.8931542147859388,128.22151898734177,1.218135161140991,0.02482960077896786,6.578328609330949,13.0,0.651706673080548,0.007364405350627864,1.618220074675428,161.05844155844156,1.2928356833467332,0.022914585414585412,6.589576695848519,12.0,0.5185537837339502,0.005470378839135324,1.2881788910761724,215.27848101265823,1.450572675258958,0.02030590717299578,6.601994036676362,0.17304252587288466,0.001727709970589686,0.4300147497263271,6.618695306541305,2.2056558655235716,538.0,0.018198362147406732,2.208526281407472,0.17604662882389147,0.10085396305594863,0.2769005918821037,1.7633996228424706,0.2004619676235456,4.107806105670858,12.7875,1.7582500964828867,0.2079020756839677,4.083772127681264,12.7375,0.13205409846376215,0.13720362482334614,0.005149526359583989,1.9094560669857816,1.9603878852436363,1.9355296099530908,-0.05093181825785479,-0.026073542967308787,S_ch
3.95,4.0,49568.0,2198.0,1.9114391148749432,0.12034198746186461,4.598084805994561,6.0939402246998355,1.9911994124126569,12.846294602012808,0.08596664086142584,2.180910751393469,1.0136095631521067,0.10862326800241973,0.06790849006530841,0.3326733459387969,0.4765090087732256,1.0,14.0,2.1535800308159514,0.2613387885565843,4.991941894205001,5.974522292993631,1.0057324840764332,0.16985138004246284,5.424492727973858,14.0,2.0952572641722282,0.19386267816599967,4.947349143181572,7.923566878980892,1.0118289353958143,0.1321656050955414,5.762513399230652,14.0,2.0369102234432512,0.14726566506954522,4.871377061003811,9.885350318471337,1.014937822262663,0.10764331210191082,5.9902725611617145,1.0,1.9114391148749432,0.12034198746186461,4.598084805994561,12.846294602012808,1.0136095631521067,0.08596664086142584,6.0939402246998355,14.0,1.7353773227702027,0.07249577635374933,4.229699642394883,19.51923076923077,1.0267292477044798,0.06570512820512821,6.309065308865689,14.0,1.6140531835816767,0.05110561321146719,3.9584745391369895,25.108974358974358,1.037516758603715,0.0604043392504931,6.391835249289924,14.0,1.4087983005323692,0.03153093741313322,3.4746993452112234,37.68387096774194,1.0633010224591168,0.050806451612903224,6.476519751199011,14.0,1.282180192033357,0.023915372060644875,3.169577421992425,48.16233766233766,1.0813515054411844,0.04408091908091908,6.51307015447239,14.0,1.088155296759533,0.016001836677513093,2.696385486882563,69.71710526315789,1.1206579262705936,0.03559379217273954,6.550732488455949,14.0,0.9548948231790019,0.012097026480598228,2.369091518226606,89.98666666666666,1.157492638318676,0.031858974358974355,6.570979891956716,13.0,0.7776349577488072,0.008341525609287505,1.931575105958087,126.91772151898734,1.2304609956535422,0.02771015903927296,6.591042536289938,13.0,0.6679489118189155,0.0064302960447432875,1.6602268354801735,158.8896103896104,1.3103559280638846,0.025099900099900097,6.6033355845205,12.0,0.5307027795519268,0.004510485509507399,1.3199912206155557,213.31645569620252,1.463938057078828,0.023186465433300874,6.615562113230358,0.1812288507902106,0.0013755759429940895,0.4510087630610353,6.63127822877008,2.209967550942362,534.0,0.021383075523202913,2.2122388260567702,0.18362735013349896,0.10469068263293124,0.28831803276389323,1.7710343578029941,0.20968300274058332,4.113061390396611,12.725,1.793245295431135,0.19383712307219655,4.1923575539695435,12.7125,0.1404047570719491,0.11819381944380813,-0.02221093762814097,1.9339151643659187,1.9709685582500296,1.9638776301344234,-0.037053393884110296,-0.029962465768504927,S_ch
3.95,5.0,49585.0,2198.0,1.9006643971861028,0.11352383706992983,4.581375237360361,6.069482852226924,1.9853196717189978,12.70128087831656,0.09536209444718136,2.165658095134656,1.0265997116637555,0.12381431375566082,0.06614407918682456,0.3694177133484551,0.6366140179426868,1.0,14.0,2.0986313456268593,0.26627708221412294,4.847162740745964,5.936305732484076,1.0133757961783438,0.1762208067940552,5.295114376943676,14.0,2.0503644059667523,0.2002458590793845,4.825542226297806,7.885350318471337,1.0177737336973005,0.13694267515923567,5.652389164497149,14.0,1.991584156635202,0.15452923202173058,4.747166543555409,9.815286624203821,1.0213072490142554,0.11656050955414012,5.877032392976896,1.0,1.9006643971861028,0.11352383706992983,4.581375237360361,12.70128087831656,1.0265997116637555,0.09536209444718136,6.069482852226924,14.0,1.71827262833117,0.06884665539846067,4.192411587730234,19.33974358974359,1.0364543365704357,0.07532051282051282,6.2694904482961595,14.0,1.6042582577016653,0.04839305994028049,3.9380560543437424,24.858974358974358,1.0483021567804176,0.0660749506903353,6.364764795031768,14.0,1.3962855665350358,0.031324046944536256,3.4437278459207845,37.406451612903226,1.0712766256958806,0.05370967741935483,6.442494620172023,14.0,1.268789680263878,0.02375581666706003,3.1363404756591042,47.714285714285715,1.0915239149069549,0.046703296703296704,6.474564474710739,14.0,1.0766301682371324,0.016506994762440337,2.6668149284491705,68.84868421052632,1.1346580453777264,0.038039811066126854,6.5106721958840765,14.0,0.9437650678045062,0.01264900211545255,2.340439166338086,88.75333333333333,1.1734740879590388,0.03307692307692308,6.529549632274708,13.0,0.7712799599275061,0.008915288494724808,1.9148269670766782,124.4367088607595,1.2555588357561382,0.02795358649789029,6.548295278124767,13.0,0.6614242184135859,0.0069944629182252934,1.6430688516566265,155.8896103896104,1.3359224974933945,0.025849150849150845,6.5575813994929755,12.0,0.5267958452791338,0.005393477788251473,1.3088993965154572,208.5506329113924,1.4980699711236434,0.024565887698799086,6.566456133886829,0.19328885810925978,0.0017646709688214912,0.48057513881991715,6.585871032175936,2.1947021204023716,514.0,0.023202911737943584,2.1975399899425643,0.19147663326687406,0.11455196470229723,0.3060285979770736,1.7833448655440776,0.1813594363303015,4.186323009364742,12.625,1.720042783081252,0.19281102348458398,4.010890422476253,12.8,0.11731953164202524,0.1806216141048509,0.06330208246282565,1.910185534748845,1.952743706632,1.9454813462132345,-0.042558171883154826,-0.03529581146438949,S_ch
